transaction_id,customer_id,product_id,city,transaction_date,quantity,price,discount,revenue
1,642,108,Bangalore,2025-12-06,3,15000.0,0.1,40500.0
2,881,102,Bangalore,2025-07-21,5,70000.0,0.35,227500.0
3,505,109,Chennai,2025-07-11,2,65000.0,0.05,123500.0
4,794,106,Chennai,2025-10-06,2,80000.0,0.05,152000.0
5,864,108,Chennai,2025-12-12,1,15000.0,0.05,14250.0
6,181,101,Delhi,2025-07-25,5,250000.0,0.35,812500.0
7,142,101,Hyderabad,2026-03-03,2,250000.0,0.05,475000.0
8,457,102,Hyderabad,2026-02-19,1,70000.0,0.05,66500.0
9,749,110,Mumbai,2025-08-30,3,45000.0,0.3,94500.0
10,146,102,Bangalore,2025-12-16,2,70000.0,0.4,84000.0
11,946,104,Delhi,2025-12-15,4,8000.0,0.3,22400.0
12,757,106,Hyderabad,2025-06-30,3,80000.0,0.25,180000.0
13,838,109,Chennai,2025-06-14,5,65000.0,0.35,211250.0
14,117,109,Delhi,2026-02-24,5,65000.0,0.2,260000.0
15,923,109,Mumbai,2026-01-31,5,65000.0,0.25,243750.0
16,765,104,Bangalore,2025-08-20,5,8000.0,0.15,34000.0
17,570,102,Chennai,2025-05-19,3,70000.0,0.15,178500.0
18,973,108,Mumbai,2025-05-15,2,15000.0,0.15,25500.0
19,786,103,Chennai,2025-09-07,4,1300.0,0.2,4160.0
20,576,104,Delhi,2025-07-05,1,8000.0,0.15,6800.0
21,256,109,Chennai,2025-12-10,3,65000.0,0.05,185250.0
22,737,109,Delhi,2025-03-11,4,65000.0,0.4,156000.0
23,104,108,Hyderabad,2026-04-15,2,15000.0,0.25,22500.0
24,799,108,Delhi,2025-05-16,3,15000.0,0.25,33750.0
25,249,102,Bangalore,2025-08-29,1,70000.0,0.3,49000.0
26,149,106,Chennai,2026-01-28,1,80000.0,0.05,76000.0
27,927,105,Chennai,2025-11-13,5,45000.0,0.2,180000.0
28,868,107,Hyderabad,2025-11-12,1,50000.0,0.3,35000.0
29,1,109,Hyderabad,2025-06-28,2,65000.0,0.3,91000.0
30,980,106,Delhi,2025-07-10,5,80000.0,0.05,380000.0
31,455,107,Bangalore,2025-06-03,4,50000.0,0.3,140000.0
32,367,105,Delhi,2025-11-14,4,45000.0,0.4,108000.0
34,968,107,Hyderabad,2025-11-09,4,50000.0,0.15,170000.0
35,390,110,Mumbai,2025-05-25,2,45000.0,0.1,81000.0
36,528,102,Chennai,2025-07-19,2,70000.0,0.1,126000.0
37,46,103,Delhi,2026-01-07,3,1300.0,0.1,3510.0
38,437,104,Delhi,2026-01-21,1,8000.0,0.25,6000.0
39,234,104,Delhi,2025-12-01,1,8000.0,0.1,7200.0
40,391,103,Mumbai,2026-08-03,2,1300.0,0.3,1820.0
41,743,103,Delhi,2025-12-22,3,1300.0,0.1,3510.0
42,17,105,Bangalore,2025-07-11,2,45000.0,0.3,62999.99999999999
43,861,105,Bangalore,2025-05-26,5,45000.0,0.4,135000.0
44,213,104,Hyderabad,2025-05-14,3,8000.0,0.25,18000.0
45,220,104,Bangalore,2025-11-23,4,8000.0,0.15,27200.0
46,463,104,Delhi,2025-04-27,5,8000.0,0.1,36000.0
47,429,101,Delhi,2025-08-27,4,250000.0,0.1,900000.0
48,222,108,Delhi,2025-07-11,1,15000.0,0.25,11250.0
49,971,103,Chennai,2025-07-10,5,1300.0,0.2,5200.0
50,670,106,Chennai,2025-05-31,5,80000.0,0.15,340000.0
51,485,107,Delhi,2025-07-12,2,50000.0,0.1,90000.0
52,883,104,Delhi,2025-07-17,1,8000.0,0.4,4800.0
53,202,103,Delhi,2025-11-03,1,1300.0,0.15,1105.0
54,817,107,Chennai,2025-07-25,3,50000.0,0.25,112500.0
55,801,104,Delhi,2025-10-01,5,8000.0,0.3,28000.0
56,284,104,Chennai,2026-02-20,2,8000.0,0.4,9600.0
57,72,105,Chennai,2025-12-31,5,45000.0,0.2,180000.0
58,873,101,Hyderabad,2025-10-28,3,250000.0,0.15,637500.0
59,854,108,Hyderabad,2025-07-13,3,15000.0,0.15,38250.0
60,874,106,Mumbai,2025-05-20,5,80000.0,0.25,300000.0
61,507,104,Delhi,2025-12-23,2,8000.0,0.3,11200.0
62,736,104,Delhi,2025-06-07,4,8000.0,0.05,30400.0
63,182,107,Hyderabad,2026-02-25,5,50000.0,0.35,162500.0
64,341,110,Mumbai,2025-12-14,3,45000.0,0.1,121500.0
65,937,108,Mumbai,2025-04-22,2,15000.0,0.25,22500.0
66,164,104,Chennai,2025-04-16,2,8000.0,0.3,11200.0
67,188,109,Hyderabad,2026-04-04,3,65000.0,0.3,136500.0
68,603,104,Chennai,2025-09-30,4,8000.0,0.15,27200.0
69,656,104,Hyderabad,2025-08-29,1,8000.0,0.1,7200.0
70,687,110,Hyderabad,2026-04-05,1,45000.0,0.1,40500.0
71,186,105,Chennai,2026-01-23,2,45000.0,0.3,62999.99999999999
72,865,102,Hyderabad,2026-04-07,1,70000.0,0.2,56000.0
73,523,101,Chennai,2026-03-09,4,250000.0,0.1,900000.0
75,729,108,Mumbai,2025-08-10,1,15000.0,0.1,13500.0
78,874,104,Mumbai,2025-06-11,4,8000.0,0.1,28800.0
79,977,102,Chennai,2025-05-16,5,70000.0,0.3,245000.0
80,735,108,Bangalore,2025-06-20,5,15000.0,0.05,71250.0
81,704,107,Chennai,2026-04-14,5,50000.0,0.25,187500.0
82,578,101,Chennai,2025-06-18,4,250000.0,0.4,600000.0
83,11,110,Delhi,2025-06-28,3,45000.0,0.2,108000.0
84,379,105,Mumbai,2025-11-07,5,45000.0,0.2,180000.0
85,108,101,Delhi,2025-08-30,5,250000.0,0.1,1125000.0
86,427,103,Delhi,2026-01-09,4,1300.0,0.05,4940.0
87,454,102,Mumbai,2025-11-04,1,70000.0,0.15,59500.0
88,975,110,Hyderabad,2026-02-02,3,45000.0,0.2,108000.0
89,992,107,Hyderabad,2025-12-20,5,50000.0,0.15,212500.0
90,439,102,Mumbai,2026-03-24,3,70000.0,0.4,126000.0
91,645,102,Mumbai,2026-01-05,1,70000.0,0.4,42000.0
92,728,108,Chennai,2026-03-28,1,15000.0,0.05,14250.0
93,403,102,Bangalore,2025-12-16,5,70000.0,0.15,297500.0
94,50,104,Mumbai,2025-02-11,4,8000.0,0.25,24000.0
95,478,107,Mumbai,2025-07-18,1,50000.0,0.4,30000.0
96,153,110,Hyderabad,2025-12-27,1,45000.0,0.15,38250.0
98,372,105,Mumbai,2025-10-31,5,45000.0,0.15,191250.0
99,753,102,Delhi,2025-10-07,3,70000.0,0.15,178500.0
100,864,109,Chennai,2025-04-20,1,65000.0,0.15,55250.0
101,645,102,Mumbai,2026-02-19,1,70000.0,0.25,52500.0
102,1000,103,Bangalore,2025-05-30,3,1300.0,0.15,3315.0
103,909,105,Chennai,2025-09-05,3,45000.0,0.35,87750.0
104,788,107,Bangalore,2025-06-30,2,50000.0,0.15,85000.0
105,713,107,Hyderabad,2026-02-26,1,50000.0,0.05,47500.0
106,54,105,Hyderabad,2026-02-27,2,45000.0,0.05,85500.0
107,89,106,Hyderabad,2025-03-09,4,80000.0,0.35,208000.0
108,724,103,Chennai,2025-06-22,4,1300.0,0.35,3380.0
109,128,104,Bangalore,2026-02-03,3,8000.0,0.2,19200.0
110,264,107,Bangalore,2025-08-25,2,50000.0,0.2,80000.0
111,637,106,Bangalore,2026-02-18,5,80000.0,0.1,360000.0
112,381,102,Hyderabad,2025-09-14,1,70000.0,0.15,59500.0
113,286,108,Hyderabad,2026-01-12,4,15000.0,0.4,36000.0
114,484,101,Bangalore,2025-04-07,3,250000.0,0.25,562500.0
115,270,107,Chennai,2025-12-16,1,50000.0,0.1,45000.0
116,756,103,Bangalore,2025-11-22,4,1300.0,0.2,4160.0
117,937,107,Mumbai,2025-07-28,4,50000.0,0.35,130000.0
118,206,105,Chennai,2025-04-18,1,45000.0,0.4,27000.0
119,822,101,Hyderabad,2026-02-24,2,250000.0,0.25,375000.0
120,618,110,Chennai,2025-09-23,5,45000.0,0.25,168750.0
121,175,109,Hyderabad,2025-05-30,1,65000.0,0.25,48750.0
122,549,102,Bangalore,2025-05-17,4,70000.0,0.15,238000.0
123,387,110,Mumbai,2025-06-30,5,45000.0,0.3,157500.0
124,592,104,Delhi,2026-03-04,3,8000.0,0.35,15600.0
125,580,107,Chennai,2025-10-13,2,50000.0,0.25,75000.0
126,17,101,Bangalore,2026-02-25,1,250000.0,0.15,212500.0
127,115,101,Chennai,2026-03-24,1,250000.0,0.4,150000.0
128,710,101,Mumbai,2025-07-22,3,250000.0,0.3,525000.0
129,150,104,Mumbai,2026-01-17,5,8000.0,0.4,24000.0
130,149,103,Chennai,2025-11-23,1,1300.0,0.15,1105.0
131,274,107,Bangalore,2026-01-06,1,50000.0,0.15,42500.0
132,173,109,Delhi,2025-06-07,2,65000.0,0.4,78000.0
134,702,108,Delhi,2025-09-30,1,15000.0,0.05,14250.0
135,362,101,Bangalore,2025-11-25,5,250000.0,0.2,1000000.0
136,863,101,Bangalore,2025-05-24,1,250000.0,0.15,212500.0
137,38,103,Bangalore,2026-02-08,4,1300.0,0.05,4940.0
138,432,103,Mumbai,2026-02-22,4,1300.0,0.4,3120.0
139,907,109,Hyderabad,2026-02-17,4,65000.0,0.05,247000.0
140,400,101,Chennai,2025-06-09,4,250000.0,0.1,900000.0
141,180,103,Bangalore,2025-11-07,4,1300.0,0.1,4680.0
142,137,107,Mumbai,2025-09-26,1,50000.0,0.15,42500.0
143,313,107,Delhi,2026-12-04,3,50000.0,0.35,97500.0
144,718,103,Delhi,2026-03-21,2,1300.0,0.1,2340.0
145,975,109,Hyderabad,2026-01-12,3,65000.0,0.1,175500.0
146,311,103,Bangalore,2025-10-29,2,1300.0,0.1,2340.0
147,111,107,Hyderabad,2025-09-08,4,50000.0,0.35,130000.0
148,139,104,Mumbai,2025-07-09,3,8000.0,0.25,18000.0
149,644,102,Delhi,2026-04-04,4,70000.0,0.2,224000.0
150,917,105,Hyderabad,2025-04-11,2,45000.0,0.4,54000.0
151,294,101,Hyderabad,2026-04-01,1,250000.0,0.4,150000.0
152,171,105,Hyderabad,2025-06-26,1,45000.0,0.3,31500.0
153,1,108,Hyderabad,2026-04-10,3,15000.0,0.15,38250.0
154,835,102,Delhi,2026-01-31,4,70000.0,0.3,196000.0
155,363,105,Delhi,2025-06-07,3,45000.0,0.1,121500.0
156,334,109,Chennai,2025-05-11,5,65000.0,0.3,227500.0
157,39,102,Hyderabad,2026-01-03,1,70000.0,0.25,52500.0
158,892,110,Mumbai,2026-02-17,4,45000.0,0.15,153000.0
159,570,103,Chennai,2025-05-08,1,1300.0,0.2,1040.0
160,152,109,Chennai,2025-06-06,3,65000.0,0.15,165750.0
161,944,104,Delhi,2025-08-29,3,8000.0,0.1,21600.0
162,197,103,Mumbai,2025-11-15,5,1300.0,0.25,4875.0
163,256,104,Chennai,2025-10-08,2,8000.0,0.15,13600.0
164,993,109,Bangalore,2025-04-21,2,65000.0,0.2,104000.0
165,525,106,Bangalore,2025-08-09,1,80000.0,0.05,76000.0
166,976,101,Chennai,2025-11-13,5,250000.0,0.25,937500.0
167,820,103,Delhi,2026-03-09,3,1300.0,0.2,3120.0
168,92,101,Chennai,2025-06-03,5,250000.0,0.25,937500.0
169,721,102,Mumbai,2025-10-31,5,70000.0,0.35,227500.0
170,893,110,Delhi,2025-04-29,4,45000.0,0.2,144000.0
171,871,102,Chennai,2026-01-20,3,70000.0,0.2,168000.0
172,5,103,Hyderabad,2025-04-16,5,1300.0,0.3,4550.0
173,368,107,Mumbai,2026-02-20,4,50000.0,0.3,140000.0
174,97,105,Bangalore,2025-10-09,2,45000.0,0.4,54000.0
175,22,110,Chennai,2025-09-13,5,45000.0,0.05,213750.0
176,260,107,Chennai,2025-09-20,5,50000.0,0.4,150000.0
177,164,107,Chennai,2025-09-04,4,50000.0,0.05,190000.0
178,288,102,Hyderabad,2025-08-07,4,70000.0,0.35,182000.0
179,565,105,Mumbai,2025-08-08,3,45000.0,0.2,108000.0
180,500,108,Bangalore,2025-12-23,5,15000.0,0.1,67500.0
181,693,108,Delhi,2025-11-27,4,15000.0,0.4,36000.0
182,749,109,Mumbai,2025-04-21,4,65000.0,0.1,234000.0
183,348,101,Chennai,2025-08-27,5,250000.0,0.25,937500.0
184,380,102,Hyderabad,2026-02-17,3,70000.0,0.3,147000.0
185,672,106,Delhi,2025-04-27,2,80000.0,0.4,96000.0
186,545,110,Hyderabad,2026-03-07,1,45000.0,0.3,31500.0
187,996,101,Hyderabad,2026-03-18,3,250000.0,0.2,600000.0
188,200,101,Delhi,2025-11-28,2,250000.0,0.3,350000.0
189,585,102,Delhi,2025-06-29,4,70000.0,0.25,210000.0
190,843,102,Bangalore,2025-10-07,3,70000.0,0.4,126000.0
191,552,107,Hyderabad,2025-04-26,2,50000.0,0.15,85000.0
192,744,109,Chennai,2026-03-07,2,65000.0,0.05,123500.0
193,243,101,Delhi,2025-07-10,2,250000.0,0.1,450000.0
194,56,103,Bangalore,2025-10-26,5,1300.0,0.3,4550.0
195,511,102,Hyderabad,2026-12-02,5,70000.0,0.1,315000.0
196,248,109,Hyderabad,2025-10-31,5,65000.0,0.25,243750.0
197,344,101,Chennai,2025-05-29,1,250000.0,0.2,200000.0
198,263,108,Hyderabad,2026-02-20,2,15000.0,0.25,22500.0
199,628,102,Chennai,2025-09-12,3,70000.0,0.15,178500.0
200,76,105,Chennai,2025-04-27,1,45000.0,0.4,27000.0
201,951,103,Mumbai,2025-12-16,3,1300.0,0.25,2925.0
202,362,108,Bangalore,2025-05-05,5,15000.0,0.05,71250.0
203,929,103,Delhi,2025-07-26,1,1300.0,0.35,845.0
204,988,107,Delhi,2025-09-27,4,50000.0,0.2,160000.0
205,288,104,Hyderabad,2025-08-06,3,8000.0,0.25,18000.0
206,258,106,Chennai,2025-11-24,5,80000.0,0.2,320000.0
207,710,108,Mumbai,2025-05-01,1,15000.0,0.25,11250.0
208,91,101,Bangalore,2025-07-09,5,250000.0,0.4,750000.0
209,392,108,Hyderabad,2026-02-23,3,15000.0,0.25,33750.0
210,261,110,Bangalore,2026-03-26,1,45000.0,0.05,42750.0
211,576,102,Delhi,2025-12-28,4,70000.0,0.35,182000.0
212,247,101,Bangalore,2025-06-02,3,250000.0,0.3,525000.0
213,659,110,Chennai,2025-11-13,3,45000.0,0.25,101250.0
214,81,105,Chennai,2025-07-13,5,45000.0,0.15,191250.0
215,904,101,Bangalore,2026-01-25,4,250000.0,0.35,650000.0
216,796,110,Bangalore,2026-03-29,4,45000.0,0.15,153000.0
217,763,110,Delhi,2026-04-08,5,45000.0,0.15,191250.0
218,774,101,Hyderabad,2025-09-17,1,250000.0,0.05,237500.0
219,560,102,Hyderabad,2025-04-07,5,70000.0,0.3,245000.0
220,107,105,Chennai,2026-04-07,1,45000.0,0.05,42750.0
221,298,109,Delhi,2026-02-15,3,65000.0,0.05,185250.0
222,953,103,Bangalore,2025-07-20,2,1300.0,0.25,1950.0
223,189,108,Chennai,2026-01-25,5,15000.0,0.15,63750.0
224,682,106,Delhi,2025-07-03,5,80000.0,0.35,260000.0
225,987,110,Delhi,2025-09-22,5,45000.0,0.3,157500.0
226,699,109,Mumbai,2025-05-05,5,65000.0,0.4,195000.0
227,154,104,Chennai,2026-03-17,2,8000.0,0.05,15200.0
228,911,102,Delhi,2025-10-26,2,70000.0,0.2,112000.0
229,207,105,Bangalore,2025-09-18,5,45000.0,0.15,191250.0
230,417,110,Delhi,2025-06-27,1,45000.0,0.25,33750.0
231,431,103,Bangalore,2025-07-12,4,1300.0,0.25,3900.0
232,54,110,Hyderabad,2025-07-08,5,45000.0,0.25,168750.0
233,107,108,Chennai,2026-01-24,4,15000.0,0.35,39000.0
234,320,107,Hyderabad,2025-09-30,4,50000.0,0.35,130000.0
235,597,106,Bangalore,2025-08-03,1,80000.0,0.1,72000.0
236,197,109,Mumbai,2026-02-17,3,65000.0,0.15,165750.0
237,97,105,Bangalore,2026-01-22,5,45000.0,0.05,213750.0
238,747,106,Bangalore,2026-04-14,2,80000.0,0.2,128000.0
239,363,103,Delhi,2025-05-28,4,1300.0,0.15,4420.0
240,14,108,Hyderabad,2025-09-15,1,15000.0,0.25,11250.0
241,305,107,Delhi,2025-07-08,4,50000.0,0.3,140000.0
242,307,106,Chennai,2025-12-13,1,80000.0,0.2,64000.0
243,827,108,Delhi,2026-04-15,5,15000.0,0.25,56250.0
244,556,105,Mumbai,2026-02-13,2,45000.0,0.35,58500.0
245,610,106,Chennai,2025-07-16,4,80000.0,0.2,256000.0
246,114,104,Mumbai,2025-09-21,5,8000.0,0.25,30000.0
247,876,103,Chennai,2026-01-17,3,1300.0,0.25,2925.0
248,724,101,Chennai,2026-03-21,1,250000.0,0.4,150000.0
249,585,108,Delhi,2026-02-26,5,15000.0,0.2,60000.0
250,407,110,Mumbai,2025-06-26,1,45000.0,0.1,40500.0
251,588,110,Delhi,2025-06-18,4,45000.0,0.05,171000.0
252,780,101,Delhi,2025-10-27,5,250000.0,0.15,1062500.0
253,45,105,Delhi,2025-08-27,3,45000.0,0.2,108000.0
254,297,106,Delhi,2025-07-24,5,80000.0,0.2,320000.0
255,705,105,Hyderabad,2025-05-31,4,45000.0,0.4,108000.0
256,900,106,Bangalore,2025-12-11,2,80000.0,0.05,152000.0
257,596,106,Chennai,2025-08-23,3,80000.0,0.2,192000.0
258,41,109,Delhi,2026-01-16,3,65000.0,0.1,175500.0
259,41,106,Delhi,2025-05-24,1,80000.0,0.1,72000.0
260,67,109,Chennai,2025-08-20,4,65000.0,0.3,182000.0
261,425,102,Hyderabad,2026-02-28,3,70000.0,0.25,157500.0
262,102,110,Mumbai,2025-12-01,2,45000.0,0.25,67500.0
263,778,104,Mumbai,2025-12-19,2,8000.0,0.25,12000.0
264,738,104,Chennai,2025-08-04,2,8000.0,0.35,10400.0
265,217,106,Bangalore,2025-07-29,5,80000.0,0.4,240000.0
266,688,106,Mumbai,2025-06-16,1,80000.0,0.2,64000.0
267,255,102,Bangalore,2025-12-19,3,70000.0,0.25,157500.0
268,869,104,Mumbai,2025-10-04,3,8000.0,0.05,22800.0
269,571,105,Chennai,2025-07-04,5,45000.0,0.2,180000.0
270,150,109,Mumbai,2026-05-04,4,65000.0,0.05,247000.0
271,573,107,Chennai,2025-06-28,3,50000.0,0.4,90000.0
272,250,107,Mumbai,2025-05-26,3,50000.0,0.25,112500.0
273,297,106,Delhi,2026-01-26,4,80000.0,0.2,256000.0
274,835,101,Delhi,2025-08-22,5,250000.0,0.25,937500.0
275,433,103,Bangalore,2025-06-26,1,1300.0,0.1,1170.0
276,653,103,Mumbai,2025-07-14,4,1300.0,0.05,4940.0
277,667,102,Bangalore,2025-12-05,1,70000.0,0.25,52500.0
278,416,106,Bangalore,2025-08-29,5,80000.0,0.35,260000.0
279,120,106,Delhi,2025-11-21,4,80000.0,0.1,288000.0
280,929,108,Delhi,2025-06-18,5,15000.0,0.4,45000.0
281,967,109,Hyderabad,2025-11-22,2,65000.0,0.25,97500.0
282,341,106,Mumbai,2025-08-12,1,80000.0,0.05,76000.0
283,477,105,Hyderabad,2025-10-23,3,45000.0,0.3,94500.0
284,769,110,Bangalore,2025-07-11,5,45000.0,0.25,168750.0
285,398,103,Bangalore,2025-04-19,1,1300.0,0.15,1105.0
286,736,106,Delhi,2026-01-02,4,80000.0,0.1,288000.0
287,630,107,Hyderabad,2025-06-06,5,50000.0,0.25,187500.0
288,252,107,Hyderabad,2026-08-01,3,50000.0,0.35,97500.0
289,694,106,Hyderabad,2025-11-05,4,80000.0,0.35,208000.0
290,165,103,Hyderabad,2026-04-04,1,1300.0,0.4,780.0
291,961,106,Hyderabad,2026-02-12,1,80000.0,0.25,60000.0
292,879,106,Mumbai,2026-03-23,5,80000.0,0.3,280000.0
293,291,101,Mumbai,2025-05-10,1,250000.0,0.35,162500.0
294,159,106,Delhi,2025-05-11,5,80000.0,0.2,320000.0
295,296,107,Bangalore,2026-02-05,4,50000.0,0.4,120000.0
296,636,106,Mumbai,2025-12-09,3,80000.0,0.35,156000.0
297,843,109,Bangalore,2025-09-27,5,65000.0,0.4,195000.0
298,435,109,Delhi,2025-06-15,3,65000.0,0.4,117000.0
299,346,110,Bangalore,2025-01-10,4,45000.0,0.3,126000.0
300,820,102,Delhi,2026-02-07,1,70000.0,0.15,59500.0
301,204,108,Chennai,2025-06-23,5,15000.0,0.2,60000.0
302,978,103,Delhi,2025-08-23,4,1300.0,0.05,4940.0
303,891,102,Hyderabad,2025-12-07,5,70000.0,0.2,280000.0
304,21,109,Hyderabad,2026-01-12,4,65000.0,0.1,234000.0
305,313,104,Delhi,2025-10-31,3,8000.0,0.4,14400.0
306,597,101,Bangalore,2026-01-27,3,250000.0,0.05,712500.0
307,264,103,Bangalore,2025-07-22,5,1300.0,0.2,5200.0
308,4,103,Chennai,2025-06-14,1,1300.0,0.25,975.0
309,360,104,Hyderabad,2025-04-30,2,8000.0,0.25,12000.0
310,524,107,Mumbai,2026-01-20,4,50000.0,0.35,130000.0
311,619,110,Mumbai,2025-06-24,2,45000.0,0.15,76500.0
312,318,109,Bangalore,2026-01-13,5,65000.0,0.15,276250.0
313,520,101,Mumbai,2025-06-12,4,250000.0,0.4,600000.0
314,716,106,Delhi,2025-09-24,4,80000.0,0.05,304000.0
315,762,108,Mumbai,2025-09-05,3,15000.0,0.05,42750.0
316,640,101,Bangalore,2025-10-11,2,250000.0,0.3,350000.0
317,848,101,Hyderabad,2025-10-28,1,250000.0,0.25,187500.0
318,472,105,Chennai,2025-12-04,1,45000.0,0.25,33750.0
319,90,107,Chennai,2025-04-11,5,50000.0,0.35,162500.0
320,713,102,Hyderabad,2025-10-26,4,70000.0,0.2,224000.0
321,718,108,Delhi,2025-06-13,1,15000.0,0.35,9750.0
322,822,104,Hyderabad,2025-11-20,4,8000.0,0.1,28800.0
323,138,103,Bangalore,2026-03-31,4,1300.0,0.05,4940.0
324,506,108,Delhi,2025-10-13,3,15000.0,0.05,42750.0
325,176,102,Chennai,2025-11-16,5,70000.0,0.2,280000.0
326,805,102,Delhi,2025-08-12,5,70000.0,0.35,227500.0
327,599,101,Mumbai,2025-11-26,1,250000.0,0.25,187500.0
328,771,105,Bangalore,2025-03-07,4,45000.0,0.15,153000.0
329,960,104,Delhi,2025-12-26,1,8000.0,0.4,4800.0
330,6,105,Hyderabad,2025-04-26,5,45000.0,0.1,202500.0
331,381,103,Hyderabad,2025-09-09,1,1300.0,0.3,910.0
332,970,101,Delhi,2025-10-08,3,250000.0,0.4,450000.0
333,220,104,Bangalore,2025-05-20,1,8000.0,0.05,7600.0
334,55,104,Bangalore,2025-10-09,3,8000.0,0.3,16800.0
335,524,110,Mumbai,2025-12-27,2,45000.0,0.05,85500.0
336,690,105,Delhi,2025-12-26,3,45000.0,0.3,94500.0
337,393,104,Mumbai,2025-12-03,5,8000.0,0.15,34000.0
338,652,109,Delhi,2025-10-10,4,65000.0,0.1,234000.0
340,335,105,Mumbai,2025-08-19,5,45000.0,0.4,135000.0
341,471,101,Chennai,2026-03-03,5,250000.0,0.25,937500.0
342,823,109,Bangalore,2026-03-29,1,65000.0,0.3,45500.0
343,340,110,Chennai,2025-11-11,2,45000.0,0.15,76500.0
344,596,104,Chennai,2025-11-19,2,8000.0,0.2,12800.0
345,941,107,Bangalore,2025-08-23,3,50000.0,0.4,90000.0
346,183,107,Hyderabad,2025-11-20,3,50000.0,0.2,120000.0
347,415,104,Delhi,2025-11-16,5,8000.0,0.25,30000.0
348,436,101,Hyderabad,2025-10-31,4,250000.0,0.35,650000.0
349,235,102,Mumbai,2026-02-27,2,70000.0,0.15,119000.0
350,921,110,Mumbai,2026-04-07,5,45000.0,0.15,191250.0
351,252,109,Hyderabad,2026-04-09,2,65000.0,0.25,97500.0
352,991,105,Hyderabad,2025-06-24,3,45000.0,0.25,101250.0
353,775,108,Chennai,2026-05-02,3,15000.0,0.15,38250.0
354,746,102,Bangalore,2025-08-18,4,70000.0,0.1,252000.0
355,347,104,Delhi,2026-04-16,2,8000.0,0.4,9600.0
356,155,103,Hyderabad,2026-06-03,5,1300.0,0.05,6175.0
357,631,107,Bangalore,2025-10-25,4,50000.0,0.3,140000.0
358,157,104,Bangalore,2025-09-08,1,8000.0,0.1,7200.0
359,263,108,Hyderabad,2025-08-17,4,15000.0,0.15,51000.0
360,311,102,Bangalore,2025-10-24,5,70000.0,0.4,210000.0
361,916,108,Chennai,2025-06-12,5,15000.0,0.2,60000.0
362,350,109,Chennai,2025-04-20,2,65000.0,0.4,78000.0
363,329,108,Mumbai,2025-09-09,4,15000.0,0.15,51000.0
364,411,108,Hyderabad,2025-05-25,3,15000.0,0.05,42750.0
365,263,107,Hyderabad,2025-07-23,3,50000.0,0.3,105000.0
366,272,110,Delhi,2025-12-22,2,45000.0,0.25,67500.0
367,749,104,Mumbai,2025-05-19,5,8000.0,0.15,34000.0
368,129,103,Bangalore,2025-10-02,3,1300.0,0.25,2925.0
369,64,101,Mumbai,2025-06-11,5,250000.0,0.3,875000.0
370,807,102,Mumbai,2026-08-01,3,70000.0,0.15,178500.0
371,561,107,Mumbai,2025-05-15,2,50000.0,0.4,60000.0
372,650,104,Hyderabad,2025-03-09,4,8000.0,0.15,27200.0
373,553,103,Mumbai,2026-04-03,1,1300.0,0.15,1105.0
374,691,106,Mumbai,2025-07-20,3,80000.0,0.25,180000.0
375,940,104,Chennai,2025-05-25,4,8000.0,0.15,27200.0
376,687,104,Hyderabad,2025-01-11,4,8000.0,0.35,20800.0
377,617,108,Delhi,2026-02-28,1,15000.0,0.3,10500.0
378,915,101,Delhi,2026-04-02,3,250000.0,0.15,637500.0
379,629,101,Delhi,2026-03-26,4,250000.0,0.1,900000.0
380,417,104,Delhi,2026-01-27,3,8000.0,0.05,22800.0
381,263,110,Hyderabad,2026-02-21,1,45000.0,0.15,38250.0
382,538,104,Bangalore,2025-08-07,3,8000.0,0.2,19200.0
383,955,106,Bangalore,2025-12-01,4,80000.0,0.1,288000.0
384,158,109,Delhi,2025-11-20,1,65000.0,0.3,45500.0
385,550,106,Chennai,2026-03-03,2,80000.0,0.2,128000.0
386,10,108,Delhi,2026-08-02,4,15000.0,0.1,54000.0
387,808,109,Mumbai,2025-05-04,2,65000.0,0.05,123500.0
388,599,101,Mumbai,2025-06-10,1,250000.0,0.05,237500.0
389,665,101,Delhi,2026-03-29,1,250000.0,0.25,187500.0
390,926,102,Hyderabad,2025-11-30,4,70000.0,0.05,266000.0
391,361,107,Delhi,2025-08-22,5,50000.0,0.25,187500.0
392,667,105,Bangalore,2026-01-02,3,45000.0,0.15,114750.0
393,945,102,Hyderabad,2026-04-02,2,70000.0,0.25,105000.0
394,164,107,Chennai,2025-12-31,1,50000.0,0.1,45000.0
395,195,103,Bangalore,2026-03-07,1,1300.0,0.2,1040.0
396,81,109,Chennai,2025-08-09,1,65000.0,0.3,45500.0
397,994,110,Mumbai,2025-11-23,3,45000.0,0.2,108000.0
398,953,101,Bangalore,2025-06-19,2,250000.0,0.2,400000.0
399,163,102,Mumbai,2026-01-20,1,70000.0,0.3,49000.0
400,992,108,Hyderabad,2026-01-26,5,15000.0,0.2,60000.0
401,793,108,Hyderabad,2025-07-16,4,15000.0,0.2,48000.0
402,222,102,Delhi,2025-12-11,2,70000.0,0.4,84000.0
403,122,105,Delhi,2025-12-24,1,45000.0,0.25,33750.0
404,458,102,Hyderabad,2025-05-04,5,70000.0,0.25,262500.0
405,990,109,Hyderabad,2025-11-22,3,65000.0,0.05,185250.0
406,53,107,Hyderabad,2025-07-14,1,50000.0,0.1,45000.0
407,177,107,Chennai,2026-01-09,5,50000.0,0.35,162500.0
408,666,106,Mumbai,2025-06-05,1,80000.0,0.05,76000.0
409,566,108,Mumbai,2025-06-12,3,15000.0,0.15,38250.0
410,381,107,Hyderabad,2025-06-17,5,50000.0,0.3,175000.0
411,144,109,Mumbai,2025-08-17,5,65000.0,0.15,276250.0
412,126,106,Hyderabad,2025-10-17,2,80000.0,0.05,152000.0
413,109,101,Mumbai,2025-06-22,2,250000.0,0.3,350000.0
414,206,105,Chennai,2025-08-11,4,45000.0,0.05,171000.0
415,166,104,Bangalore,2026-03-18,5,8000.0,0.05,38000.0
416,9,105,Mumbai,2026-09-02,1,45000.0,0.35,29250.0
417,650,102,Hyderabad,2025-10-03,5,70000.0,0.1,315000.0
418,386,102,Chennai,2025-11-10,4,70000.0,0.1,252000.0
419,527,110,Delhi,2026-01-27,5,45000.0,0.05,213750.0
420,377,108,Mumbai,2025-06-04,4,15000.0,0.25,45000.0
421,527,109,Delhi,2025-10-27,2,65000.0,0.25,97500.0
422,762,105,Mumbai,2025-09-18,3,45000.0,0.35,87750.0
423,770,102,Mumbai,2026-03-15,1,70000.0,0.25,52500.0
424,598,108,Hyderabad,2026-02-02,1,15000.0,0.35,9750.0
425,776,107,Chennai,2026-04-09,3,50000.0,0.4,90000.0
426,630,102,Hyderabad,2025-12-28,4,70000.0,0.3,196000.0
427,135,106,Bangalore,2025-06-19,2,80000.0,0.4,96000.0
428,145,101,Delhi,2025-10-11,3,250000.0,0.25,562500.0
429,217,101,Bangalore,2025-05-14,2,250000.0,0.3,350000.0
430,606,103,Mumbai,2025-12-16,2,1300.0,0.2,2080.0
431,464,101,Mumbai,2026-02-01,1,250000.0,0.2,200000.0
432,833,107,Chennai,2025-09-23,2,50000.0,0.3,70000.0
433,554,107,Bangalore,2026-01-01,3,50000.0,0.05,142500.0
434,597,107,Bangalore,2025-09-11,3,50000.0,0.25,112500.0
435,291,102,Mumbai,2026-11-01,2,70000.0,0.05,133000.0
436,639,101,Bangalore,2025-09-07,1,250000.0,0.25,187500.0
437,82,105,Hyderabad,2025-08-08,1,45000.0,0.35,29250.0
438,504,109,Mumbai,2025-08-05,5,65000.0,0.05,308750.0
439,677,109,Mumbai,2025-06-14,4,65000.0,0.4,156000.0
440,445,110,Chennai,2026-01-01,5,45000.0,0.05,213750.0
441,701,109,Mumbai,2026-01-29,3,65000.0,0.25,146250.0
442,65,108,Mumbai,2025-12-08,3,15000.0,0.2,36000.0
443,20,103,Chennai,2026-01-01,5,1300.0,0.05,6175.0
444,905,104,Hyderabad,2025-07-08,3,8000.0,0.15,20400.0
445,68,106,Chennai,2025-11-16,2,80000.0,0.4,96000.0
446,800,104,Hyderabad,2025-07-26,3,8000.0,0.2,19200.0
447,901,102,Mumbai,2025-10-24,2,70000.0,0.05,133000.0
448,364,108,Bangalore,2026-01-28,1,15000.0,0.3,10500.0
449,939,109,Hyderabad,2025-08-10,4,65000.0,0.3,182000.0
450,76,105,Chennai,2025-09-17,2,45000.0,0.1,81000.0
451,191,105,Bangalore,2026-01-24,3,45000.0,0.4,81000.0
452,215,103,Mumbai,2025-03-07,4,1300.0,0.15,4420.0
453,382,108,Mumbai,2025-09-06,1,15000.0,0.25,11250.0
454,185,108,Mumbai,2026-01-01,1,15000.0,0.3,10500.0
455,516,108,Hyderabad,2025-11-03,4,15000.0,0.05,57000.0
456,622,108,Chennai,2025-09-11,3,15000.0,0.05,42750.0
457,985,104,Bangalore,2025-09-13,3,8000.0,0.3,16800.0
458,574,106,Bangalore,2026-02-20,2,80000.0,0.3,112000.0
459,31,102,Bangalore,2025-03-08,5,70000.0,0.35,227500.0
460,900,103,Bangalore,2025-06-10,1,1300.0,0.15,1105.0
461,196,101,Chennai,2026-04-05,5,250000.0,0.3,875000.0
462,116,102,Delhi,2025-09-17,2,70000.0,0.25,105000.0
463,121,105,Delhi,2025-10-25,2,45000.0,0.35,58500.0
464,963,104,Chennai,2026-02-16,5,8000.0,0.15,34000.0
465,425,102,Hyderabad,2025-08-13,5,70000.0,0.05,332500.0
466,97,109,Bangalore,2025-08-04,5,65000.0,0.4,195000.0
467,375,101,Chennai,2025-08-27,2,250000.0,0.3,350000.0
468,322,109,Bangalore,2026-02-28,4,65000.0,0.2,208000.0
469,902,106,Mumbai,2025-11-15,1,80000.0,0.4,48000.0
470,482,109,Chennai,2025-07-04,4,65000.0,0.05,247000.0
471,548,106,Mumbai,2026-04-03,1,80000.0,0.15,68000.0
472,147,101,Chennai,2026-03-15,4,250000.0,0.4,600000.0
473,877,109,Hyderabad,2026-01-28,3,65000.0,0.35,126750.0
474,633,103,Delhi,2025-08-01,5,1300.0,0.05,6175.0
475,666,105,Mumbai,2026-01-17,3,45000.0,0.05,128250.0
476,351,102,Bangalore,2025-04-11,2,70000.0,0.4,84000.0
477,305,101,Delhi,2025-04-24,1,250000.0,0.35,162500.0
478,182,108,Hyderabad,2025-04-22,2,15000.0,0.25,22500.0
479,181,109,Delhi,2026-04-04,5,65000.0,0.05,308750.0
480,15,101,Chennai,2025-12-07,2,250000.0,0.05,475000.0
481,724,108,Chennai,2025-06-26,5,15000.0,0.25,56250.0
482,246,101,Delhi,2025-12-25,4,250000.0,0.2,800000.0
483,853,109,Mumbai,2026-08-04,4,65000.0,0.25,195000.0
484,45,103,Delhi,2025-05-01,4,1300.0,0.05,4940.0
485,208,102,Hyderabad,2025-08-04,1,70000.0,0.3,49000.0
486,787,105,Hyderabad,2026-02-22,1,45000.0,0.3,31500.0
487,272,105,Delhi,2025-09-19,5,45000.0,0.35,146250.0
488,112,109,Mumbai,2026-03-07,1,65000.0,0.05,61750.0
489,111,104,Hyderabad,2025-04-29,5,8000.0,0.3,28000.0
490,21,110,Hyderabad,2025-05-17,4,45000.0,0.4,108000.0
491,62,102,Delhi,2026-01-17,3,70000.0,0.3,147000.0
492,741,103,Hyderabad,2025-06-05,2,1300.0,0.25,1950.0
493,840,104,Delhi,2025-08-22,1,8000.0,0.15,6800.0
494,860,101,Mumbai,2026-02-19,2,250000.0,0.2,400000.0
495,293,106,Hyderabad,2025-06-08,2,80000.0,0.1,144000.0
496,481,103,Chennai,2025-10-30,1,1300.0,0.4,780.0
497,118,107,Mumbai,2025-05-27,4,50000.0,0.2,160000.0
498,165,110,Hyderabad,2026-02-02,3,45000.0,0.2,108000.0
499,396,109,Hyderabad,2025-04-09,2,65000.0,0.25,97500.0
500,821,103,Delhi,2025-06-05,3,1300.0,0.05,3705.0
501,16,103,Bangalore,2025-05-03,3,1300.0,0.2,3120.0
502,533,101,Chennai,2025-07-05,1,250000.0,0.2,200000.0
503,434,103,Bangalore,2025-08-01,4,1300.0,0.15,4420.0
504,348,109,Chennai,2026-03-23,1,65000.0,0.15,55250.0
505,349,103,Bangalore,2026-01-20,5,1300.0,0.35,4225.0
506,757,106,Hyderabad,2025-05-31,2,80000.0,0.4,96000.0
507,560,109,Hyderabad,2025-05-21,3,65000.0,0.05,185250.0
508,514,107,Chennai,2025-04-29,5,50000.0,0.3,175000.0
509,247,101,Bangalore,2025-09-22,1,250000.0,0.1,225000.0
510,704,106,Chennai,2026-02-13,4,80000.0,0.25,240000.0
511,2,106,Delhi,2025-09-13,3,80000.0,0.4,144000.0
512,123,101,Mumbai,2025-04-30,3,250000.0,0.25,562500.0
513,233,102,Chennai,2026-02-12,1,70000.0,0.4,42000.0
514,709,103,Hyderabad,2026-04-07,4,1300.0,0.15,4420.0
515,73,109,Mumbai,2025-06-12,5,65000.0,0.25,243750.0
516,808,103,Mumbai,2025-05-29,1,1300.0,0.35,845.0
517,102,109,Mumbai,2025-05-11,2,65000.0,0.2,104000.0
518,747,110,Bangalore,2025-05-17,1,45000.0,0.1,40500.0
519,771,107,Bangalore,2025-04-19,5,50000.0,0.4,150000.0
520,225,110,Chennai,2025-08-10,4,45000.0,0.25,135000.0
521,99,104,Mumbai,2026-03-18,3,8000.0,0.25,18000.0
522,677,108,Mumbai,2025-08-28,2,15000.0,0.1,27000.0
523,220,102,Bangalore,2026-12-04,3,70000.0,0.4,126000.0
524,298,105,Delhi,2026-04-10,3,45000.0,0.2,108000.0
525,537,109,Delhi,2025-10-17,1,65000.0,0.1,58500.0
526,742,105,Delhi,2025-05-28,2,45000.0,0.35,58500.0
527,217,106,Bangalore,2025-08-24,3,80000.0,0.35,156000.0
528,503,104,Delhi,2025-11-09,3,8000.0,0.15,20400.0
529,896,104,Mumbai,2025-12-26,4,8000.0,0.35,20800.0
530,274,110,Bangalore,2025-07-19,1,45000.0,0.1,40500.0
531,853,102,Mumbai,2025-05-03,1,70000.0,0.3,49000.0
532,620,107,Mumbai,2025-06-19,4,50000.0,0.2,160000.0
533,810,101,Delhi,2025-12-19,1,250000.0,0.3,175000.0
534,420,102,Hyderabad,2026-02-24,4,70000.0,0.35,182000.0
535,586,108,Delhi,2025-05-04,1,15000.0,0.15,12750.0
536,907,102,Hyderabad,2026-05-04,1,70000.0,0.15,59500.0
537,826,109,Mumbai,2025-06-25,3,65000.0,0.4,117000.0
538,104,103,Hyderabad,2025-06-21,2,1300.0,0.05,2470.0
539,763,104,Delhi,2025-07-05,1,8000.0,0.35,5200.0
540,123,110,Mumbai,2025-07-29,2,45000.0,0.35,58500.0
541,719,104,Chennai,2025-09-18,5,8000.0,0.15,34000.0
542,240,104,Bangalore,2025-07-23,2,8000.0,0.25,12000.0
543,841,109,Delhi,2025-12-03,1,65000.0,0.1,58500.0
544,513,110,Chennai,2025-12-15,3,45000.0,0.15,114750.0
545,459,105,Mumbai,2025-05-11,2,45000.0,0.05,85500.0
546,647,107,Chennai,2025-10-23,3,50000.0,0.1,135000.0
547,227,106,Bangalore,2025-11-23,4,80000.0,0.25,240000.0
548,618,106,Chennai,2025-09-21,3,80000.0,0.1,216000.0
549,994,104,Mumbai,2025-04-19,4,8000.0,0.1,28800.0
550,990,101,Hyderabad,2025-09-23,5,250000.0,0.2,1000000.0
551,911,108,Delhi,2026-03-01,3,15000.0,0.2,36000.0
552,3,105,Delhi,2025-05-27,4,45000.0,0.2,144000.0
553,354,102,Delhi,2025-08-20,5,70000.0,0.2,280000.0
554,203,103,Hyderabad,2026-01-27,5,1300.0,0.25,4875.0
555,259,105,Hyderabad,2025-08-19,1,45000.0,0.35,29250.0
556,245,105,Delhi,2026-02-01,3,45000.0,0.05,128250.0
557,513,110,Chennai,2025-12-30,1,45000.0,0.25,33750.0
558,650,108,Hyderabad,2026-07-01,3,15000.0,0.2,36000.0
559,482,102,Chennai,2025-09-14,5,70000.0,0.35,227500.0
560,878,110,Chennai,2025-06-28,2,45000.0,0.15,76500.0
561,984,108,Bangalore,2025-11-01,3,15000.0,0.3,31500.0
562,846,101,Hyderabad,2025-01-10,3,250000.0,0.25,562500.0
563,849,110,Bangalore,2025-10-19,5,45000.0,0.35,146250.0
564,847,108,Delhi,2026-03-26,5,15000.0,0.2,60000.0
565,758,107,Chennai,2026-01-04,5,50000.0,0.4,150000.0
566,267,102,Delhi,2025-06-06,1,70000.0,0.1,63000.0
567,313,107,Delhi,2025-12-27,4,50000.0,0.05,190000.0
568,945,101,Hyderabad,2025-06-03,4,250000.0,0.35,650000.0
569,132,107,Delhi,2025-12-23,5,50000.0,0.15,212500.0
570,654,105,Chennai,2025-12-11,1,45000.0,0.15,38250.0
571,714,108,Mumbai,2025-12-25,2,15000.0,0.2,24000.0
572,989,102,Chennai,2026-01-09,1,70000.0,0.3,49000.0
573,756,104,Bangalore,2026-01-21,2,8000.0,0.4,9600.0
574,600,103,Chennai,2026-03-16,2,1300.0,0.05,2470.0
575,835,108,Delhi,2025-07-04,3,15000.0,0.3,31500.0
576,434,101,Bangalore,2026-02-07,1,250000.0,0.4,150000.0
577,620,107,Mumbai,2025-07-07,5,50000.0,0.35,162500.0
578,53,107,Hyderabad,2025-10-07,2,50000.0,0.15,85000.0
579,250,109,Mumbai,2025-06-17,1,65000.0,0.1,58500.0
580,466,108,Delhi,2026-05-02,2,15000.0,0.1,27000.0
581,440,105,Hyderabad,2025-11-24,1,45000.0,0.35,29250.0
582,500,108,Bangalore,2025-07-22,4,15000.0,0.4,36000.0
583,274,102,Bangalore,2026-04-15,1,70000.0,0.4,42000.0
584,774,107,Hyderabad,2026-01-14,3,50000.0,0.25,112500.0
585,845,109,Chennai,2026-01-08,4,65000.0,0.2,208000.0
586,940,101,Chennai,2025-08-09,5,250000.0,0.35,812500.0
587,353,102,Bangalore,2026-03-02,1,70000.0,0.35,45500.0
588,814,103,Hyderabad,2025-12-28,4,1300.0,0.15,4420.0
589,745,105,Hyderabad,2025-06-07,4,45000.0,0.35,117000.0
590,584,101,Chennai,2025-06-30,5,250000.0,0.1,1125000.0
591,965,110,Mumbai,2026-02-28,1,45000.0,0.2,36000.0
592,154,107,Chennai,2025-06-28,2,50000.0,0.3,70000.0
593,280,104,Delhi,2026-02-12,4,8000.0,0.15,27200.0
594,256,102,Chennai,2026-02-17,3,70000.0,0.3,147000.0
595,104,108,Hyderabad,2026-03-28,1,15000.0,0.05,14250.0
596,39,105,Hyderabad,2025-05-28,4,45000.0,0.25,135000.0
597,638,110,Bangalore,2025-08-08,1,45000.0,0.15,38250.0
598,205,108,Mumbai,2025-09-12,2,15000.0,0.25,22500.0
599,592,105,Delhi,2025-05-11,1,45000.0,0.4,27000.0
600,676,102,Bangalore,2025-10-26,5,70000.0,0.3,245000.0
601,468,110,Mumbai,2026-03-25,2,45000.0,0.05,85500.0
602,915,110,Delhi,2025-07-10,1,45000.0,0.1,40500.0
603,71,104,Bangalore,2025-05-03,3,8000.0,0.2,19200.0
604,754,102,Mumbai,2025-10-21,2,70000.0,0.05,133000.0
605,962,110,Mumbai,2025-12-30,2,45000.0,0.4,54000.0
606,748,107,Chennai,2026-01-09,3,50000.0,0.15,127500.0
607,339,105,Delhi,2025-12-17,4,45000.0,0.35,117000.0
608,805,107,Delhi,2026-03-20,1,50000.0,0.25,37500.0
609,37,108,Mumbai,2026-08-04,1,15000.0,0.25,11250.0
610,262,105,Mumbai,2025-06-21,5,45000.0,0.1,202500.0
611,861,101,Bangalore,2026-01-04,1,250000.0,0.15,212500.0
612,4,106,Chennai,2025-05-12,3,80000.0,0.05,228000.0
613,100,101,Delhi,2026-03-12,2,250000.0,0.35,325000.0
614,280,107,Delhi,2026-01-03,5,50000.0,0.35,162500.0
615,387,110,Mumbai,2025-12-15,4,45000.0,0.05,171000.0
616,996,110,Hyderabad,2025-12-12,5,45000.0,0.4,135000.0
617,973,102,Mumbai,2025-11-21,3,70000.0,0.25,157500.0
618,362,101,Bangalore,2025-06-04,5,250000.0,0.3,875000.0
619,775,104,Chennai,2025-12-10,3,8000.0,0.25,18000.0
620,318,107,Bangalore,2025-10-19,2,50000.0,0.05,95000.0
621,393,105,Mumbai,2025-10-12,5,45000.0,0.05,213750.0
622,215,104,Mumbai,2025-04-22,4,8000.0,0.15,27200.0
623,522,102,Hyderabad,2025-06-20,5,70000.0,0.25,262500.0
625,752,109,Chennai,2025-11-07,4,65000.0,0.35,169000.0
626,794,108,Chennai,2026-06-04,2,15000.0,0.2,24000.0
627,542,110,Chennai,2025-06-08,4,45000.0,0.4,108000.0
628,357,106,Hyderabad,2026-02-08,4,80000.0,0.4,192000.0
629,800,102,Hyderabad,2026-01-21,5,70000.0,0.4,210000.0
630,73,102,Mumbai,2025-05-31,2,70000.0,0.1,126000.0
631,620,102,Mumbai,2025-09-13,3,70000.0,0.1,189000.0
632,961,108,Hyderabad,2026-05-03,3,15000.0,0.2,36000.0
633,95,101,Bangalore,2025-09-07,3,250000.0,0.15,637500.0
634,936,104,Hyderabad,2025-12-10,5,8000.0,0.35,26000.0
635,580,106,Chennai,2026-01-01,3,80000.0,0.1,216000.0
636,757,107,Hyderabad,2025-06-30,3,50000.0,0.2,120000.0
637,799,101,Delhi,2025-06-17,4,250000.0,0.3,700000.0
638,267,101,Delhi,2025-08-27,1,250000.0,0.1,225000.0
639,844,105,Delhi,2026-03-17,3,45000.0,0.4,81000.0
640,124,108,Mumbai,2025-07-07,2,15000.0,0.35,19500.0
641,899,110,Delhi,2025-11-09,1,45000.0,0.3,31500.0
642,877,109,Hyderabad,2025-12-04,2,65000.0,0.05,123500.0
643,267,102,Delhi,2025-12-16,3,70000.0,0.15,178500.0
644,551,102,Bangalore,2026-03-13,2,70000.0,0.25,105000.0
645,948,101,Mumbai,2025-09-15,4,250000.0,0.1,900000.0
646,993,105,Bangalore,2025-04-25,4,45000.0,0.1,162000.0
647,682,104,Delhi,2025-10-27,4,8000.0,0.1,28800.0
648,74,107,Delhi,2025-04-25,1,50000.0,0.1,45000.0
649,345,103,Chennai,2025-06-13,2,1300.0,0.2,2080.0
650,821,108,Delhi,2025-07-26,1,15000.0,0.25,11250.0
651,455,108,Bangalore,2025-05-29,3,15000.0,0.2,36000.0
652,840,108,Delhi,2026-03-05,1,15000.0,0.2,12000.0
653,580,109,Chennai,2025-07-06,4,65000.0,0.2,208000.0
654,694,103,Hyderabad,2025-08-26,5,1300.0,0.15,5525.0
655,938,108,Hyderabad,2026-02-07,3,15000.0,0.2,36000.0
656,139,109,Mumbai,2025-07-12,1,65000.0,0.35,42250.0
657,330,103,Hyderabad,2025-10-06,1,1300.0,0.25,975.0
658,93,105,Mumbai,2025-04-23,3,45000.0,0.4,81000.0
659,951,108,Mumbai,2026-01-18,3,15000.0,0.1,40500.0
660,680,107,Delhi,2025-10-26,5,50000.0,0.4,150000.0
661,84,110,Bangalore,2025-11-07,5,45000.0,0.05,213750.0
662,265,105,Bangalore,2026-02-24,1,45000.0,0.2,36000.0
663,70,108,Delhi,2025-12-24,3,15000.0,0.2,36000.0
664,154,101,Chennai,2025-10-28,5,250000.0,0.15,1062500.0
665,917,101,Hyderabad,2025-08-10,4,250000.0,0.05,950000.0
666,254,101,Hyderabad,2025-10-17,1,250000.0,0.25,187500.0
667,655,104,Delhi,2025-04-23,5,8000.0,0.1,36000.0
668,552,109,Hyderabad,2025-09-26,1,65000.0,0.15,55250.0
669,645,108,Mumbai,2026-02-19,4,15000.0,0.2,48000.0
670,48,108,Chennai,2025-10-16,1,15000.0,0.2,12000.0
671,186,109,Chennai,2026-03-14,5,65000.0,0.25,243750.0
672,391,102,Mumbai,2025-10-24,3,70000.0,0.4,126000.0
673,110,105,Delhi,2025-07-13,4,45000.0,0.35,117000.0
675,351,105,Bangalore,2025-10-08,5,45000.0,0.1,202500.0
676,617,108,Delhi,2025-08-17,4,15000.0,0.1,54000.0
677,5,104,Hyderabad,2025-05-14,3,8000.0,0.35,15600.0
678,22,106,Chennai,2025-05-06,3,80000.0,0.2,192000.0
679,268,103,Mumbai,2026-10-03,4,1300.0,0.05,4940.0
680,240,107,Bangalore,2025-05-20,3,50000.0,0.15,127500.0
681,905,106,Hyderabad,2026-03-25,5,80000.0,0.3,280000.0
682,642,101,Bangalore,2026-02-17,2,250000.0,0.05,475000.0
683,205,108,Mumbai,2025-05-12,4,15000.0,0.15,51000.0
684,338,105,Delhi,2025-08-20,3,45000.0,0.35,87750.0
685,677,109,Mumbai,2025-10-11,3,65000.0,0.35,126750.0
686,519,101,Bangalore,2026-03-25,3,250000.0,0.35,487500.0
687,899,105,Delhi,2025-04-21,4,45000.0,0.4,108000.0
688,700,104,Hyderabad,2026-04-13,4,8000.0,0.4,19200.0
689,890,104,Chennai,2025-12-29,1,8000.0,0.35,5200.0
690,40,104,Hyderabad,2026-07-01,5,8000.0,0.25,30000.0
691,910,109,Bangalore,2025-11-23,4,65000.0,0.2,208000.0
692,666,106,Mumbai,2026-03-13,4,80000.0,0.25,240000.0
693,215,110,Mumbai,2025-06-18,4,45000.0,0.2,144000.0
694,378,109,Chennai,2026-01-09,4,65000.0,0.1,234000.0
695,300,107,Hyderabad,2025-04-17,2,50000.0,0.1,90000.0
696,687,105,Hyderabad,2025-08-01,1,45000.0,0.05,42750.0
697,955,108,Bangalore,2025-09-02,2,15000.0,0.35,19500.0
698,800,106,Hyderabad,2025-08-18,3,80000.0,0.15,204000.0
699,789,103,Chennai,2026-04-14,2,1300.0,0.4,1560.0
700,336,107,Chennai,2025-12-29,4,50000.0,0.3,140000.0
701,387,106,Mumbai,2025-09-25,3,80000.0,0.1,216000.0
702,570,105,Chennai,2026-02-20,5,45000.0,0.3,157500.0
703,647,109,Chennai,2025-09-03,2,65000.0,0.05,123500.0
704,654,107,Chennai,2025-09-22,1,50000.0,0.1,45000.0
705,572,108,Hyderabad,2025-12-02,1,15000.0,0.2,12000.0
706,522,105,Hyderabad,2025-11-10,3,45000.0,0.35,87750.0
707,733,106,Delhi,2025-09-08,5,80000.0,0.35,260000.0
708,203,107,Hyderabad,2026-03-16,5,50000.0,0.35,162500.0
709,306,110,Chennai,2025-09-28,2,45000.0,0.2,72000.0
710,113,101,Delhi,2026-02-28,2,250000.0,0.3,350000.0
711,15,109,Chennai,2026-01-04,5,65000.0,0.05,308750.0
712,904,108,Bangalore,2025-08-13,2,15000.0,0.3,21000.0
713,694,104,Hyderabad,2025-09-16,2,8000.0,0.05,15200.0
714,382,101,Mumbai,2025-10-21,4,250000.0,0.05,950000.0
715,7,106,Delhi,2026-02-07,5,80000.0,0.25,300000.0
716,749,104,Mumbai,2025-05-04,4,8000.0,0.15,27200.0
717,907,104,Hyderabad,2025-05-19,1,8000.0,0.4,4800.0
718,887,105,Bangalore,2026-01-23,5,45000.0,0.1,202500.0
719,13,109,Bangalore,2025-12-11,5,65000.0,0.25,243750.0
720,880,104,Chennai,2026-01-04,5,8000.0,0.4,24000.0
721,207,110,Bangalore,2025-08-12,2,45000.0,0.3,62999.99999999999
722,351,109,Bangalore,2025-05-20,5,65000.0,0.35,211250.0
723,381,101,Hyderabad,2025-08-20,2,250000.0,0.05,475000.0
724,203,110,Hyderabad,2025-11-24,1,45000.0,0.4,27000.0
725,693,108,Delhi,2025-07-09,2,15000.0,0.35,19500.0
726,446,101,Bangalore,2025-04-27,1,250000.0,0.4,150000.0
727,400,109,Chennai,2025-05-22,2,65000.0,0.2,104000.0
728,647,108,Chennai,2025-08-08,3,15000.0,0.05,42750.0
729,438,110,Mumbai,2026-02-09,1,45000.0,0.05,42750.0
730,782,106,Chennai,2026-03-22,1,80000.0,0.35,52000.0
731,913,109,Delhi,2025-12-22,2,65000.0,0.3,91000.0
732,796,103,Bangalore,2026-01-16,5,1300.0,0.1,5850.0
733,661,106,Chennai,2025-11-06,1,80000.0,0.05,76000.0
734,142,102,Hyderabad,2026-03-05,4,70000.0,0.4,168000.0
735,540,104,Delhi,2025-07-15,4,8000.0,0.2,25600.0
736,564,105,Chennai,2025-05-13,3,45000.0,0.4,81000.0
737,314,108,Hyderabad,2025-09-04,4,15000.0,0.35,39000.0
738,415,103,Delhi,2025-10-05,4,1300.0,0.15,4420.0
739,66,102,Bangalore,2025-12-29,1,70000.0,0.4,42000.0
740,600,106,Chennai,2025-09-25,4,80000.0,0.15,272000.0
741,188,109,Hyderabad,2026-03-13,4,65000.0,0.25,195000.0
742,950,107,Delhi,2026-01-23,5,50000.0,0.3,175000.0
743,81,105,Chennai,2026-02-07,5,45000.0,0.05,213750.0
744,91,104,Bangalore,2026-02-26,2,8000.0,0.1,14400.0
745,618,106,Chennai,2026-01-03,1,80000.0,0.15,68000.0
746,725,101,Bangalore,2025-09-04,5,250000.0,0.3,875000.0
747,207,109,Bangalore,2025-04-18,3,65000.0,0.3,136500.0
748,599,102,Mumbai,2025-06-19,1,70000.0,0.25,52500.0
749,256,105,Chennai,2025-06-30,3,45000.0,0.25,101250.0
750,670,103,Chennai,2025-11-29,2,1300.0,0.1,2340.0
751,406,103,Delhi,2026-03-25,5,1300.0,0.05,6175.0
752,91,103,Bangalore,2025-06-08,3,1300.0,0.2,3120.0
753,68,109,Chennai,2025-07-01,5,65000.0,0.1,292500.0
754,764,106,Mumbai,2025-10-13,1,80000.0,0.4,48000.0
755,214,101,Mumbai,2025-07-18,4,250000.0,0.05,950000.0
756,641,102,Bangalore,2026-01-16,1,70000.0,0.15,59500.0
757,918,101,Bangalore,2025-01-11,2,250000.0,0.35,325000.0
758,316,109,Delhi,2025-11-11,1,65000.0,0.15,55250.0
759,410,101,Mumbai,2025-09-25,4,250000.0,0.2,800000.0
760,680,104,Delhi,2025-05-25,1,8000.0,0.4,4800.0
761,460,106,Bangalore,2025-07-30,4,80000.0,0.25,240000.0
762,821,109,Delhi,2025-10-13,1,65000.0,0.05,61750.0
763,298,105,Delhi,2025-06-01,4,45000.0,0.35,117000.0
764,79,110,Bangalore,2025-12-06,1,45000.0,0.2,36000.0
765,960,101,Delhi,2025-12-23,2,250000.0,0.3,350000.0
766,138,108,Bangalore,2025-06-24,2,15000.0,0.3,21000.0
767,600,102,Chennai,2025-08-19,1,70000.0,0.05,66500.0
768,425,104,Hyderabad,2025-06-10,3,8000.0,0.25,18000.0
769,690,110,Delhi,2025-08-10,2,45000.0,0.3,62999.99999999999
770,229,101,Hyderabad,2025-11-17,3,250000.0,0.4,450000.0
771,293,107,Hyderabad,2026-03-11,3,50000.0,0.15,127500.0
772,343,105,Bangalore,2025-08-29,1,45000.0,0.1,40500.0
773,642,110,Bangalore,2025-07-23,5,45000.0,0.15,191250.0
774,177,103,Chennai,2025-07-05,2,1300.0,0.4,1560.0
775,942,102,Chennai,2025-06-30,3,70000.0,0.25,157500.0
776,911,103,Delhi,2025-10-27,2,1300.0,0.1,2340.0
777,419,108,Bangalore,2026-01-18,3,15000.0,0.15,38250.0
778,693,110,Delhi,2026-02-23,3,45000.0,0.1,121500.0
779,807,105,Mumbai,2025-12-16,2,45000.0,0.35,58500.0
780,904,103,Bangalore,2026-02-03,1,1300.0,0.2,1040.0
781,8,104,Hyderabad,2025-04-27,2,8000.0,0.1,14400.0
782,768,109,Chennai,2026-03-29,1,65000.0,0.2,52000.0
783,217,109,Bangalore,2026-01-13,1,65000.0,0.15,55250.0
784,890,110,Chennai,2026-03-28,1,45000.0,0.2,36000.0
785,808,108,Mumbai,2025-10-21,5,15000.0,0.15,63750.0
786,168,105,Mumbai,2026-02-11,4,45000.0,0.15,153000.0
787,578,107,Chennai,2025-11-05,3,50000.0,0.05,142500.0
788,662,105,Bangalore,2025-09-17,2,45000.0,0.15,76500.0
789,505,110,Chennai,2025-07-06,3,45000.0,0.35,87750.0
790,495,105,Hyderabad,2026-02-17,1,45000.0,0.4,27000.0
791,977,108,Chennai,2026-08-03,3,15000.0,0.35,29250.0
792,762,102,Mumbai,2026-04-13,1,70000.0,0.4,42000.0
793,408,110,Hyderabad,2025-07-21,3,45000.0,0.1,121500.0
794,420,107,Hyderabad,2025-02-09,1,50000.0,0.25,37500.0
795,186,107,Chennai,2025-10-14,4,50000.0,0.35,130000.0
796,735,104,Bangalore,2025-05-11,2,8000.0,0.3,11200.0
797,598,109,Hyderabad,2025-07-21,5,65000.0,0.35,211250.0
798,580,101,Chennai,2025-08-01,4,250000.0,0.15,850000.0
799,473,109,Hyderabad,2025-12-23,5,65000.0,0.25,243750.0
800,58,106,Hyderabad,2026-03-13,2,80000.0,0.05,152000.0
801,463,109,Delhi,2026-04-12,5,65000.0,0.15,276250.0
802,528,109,Chennai,2026-01-02,1,65000.0,0.15,55250.0
803,286,106,Hyderabad,2025-05-06,1,80000.0,0.25,60000.0
804,658,106,Bangalore,2025-10-03,2,80000.0,0.05,152000.0
805,948,108,Mumbai,2025-12-20,3,15000.0,0.15,38250.0
806,895,102,Bangalore,2025-06-06,5,70000.0,0.2,280000.0
807,172,103,Delhi,2026-02-02,5,1300.0,0.35,4225.0
808,154,101,Chennai,2025-09-28,5,250000.0,0.3,875000.0
809,493,109,Hyderabad,2025-06-26,1,65000.0,0.35,42250.0
810,671,103,Chennai,2025-11-17,2,1300.0,0.25,1950.0
811,403,109,Bangalore,2025-06-20,1,65000.0,0.2,52000.0
812,202,103,Delhi,2025-06-23,2,1300.0,0.2,2080.0
813,307,108,Chennai,2026-04-04,1,15000.0,0.4,9000.0
814,762,106,Mumbai,2025-11-07,3,80000.0,0.25,180000.0
815,262,101,Mumbai,2025-03-05,1,250000.0,0.2,200000.0
816,809,101,Bangalore,2025-06-16,1,250000.0,0.05,237500.0
817,945,103,Hyderabad,2025-12-10,1,1300.0,0.2,1040.0
818,111,107,Hyderabad,2025-05-27,4,50000.0,0.35,130000.0
819,733,108,Delhi,2025-04-22,3,15000.0,0.35,29250.0
820,880,104,Chennai,2026-01-23,3,8000.0,0.3,16800.0
821,261,106,Bangalore,2025-12-01,2,80000.0,0.2,128000.0
822,230,110,Hyderabad,2026-01-02,4,45000.0,0.35,117000.0
823,903,102,Mumbai,2025-11-14,3,70000.0,0.35,136500.0
824,406,105,Delhi,2026-04-09,1,45000.0,0.25,33750.0
825,338,103,Delhi,2025-07-03,3,1300.0,0.1,3510.0
826,104,108,Hyderabad,2026-02-05,2,15000.0,0.25,22500.0
827,516,102,Hyderabad,2025-04-30,4,70000.0,0.05,266000.0
828,743,110,Delhi,2025-06-12,3,45000.0,0.15,114750.0
829,300,107,Hyderabad,2025-10-08,3,50000.0,0.4,90000.0
830,926,103,Hyderabad,2025-07-26,1,1300.0,0.25,975.0
831,858,110,Hyderabad,2025-12-16,3,45000.0,0.15,114750.0
832,283,105,Chennai,2025-11-23,5,45000.0,0.2,180000.0
833,165,109,Hyderabad,2025-08-12,5,65000.0,0.35,211250.0
834,438,110,Mumbai,2025-07-26,3,45000.0,0.05,128250.0
835,931,103,Mumbai,2025-08-31,5,1300.0,0.35,4225.0
836,44,106,Mumbai,2026-02-07,1,80000.0,0.3,56000.0
837,62,104,Delhi,2025-09-05,1,8000.0,0.35,5200.0
838,755,105,Bangalore,2025-05-05,3,45000.0,0.3,94500.0
839,304,102,Delhi,2025-04-26,3,70000.0,0.25,157500.0
840,544,104,Mumbai,2025-08-08,5,8000.0,0.25,30000.0
842,537,104,Delhi,2026-01-08,3,8000.0,0.2,19200.0
843,966,103,Delhi,2025-08-06,5,1300.0,0.05,6175.0
844,998,102,Delhi,2025-11-15,1,70000.0,0.2,56000.0
845,117,109,Delhi,2025-06-23,4,65000.0,0.35,169000.0
846,596,106,Chennai,2026-03-27,3,80000.0,0.1,216000.0
847,232,107,Chennai,2025-11-11,1,50000.0,0.35,32500.0
848,962,106,Mumbai,2025-10-28,4,80000.0,0.1,288000.0
849,142,101,Hyderabad,2025-12-16,1,250000.0,0.3,175000.0
850,150,104,Mumbai,2025-08-07,3,8000.0,0.1,21600.0
851,922,102,Bangalore,2025-12-11,1,70000.0,0.1,63000.0
852,285,105,Chennai,2026-02-03,2,45000.0,0.3,62999.99999999999
853,850,105,Chennai,2025-08-09,3,45000.0,0.05,128250.0
854,152,104,Chennai,2025-12-29,3,8000.0,0.15,20400.0
855,560,103,Hyderabad,2025-08-22,1,1300.0,0.15,1105.0
856,965,109,Mumbai,2026-03-30,4,65000.0,0.25,195000.0
857,996,110,Hyderabad,2026-04-05,1,45000.0,0.05,42750.0
858,63,108,Mumbai,2025-08-16,2,15000.0,0.2,24000.0
859,77,108,Hyderabad,2026-01-04,3,15000.0,0.05,42750.0
860,502,109,Delhi,2026-03-02,3,65000.0,0.05,185250.0
861,894,102,Bangalore,2026-01-03,3,70000.0,0.15,178500.0
862,469,103,Delhi,2025-11-07,5,1300.0,0.15,5525.0
863,258,105,Chennai,2025-04-19,4,45000.0,0.2,144000.0
864,56,110,Bangalore,2025-12-11,4,45000.0,0.35,117000.0
865,698,110,Chennai,2026-02-19,3,45000.0,0.3,94500.0
866,974,106,Bangalore,2025-07-11,2,80000.0,0.2,128000.0
867,836,103,Chennai,2025-06-29,1,1300.0,0.35,845.0
868,447,108,Bangalore,2025-10-31,4,15000.0,0.25,45000.0
869,76,106,Chennai,2025-09-29,4,80000.0,0.4,192000.0
870,79,104,Bangalore,2026-03-09,1,8000.0,0.2,6400.0
871,874,107,Mumbai,2026-04-15,2,50000.0,0.1,90000.0
872,557,104,Hyderabad,2025-11-28,1,8000.0,0.1,7200.0
873,38,105,Bangalore,2025-06-28,3,45000.0,0.4,81000.0
874,789,110,Chennai,2025-07-06,2,45000.0,0.05,85500.0
875,430,104,Delhi,2025-12-15,3,8000.0,0.1,21600.0
876,7,104,Delhi,2025-06-28,4,8000.0,0.05,30400.0
877,84,109,Bangalore,2026-04-04,4,65000.0,0.4,156000.0
878,1,110,Hyderabad,2025-05-01,1,45000.0,0.2,36000.0
879,202,104,Delhi,2026-03-31,2,8000.0,0.4,9600.0
880,483,109,Bangalore,2025-05-18,2,65000.0,0.35,84500.0
881,985,102,Bangalore,2026-01-25,1,70000.0,0.05,66500.0
882,97,106,Bangalore,2025-01-07,3,80000.0,0.05,228000.0
883,931,110,Mumbai,2025-10-26,1,45000.0,0.15,38250.0
884,558,108,Chennai,2025-05-10,2,15000.0,0.25,22500.0
886,941,105,Bangalore,2025-09-25,1,45000.0,0.3,31500.0
887,237,109,Mumbai,2026-02-23,1,65000.0,0.4,39000.0
888,144,101,Mumbai,2025-10-30,4,250000.0,0.4,600000.0
889,383,110,Mumbai,2025-09-13,3,45000.0,0.3,94500.0
890,725,108,Bangalore,2026-01-30,1,15000.0,0.2,12000.0
891,986,104,Chennai,2025-07-30,4,8000.0,0.05,30400.0
892,925,104,Hyderabad,2025-09-20,4,8000.0,0.1,28800.0
893,838,106,Chennai,2025-12-30,4,80000.0,0.15,272000.0
894,723,103,Hyderabad,2025-07-19,4,1300.0,0.2,4160.0
895,450,102,Bangalore,2025-12-03,2,70000.0,0.15,119000.0
896,528,105,Chennai,2025-07-22,4,45000.0,0.2,144000.0
897,390,103,Mumbai,2025-10-30,4,1300.0,0.35,3380.0
898,136,108,Chennai,2025-12-24,2,15000.0,0.2,24000.0
899,194,107,Chennai,2025-09-08,4,50000.0,0.15,170000.0
900,128,104,Bangalore,2025-12-27,1,8000.0,0.05,7600.0
901,674,104,Bangalore,2026-02-09,3,8000.0,0.35,15600.0
902,109,107,Mumbai,2025-12-19,3,50000.0,0.35,97500.0
903,343,106,Bangalore,2025-11-14,3,80000.0,0.35,156000.0
904,592,103,Delhi,2025-06-15,2,1300.0,0.25,1950.0
905,816,110,Delhi,2026-01-08,5,45000.0,0.3,157500.0
906,548,106,Mumbai,2025-04-23,1,80000.0,0.2,64000.0
907,650,104,Hyderabad,2026-03-04,2,8000.0,0.25,12000.0
908,889,104,Delhi,2025-12-01,3,8000.0,0.1,21600.0
909,465,109,Hyderabad,2026-03-25,3,65000.0,0.2,156000.0
910,999,104,Hyderabad,2025-04-17,2,8000.0,0.35,10400.0
911,269,102,Chennai,2026-02-24,4,70000.0,0.1,252000.0
912,404,108,Delhi,2025-08-01,1,15000.0,0.05,14250.0
913,211,105,Hyderabad,2025-04-26,3,45000.0,0.2,108000.0
914,947,101,Mumbai,2026-05-04,2,250000.0,0.3,350000.0
915,73,103,Mumbai,2025-06-11,2,1300.0,0.2,2080.0
916,917,101,Hyderabad,2025-09-20,2,250000.0,0.15,425000.0
917,799,102,Delhi,2025-09-17,2,70000.0,0.1,126000.0
918,481,102,Chennai,2025-06-21,2,70000.0,0.1,126000.0
919,465,105,Hyderabad,2025-05-19,2,45000.0,0.35,58500.0
920,27,105,Chennai,2025-08-07,3,45000.0,0.25,101250.0
922,162,104,Hyderabad,2025-05-06,3,8000.0,0.2,19200.0
923,836,110,Chennai,2025-09-06,4,45000.0,0.4,108000.0
924,134,107,Bangalore,2025-06-02,3,50000.0,0.05,142500.0
925,187,107,Bangalore,2026-01-05,5,50000.0,0.2,200000.0
927,464,108,Mumbai,2025-04-17,5,15000.0,0.4,45000.0
928,852,110,Mumbai,2025-08-13,4,45000.0,0.15,153000.0
929,526,110,Chennai,2026-02-04,1,45000.0,0.15,38250.0
930,399,109,Chennai,2025-07-27,2,65000.0,0.4,78000.0
931,158,108,Delhi,2025-07-15,1,15000.0,0.3,10500.0
932,674,108,Bangalore,2025-09-26,1,15000.0,0.25,11250.0
933,131,106,Bangalore,2026-03-29,5,80000.0,0.25,300000.0
934,561,107,Mumbai,2025-07-10,1,50000.0,0.15,42500.0
935,436,109,Hyderabad,2025-10-17,1,65000.0,0.4,39000.0
936,356,108,Hyderabad,2025-12-13,4,15000.0,0.05,57000.0
937,989,105,Chennai,2025-09-10,4,45000.0,0.3,126000.0
938,75,107,Mumbai,2025-05-17,4,50000.0,0.35,130000.0
939,142,108,Hyderabad,2025-12-12,2,15000.0,0.35,19500.0
940,232,109,Chennai,2026-04-14,3,65000.0,0.2,156000.0
941,37,105,Mumbai,2025-10-17,5,45000.0,0.1,202500.0
942,507,106,Delhi,2025-11-27,3,80000.0,0.35,156000.0
943,981,107,Mumbai,2025-08-26,4,50000.0,0.05,190000.0
944,28,103,Chennai,2026-01-20,5,1300.0,0.1,5850.0
945,207,103,Bangalore,2025-06-28,2,1300.0,0.3,1820.0
946,207,104,Bangalore,2025-10-14,5,8000.0,0.15,34000.0
947,879,106,Mumbai,2025-10-16,3,80000.0,0.05,228000.0
948,516,102,Hyderabad,2025-11-30,2,70000.0,0.4,84000.0
949,87,101,Chennai,2025-04-20,2,250000.0,0.35,325000.0
950,205,105,Mumbai,2025-04-30,2,45000.0,0.4,54000.0
951,431,106,Bangalore,2026-02-01,1,80000.0,0.1,72000.0
952,6,106,Hyderabad,2025-07-15,4,80000.0,0.35,208000.0
953,129,106,Bangalore,2026-02-15,3,80000.0,0.4,144000.0
954,604,105,Chennai,2025-08-09,2,45000.0,0.4,54000.0
955,244,110,Chennai,2025-10-26,1,45000.0,0.15,38250.0
956,847,108,Delhi,2026-03-14,5,15000.0,0.3,52500.0
957,966,101,Delhi,2026-03-11,2,250000.0,0.05,475000.0
958,443,103,Chennai,2025-11-06,4,1300.0,0.15,4420.0
959,864,102,Chennai,2025-11-18,5,70000.0,0.3,245000.0
960,714,103,Mumbai,2025-08-24,2,1300.0,0.2,2080.0
961,584,102,Chennai,2026-04-08,5,70000.0,0.05,332500.0
962,985,104,Bangalore,2025-07-06,2,8000.0,0.15,13600.0
963,338,107,Delhi,2025-08-02,2,50000.0,0.4,60000.0
964,967,107,Hyderabad,2026-01-03,2,50000.0,0.1,90000.0
965,304,106,Delhi,2025-11-26,5,80000.0,0.1,360000.0
966,200,107,Delhi,2025-11-21,4,50000.0,0.35,130000.0
967,908,104,Hyderabad,2026-03-04,1,8000.0,0.35,5200.0
968,52,102,Mumbai,2026-08-01,2,70000.0,0.05,133000.0
969,77,106,Hyderabad,2025-06-18,2,80000.0,0.2,128000.0
970,422,103,Delhi,2026-02-02,4,1300.0,0.3,3640.0
971,757,109,Hyderabad,2025-04-24,1,65000.0,0.4,39000.0
972,625,110,Mumbai,2026-03-27,5,45000.0,0.25,168750.0
973,991,108,Hyderabad,2026-02-05,2,15000.0,0.1,27000.0
974,698,104,Chennai,2025-07-14,3,8000.0,0.35,15600.0
975,204,103,Chennai,2025-07-29,3,1300.0,0.35,2535.0
976,330,101,Hyderabad,2025-06-16,5,250000.0,0.2,1000000.0
977,303,102,Chennai,2025-07-24,5,70000.0,0.1,315000.0
978,178,105,Bangalore,2025-09-18,5,45000.0,0.2,180000.0
979,381,109,Hyderabad,2025-06-05,3,65000.0,0.25,146250.0
980,694,106,Hyderabad,2025-09-30,5,80000.0,0.1,360000.0
981,813,107,Chennai,2025-08-25,4,50000.0,0.1,180000.0
982,796,104,Bangalore,2025-09-26,3,8000.0,0.35,15600.0
983,819,105,Chennai,2026-01-30,5,45000.0,0.4,135000.0
984,398,102,Bangalore,2025-12-27,1,70000.0,0.35,45500.0
985,736,101,Delhi,2025-01-08,2,250000.0,0.2,400000.0
986,108,108,Delhi,2025-04-28,1,15000.0,0.2,12000.0
987,539,103,Bangalore,2026-01-19,1,1300.0,0.15,1105.0
988,185,102,Mumbai,2025-05-28,1,70000.0,0.35,45500.0
989,674,110,Bangalore,2025-06-20,3,45000.0,0.4,81000.0
990,777,108,Hyderabad,2025-04-19,1,15000.0,0.35,9750.0
991,704,109,Chennai,2025-11-22,2,65000.0,0.05,123500.0
992,680,110,Delhi,2026-04-03,2,45000.0,0.25,67500.0
993,287,104,Delhi,2025-04-21,1,8000.0,0.35,5200.0
994,107,101,Chennai,2025-07-31,5,250000.0,0.15,1062500.0
995,725,107,Bangalore,2026-02-16,2,50000.0,0.25,75000.0
996,274,108,Bangalore,2025-01-10,5,15000.0,0.2,60000.0
997,181,106,Delhi,2025-05-08,2,80000.0,0.25,120000.0
998,163,110,Mumbai,2026-01-04,2,45000.0,0.4,54000.0
999,222,102,Delhi,2026-03-18,3,70000.0,0.05,199500.0
1000,279,108,Hyderabad,2025-04-20,4,15000.0,0.1,54000.0
1001,384,102,Mumbai,2025-10-03,2,70000.0,0.4,84000.0
1002,822,109,Hyderabad,2025-03-12,3,65000.0,0.15,165750.0
1003,572,109,Hyderabad,2026-01-06,2,65000.0,0.15,110500.0
1004,517,104,Mumbai,2025-04-26,3,8000.0,0.4,14400.0
1005,449,101,Delhi,2025-12-28,5,250000.0,0.2,1000000.0
1006,196,104,Chennai,2026-02-27,3,8000.0,0.2,19200.0
1007,187,109,Bangalore,2025-07-07,4,65000.0,0.35,169000.0
1008,167,105,Delhi,2026-03-17,5,45000.0,0.15,191250.0
1009,9,102,Mumbai,2025-11-23,1,70000.0,0.1,63000.0
1010,660,110,Hyderabad,2026-02-26,3,45000.0,0.1,121500.0
1011,43,110,Chennai,2026-03-12,3,45000.0,0.15,114750.0
1012,650,102,Hyderabad,2026-03-29,2,70000.0,0.15,119000.0
1013,213,108,Hyderabad,2025-05-27,2,15000.0,0.3,21000.0
1014,940,106,Chennai,2025-11-18,3,80000.0,0.25,180000.0
1015,836,104,Chennai,2025-11-29,4,8000.0,0.05,30400.0
1016,66,102,Bangalore,2025-12-31,3,70000.0,0.25,157500.0
1017,953,101,Bangalore,2025-05-31,3,250000.0,0.05,712500.0
1018,731,105,Hyderabad,2025-10-28,5,45000.0,0.4,135000.0
1019,948,109,Mumbai,2025-08-09,4,65000.0,0.35,169000.0
1020,273,108,Hyderabad,2026-03-25,5,15000.0,0.4,45000.0
1021,430,110,Delhi,2025-09-12,4,45000.0,0.05,171000.0
1022,152,106,Chennai,2025-05-04,2,80000.0,0.35,104000.0
1023,393,105,Mumbai,2025-12-19,5,45000.0,0.3,157500.0
1024,565,106,Mumbai,2025-08-11,2,80000.0,0.1,144000.0
1025,901,102,Mumbai,2025-12-19,5,70000.0,0.05,332500.0
1026,290,109,Chennai,2025-10-06,5,65000.0,0.3,227500.0
1027,574,106,Bangalore,2026-02-26,5,80000.0,0.35,260000.0
1028,959,107,Chennai,2025-09-18,1,50000.0,0.1,45000.0
1029,329,107,Mumbai,2026-01-15,5,50000.0,0.05,237500.0
1030,584,106,Chennai,2025-05-17,2,80000.0,0.1,144000.0
1031,619,105,Mumbai,2025-08-17,2,45000.0,0.35,58500.0
1032,717,109,Mumbai,2025-10-06,2,65000.0,0.15,110500.0
1033,116,109,Delhi,2025-12-01,5,65000.0,0.35,211250.0
1034,467,102,Chennai,2026-02-18,1,70000.0,0.3,49000.0
1035,108,108,Delhi,2025-08-13,2,15000.0,0.3,21000.0
1036,58,103,Hyderabad,2025-10-02,2,1300.0,0.15,2210.0
1037,494,105,Chennai,2025-07-23,1,45000.0,0.3,31500.0
1038,647,110,Chennai,2025-08-24,5,45000.0,0.4,135000.0
1039,159,108,Delhi,2026-10-03,3,15000.0,0.2,36000.0
1040,750,109,Hyderabad,2025-12-03,3,65000.0,0.1,175500.0
1041,672,102,Delhi,2026-01-12,3,70000.0,0.35,136500.0
1042,993,106,Bangalore,2025-08-30,2,80000.0,0.4,96000.0
1043,398,102,Bangalore,2025-07-07,2,70000.0,0.25,105000.0
1044,567,103,Bangalore,2025-12-24,2,1300.0,0.05,2470.0
1045,348,109,Chennai,2025-08-14,5,65000.0,0.35,211250.0
1046,907,101,Hyderabad,2025-10-21,1,250000.0,0.25,187500.0
1047,977,106,Chennai,2025-04-20,3,80000.0,0.4,144000.0
1048,143,109,Chennai,2025-08-24,4,65000.0,0.15,221000.0
1049,566,102,Mumbai,2025-04-08,2,70000.0,0.35,91000.0
1050,19,109,Mumbai,2025-11-30,4,65000.0,0.05,247000.0
1051,209,104,Chennai,2025-12-17,5,8000.0,0.35,26000.0
1052,911,107,Delhi,2025-08-08,4,50000.0,0.1,180000.0
1053,714,103,Mumbai,2025-10-26,5,1300.0,0.15,5525.0
1054,898,105,Hyderabad,2025-04-19,5,45000.0,0.3,157500.0
1055,691,105,Mumbai,2026-01-20,1,45000.0,0.3,31500.0
1056,104,104,Hyderabad,2025-06-04,2,8000.0,0.2,12800.0
1057,244,101,Chennai,2025-12-31,3,250000.0,0.15,637500.0
1058,899,103,Delhi,2026-03-13,5,1300.0,0.2,5200.0
1059,473,102,Hyderabad,2025-04-25,2,70000.0,0.15,119000.0
1060,323,107,Hyderabad,2026-01-20,1,50000.0,0.3,35000.0
1061,346,108,Bangalore,2025-04-24,2,15000.0,0.3,21000.0
1062,15,109,Chennai,2026-03-16,3,65000.0,0.15,165750.0
1063,665,104,Delhi,2025-08-22,5,8000.0,0.05,38000.0
1064,208,105,Hyderabad,2026-04-04,4,45000.0,0.2,144000.0
1065,644,108,Delhi,2025-05-17,2,15000.0,0.25,22500.0
1066,87,105,Chennai,2025-05-15,1,45000.0,0.4,27000.0
1067,806,103,Chennai,2025-07-19,5,1300.0,0.35,4225.0
1068,225,103,Chennai,2025-07-22,5,1300.0,0.05,6175.0
1069,133,105,Chennai,2025-05-04,2,45000.0,0.35,58500.0
1070,420,107,Hyderabad,2026-01-01,4,50000.0,0.4,120000.0
1071,667,102,Bangalore,2026-03-16,2,70000.0,0.35,91000.0
1072,804,109,Bangalore,2025-06-16,3,65000.0,0.15,165750.0
1073,956,101,Delhi,2026-01-14,1,250000.0,0.2,200000.0
1074,746,105,Bangalore,2026-03-08,3,45000.0,0.15,114750.0
1075,951,109,Mumbai,2025-06-19,4,65000.0,0.15,221000.0
1076,842,106,Hyderabad,2025-01-11,3,80000.0,0.1,216000.0
1077,36,107,Chennai,2025-05-10,1,50000.0,0.25,37500.0
1078,422,104,Delhi,2025-12-01,5,8000.0,0.3,28000.0
1079,320,101,Hyderabad,2025-11-04,3,250000.0,0.05,712500.0
1080,419,108,Bangalore,2025-07-21,2,15000.0,0.2,24000.0
1081,533,104,Chennai,2025-11-05,4,8000.0,0.25,24000.0
1082,714,109,Mumbai,2025-09-26,3,65000.0,0.2,156000.0
1083,507,107,Delhi,2026-02-14,1,50000.0,0.05,47500.0
1084,219,109,Mumbai,2026-04-16,4,65000.0,0.3,182000.0
1085,83,101,Hyderabad,2025-04-20,1,250000.0,0.2,200000.0
1086,868,105,Hyderabad,2025-11-05,2,45000.0,0.15,76500.0
1087,673,101,Mumbai,2026-10-02,2,250000.0,0.15,425000.0
1088,807,101,Mumbai,2025-09-14,1,250000.0,0.4,150000.0
1089,810,105,Delhi,2025-05-30,5,45000.0,0.15,191250.0
1090,441,102,Bangalore,2025-11-02,1,70000.0,0.2,56000.0
1091,156,106,Chennai,2025-10-04,1,80000.0,0.05,76000.0
1092,449,110,Delhi,2025-04-20,2,45000.0,0.05,85500.0
1093,485,101,Delhi,2026-02-01,4,250000.0,0.05,950000.0
1094,516,110,Hyderabad,2026-03-23,2,45000.0,0.05,85500.0
1095,407,106,Mumbai,2025-10-05,1,80000.0,0.05,76000.0
1096,492,104,Bangalore,2025-05-02,5,8000.0,0.25,30000.0
1097,221,106,Hyderabad,2026-02-13,4,80000.0,0.1,288000.0
1098,367,103,Delhi,2025-06-10,3,1300.0,0.1,3510.0
1099,271,110,Bangalore,2025-06-25,3,45000.0,0.3,94500.0
1100,741,107,Hyderabad,2025-08-31,2,50000.0,0.4,60000.0
1101,723,107,Hyderabad,2025-09-19,1,50000.0,0.25,37500.0
1102,810,105,Delhi,2025-08-01,3,45000.0,0.4,81000.0
1103,789,105,Chennai,2026-02-15,1,45000.0,0.05,42750.0
1104,957,107,Delhi,2026-03-19,4,50000.0,0.4,120000.0
1105,475,107,Mumbai,2025-12-30,4,50000.0,0.15,170000.0
1106,204,102,Chennai,2025-11-11,3,70000.0,0.2,168000.0
1107,54,106,Hyderabad,2026-02-20,2,80000.0,0.4,96000.0
1108,466,103,Delhi,2025-04-24,3,1300.0,0.15,3315.0
1109,124,103,Mumbai,2025-02-11,4,1300.0,0.1,4680.0
1110,696,103,Mumbai,2025-09-28,4,1300.0,0.25,3900.0
1111,469,108,Delhi,2025-11-02,5,15000.0,0.4,45000.0
1112,102,102,Mumbai,2025-09-09,1,70000.0,0.25,52500.0
1113,513,110,Chennai,2025-10-21,5,45000.0,0.4,135000.0
1114,377,110,Mumbai,2025-08-13,2,45000.0,0.35,58500.0
1115,758,109,Chennai,2026-02-27,2,65000.0,0.2,104000.0
1116,469,109,Delhi,2026-02-19,2,65000.0,0.15,110500.0
1117,456,107,Chennai,2025-10-12,5,50000.0,0.25,187500.0
1118,297,101,Delhi,2025-08-07,3,250000.0,0.1,675000.0
1119,162,107,Hyderabad,2026-01-08,4,50000.0,0.15,170000.0
1120,414,107,Delhi,2025-11-28,4,50000.0,0.25,150000.0
1121,529,110,Bangalore,2025-10-18,3,45000.0,0.4,81000.0
1122,569,106,Mumbai,2026-01-09,2,80000.0,0.25,120000.0
1123,817,110,Chennai,2025-10-17,1,45000.0,0.1,40500.0
1124,174,103,Hyderabad,2025-10-29,5,1300.0,0.05,6175.0
1125,254,102,Hyderabad,2025-12-04,5,70000.0,0.1,315000.0
1126,206,103,Chennai,2026-02-03,4,1300.0,0.2,4160.0
1127,549,102,Bangalore,2025-01-06,1,70000.0,0.15,59500.0
1128,170,103,Mumbai,2025-06-27,1,1300.0,0.3,910.0
1129,282,106,Hyderabad,2026-04-07,2,80000.0,0.05,152000.0
1130,462,104,Bangalore,2025-05-19,5,8000.0,0.4,24000.0
1131,975,102,Hyderabad,2026-04-02,1,70000.0,0.3,49000.0
1132,35,107,Chennai,2026-03-27,1,50000.0,0.1,45000.0
1133,577,104,Hyderabad,2026-01-19,3,8000.0,0.05,22800.0
1134,269,104,Chennai,2025-08-21,3,8000.0,0.35,15600.0
1135,947,102,Mumbai,2025-06-25,5,70000.0,0.15,297500.0
1136,155,102,Hyderabad,2025-08-03,4,70000.0,0.15,238000.0
1137,767,103,Mumbai,2025-07-08,3,1300.0,0.05,3705.0
1138,560,109,Hyderabad,2026-02-22,4,65000.0,0.3,182000.0
1139,543,108,Hyderabad,2025-12-25,4,15000.0,0.35,39000.0
1140,240,102,Bangalore,2026-03-26,5,70000.0,0.25,262500.0
1141,968,102,Hyderabad,2026-02-14,2,70000.0,0.15,119000.0
1142,197,105,Mumbai,2025-08-23,1,45000.0,0.3,31500.0
1143,759,108,Hyderabad,2026-12-03,2,15000.0,0.4,18000.0
1144,805,109,Delhi,2025-05-08,5,65000.0,0.4,195000.0
1145,996,102,Hyderabad,2025-10-03,5,70000.0,0.1,315000.0
1146,575,109,Chennai,2025-10-28,2,65000.0,0.1,117000.0
1147,12,104,Chennai,2025-02-08,1,8000.0,0.25,6000.0
1148,907,105,Hyderabad,2025-07-06,1,45000.0,0.25,33750.0
1149,167,107,Delhi,2025-07-25,1,50000.0,0.35,32500.0
1150,745,107,Hyderabad,2025-07-21,2,50000.0,0.15,85000.0
1151,886,105,Bangalore,2025-09-06,5,45000.0,0.05,213750.0
1152,199,110,Chennai,2025-09-23,2,45000.0,0.1,81000.0
1153,759,104,Hyderabad,2025-08-04,1,8000.0,0.1,7200.0
1154,975,103,Hyderabad,2026-02-27,5,1300.0,0.4,3900.0
1155,530,109,Delhi,2025-07-26,2,65000.0,0.25,97500.0
1156,967,107,Hyderabad,2025-09-30,2,50000.0,0.1,90000.0
1157,739,102,Delhi,2026-02-11,4,70000.0,0.1,252000.0
1158,572,103,Hyderabad,2025-10-11,1,1300.0,0.2,1040.0
1159,865,106,Hyderabad,2025-05-28,4,80000.0,0.2,256000.0
1160,872,103,Mumbai,2025-08-04,4,1300.0,0.25,3900.0
1161,251,108,Chennai,2026-03-21,3,15000.0,0.1,40500.0
1162,380,101,Hyderabad,2026-06-03,4,250000.0,0.35,650000.0
1163,209,104,Chennai,2025-11-06,4,8000.0,0.4,19200.0
1164,192,101,Bangalore,2026-01-31,4,250000.0,0.2,800000.0
1165,889,110,Delhi,2026-02-08,2,45000.0,0.4,54000.0
1166,816,103,Delhi,2025-11-18,2,1300.0,0.15,2210.0
1167,509,108,Chennai,2025-05-19,2,15000.0,0.3,21000.0
1169,121,102,Delhi,2026-02-22,2,70000.0,0.4,84000.0
1170,782,103,Chennai,2026-02-24,3,1300.0,0.15,3315.0
1171,26,106,Hyderabad,2025-09-28,2,80000.0,0.25,120000.0
1172,84,110,Bangalore,2025-10-30,3,45000.0,0.25,101250.0
1173,710,104,Mumbai,2025-07-02,3,8000.0,0.4,14400.0
1174,448,106,Bangalore,2026-02-07,2,80000.0,0.4,96000.0
1175,215,105,Mumbai,2025-11-20,4,45000.0,0.25,135000.0
1176,674,106,Bangalore,2025-10-21,2,80000.0,0.1,144000.0
1177,294,105,Hyderabad,2025-10-16,4,45000.0,0.2,144000.0
1178,787,110,Hyderabad,2025-09-16,3,45000.0,0.05,128250.0
1179,682,108,Delhi,2025-10-29,1,15000.0,0.05,14250.0
1180,409,105,Bangalore,2025-06-22,4,45000.0,0.35,117000.0
1181,930,105,Chennai,2025-06-07,1,45000.0,0.2,36000.0
1182,110,104,Delhi,2026-01-20,4,8000.0,0.15,27200.0
1183,216,101,Chennai,2025-06-06,5,250000.0,0.4,750000.0
1184,563,108,Hyderabad,2026-01-12,2,15000.0,0.25,22500.0
1185,646,105,Mumbai,2026-01-21,2,45000.0,0.4,54000.0
1186,102,109,Mumbai,2025-05-14,1,65000.0,0.25,48750.0
1187,120,109,Delhi,2025-09-25,3,65000.0,0.35,126750.0
1188,614,101,Delhi,2025-09-20,1,250000.0,0.3,175000.0
1189,489,106,Hyderabad,2025-05-22,5,80000.0,0.1,360000.0
1190,457,104,Hyderabad,2025-06-27,3,8000.0,0.35,15600.0
1191,697,110,Bangalore,2026-03-14,4,45000.0,0.15,153000.0
1192,841,101,Delhi,2025-06-19,2,250000.0,0.2,400000.0
1193,140,108,Chennai,2026-03-16,2,15000.0,0.3,21000.0
1194,464,108,Mumbai,2025-06-05,5,15000.0,0.1,67500.0
1195,548,105,Mumbai,2025-12-21,5,45000.0,0.2,180000.0
1196,604,103,Chennai,2025-05-05,1,1300.0,0.25,975.0
1197,599,106,Mumbai,2025-04-16,1,80000.0,0.3,56000.0
1198,614,101,Delhi,2025-12-07,1,250000.0,0.4,150000.0
1199,992,101,Hyderabad,2026-01-20,3,250000.0,0.3,525000.0
1200,288,105,Hyderabad,2025-11-22,1,45000.0,0.35,29250.0
1201,901,103,Mumbai,2025-08-16,5,1300.0,0.4,3900.0
1202,187,103,Bangalore,2025-05-11,5,1300.0,0.1,5850.0
1203,889,103,Delhi,2025-09-25,1,1300.0,0.2,1040.0
1204,920,101,Chennai,2025-12-20,4,250000.0,0.2,800000.0
1205,663,109,Hyderabad,2025-09-22,3,65000.0,0.25,146250.0
1206,945,105,Hyderabad,2026-02-01,4,45000.0,0.1,162000.0
1207,367,103,Delhi,2026-03-29,2,1300.0,0.4,1560.0
1208,749,106,Mumbai,2025-04-17,1,80000.0,0.15,68000.0
1209,501,108,Bangalore,2025-09-01,5,15000.0,0.3,52500.0
1210,19,108,Mumbai,2026-12-02,1,15000.0,0.15,12750.0
1211,774,107,Hyderabad,2025-12-30,4,50000.0,0.15,170000.0
1212,699,106,Mumbai,2025-06-10,2,80000.0,0.3,112000.0
1213,547,105,Bangalore,2025-03-08,3,45000.0,0.4,81000.0
1214,59,101,Hyderabad,2025-09-27,5,250000.0,0.05,1187500.0
1215,723,101,Hyderabad,2025-12-11,1,250000.0,0.2,200000.0
1216,886,110,Bangalore,2025-12-11,3,45000.0,0.3,94500.0
1217,872,103,Mumbai,2025-12-13,5,1300.0,0.25,4875.0
1218,979,107,Hyderabad,2025-05-19,2,50000.0,0.3,70000.0
1220,546,105,Mumbai,2026-03-21,3,45000.0,0.25,101250.0
1221,963,103,Chennai,2025-09-15,4,1300.0,0.1,4680.0
1222,271,106,Bangalore,2026-02-28,5,80000.0,0.1,360000.0
1223,414,110,Delhi,2025-09-20,3,45000.0,0.15,114750.0
1224,391,105,Mumbai,2025-07-07,5,45000.0,0.3,157500.0
1225,898,110,Hyderabad,2026-02-27,5,45000.0,0.2,180000.0
1226,541,109,Delhi,2025-11-10,4,65000.0,0.1,234000.0
1227,514,110,Chennai,2025-07-17,3,45000.0,0.4,81000.0
1228,868,103,Hyderabad,2025-07-09,2,1300.0,0.05,2470.0
1229,746,103,Bangalore,2026-04-09,5,1300.0,0.4,3900.0
1230,119,101,Delhi,2026-11-03,1,250000.0,0.1,225000.0
1231,366,109,Mumbai,2025-06-19,2,65000.0,0.25,97500.0
1232,475,105,Mumbai,2026-02-16,4,45000.0,0.1,162000.0
1233,68,101,Chennai,2025-05-22,4,250000.0,0.05,950000.0
1234,402,104,Bangalore,2025-12-16,5,8000.0,0.2,32000.0
1235,5,106,Hyderabad,2025-04-23,2,80000.0,0.35,104000.0
1236,563,105,Hyderabad,2025-09-07,2,45000.0,0.15,76500.0
1237,798,110,Hyderabad,2025-06-30,1,45000.0,0.35,29250.0
1238,700,103,Hyderabad,2025-06-30,3,1300.0,0.1,3510.0
1239,226,107,Delhi,2025-12-22,4,50000.0,0.1,180000.0
1240,56,107,Bangalore,2026-01-30,5,50000.0,0.1,225000.0
1241,100,106,Delhi,2026-03-12,2,80000.0,0.1,144000.0
1242,945,109,Hyderabad,2025-08-12,4,65000.0,0.05,247000.0
1243,992,106,Hyderabad,2025-11-29,3,80000.0,0.05,228000.0
1244,291,108,Mumbai,2025-04-30,4,15000.0,0.25,45000.0
1245,210,108,Chennai,2025-12-23,5,15000.0,0.1,67500.0
1246,633,103,Delhi,2025-07-05,5,1300.0,0.25,4875.0
1247,603,110,Chennai,2025-07-11,1,45000.0,0.15,38250.0
1248,338,101,Delhi,2025-04-25,2,250000.0,0.25,375000.0
1249,833,105,Chennai,2025-12-31,1,45000.0,0.1,40500.0
1250,275,110,Bangalore,2025-04-27,4,45000.0,0.15,153000.0
1251,101,101,Delhi,2025-09-07,3,250000.0,0.05,712500.0
1252,353,104,Bangalore,2025-04-12,3,8000.0,0.4,14400.0
1253,84,110,Bangalore,2025-12-30,4,45000.0,0.05,171000.0
1254,619,108,Mumbai,2026-02-22,3,15000.0,0.2,36000.0
1255,537,108,Delhi,2025-06-28,3,15000.0,0.2,36000.0
1256,458,102,Hyderabad,2025-05-06,1,70000.0,0.15,59500.0
1257,582,104,Hyderabad,2025-10-22,2,8000.0,0.05,15200.0
1258,969,102,Chennai,2025-10-22,2,70000.0,0.4,84000.0
1259,458,105,Hyderabad,2025-09-26,1,45000.0,0.25,33750.0
1260,7,110,Delhi,2026-02-04,4,45000.0,0.15,153000.0
1261,980,105,Delhi,2026-10-02,4,45000.0,0.05,171000.0
1262,590,108,Bangalore,2025-07-03,1,15000.0,0.25,11250.0
1263,412,104,Hyderabad,2025-04-16,4,8000.0,0.4,19200.0
1264,159,108,Delhi,2025-12-21,3,15000.0,0.4,27000.0
1265,500,110,Bangalore,2025-11-16,1,45000.0,0.35,29250.0
1266,304,108,Delhi,2025-09-17,3,15000.0,0.35,29250.0
1267,313,108,Delhi,2026-01-20,3,15000.0,0.35,29250.0
1269,984,102,Bangalore,2026-04-11,4,70000.0,0.25,210000.0
1270,719,101,Chennai,2026-03-08,4,250000.0,0.05,950000.0
1271,283,110,Chennai,2026-01-19,2,45000.0,0.3,62999.99999999999
1272,685,108,Chennai,2025-05-12,3,15000.0,0.3,31500.0
1274,468,109,Mumbai,2025-09-18,1,65000.0,0.35,42250.0
1275,801,104,Delhi,2026-02-06,5,8000.0,0.15,34000.0
1276,816,107,Delhi,2025-08-21,2,50000.0,0.2,80000.0
1277,419,104,Bangalore,2025-09-25,4,8000.0,0.35,20800.0
1278,103,110,Delhi,2026-08-01,2,45000.0,0.15,76500.0
1279,462,104,Bangalore,2025-06-09,1,8000.0,0.25,6000.0
1280,782,110,Chennai,2026-03-27,1,45000.0,0.1,40500.0
1281,346,108,Bangalore,2025-09-23,2,15000.0,0.35,19500.0
1282,837,110,Mumbai,2025-09-11,4,45000.0,0.3,126000.0
1283,797,103,Bangalore,2025-12-28,1,1300.0,0.15,1105.0
1284,65,109,Mumbai,2026-02-20,1,65000.0,0.2,52000.0
1285,546,103,Mumbai,2025-08-10,1,1300.0,0.25,975.0
1286,518,105,Bangalore,2025-04-16,3,45000.0,0.2,108000.0
1287,600,107,Chennai,2025-11-16,1,50000.0,0.05,47500.0
1288,509,109,Chennai,2025-07-27,3,65000.0,0.1,175500.0
1289,902,103,Mumbai,2025-06-30,5,1300.0,0.1,5850.0
1290,936,103,Hyderabad,2025-04-24,4,1300.0,0.05,4940.0
1291,446,101,Bangalore,2025-10-29,5,250000.0,0.15,1062500.0
1292,762,108,Mumbai,2025-12-05,1,15000.0,0.2,12000.0
1293,981,109,Mumbai,2025-08-14,3,65000.0,0.3,136500.0
1294,636,103,Mumbai,2025-11-11,3,1300.0,0.4,2340.0
1295,820,109,Delhi,2026-12-01,5,65000.0,0.15,276250.0
1296,791,110,Hyderabad,2026-02-04,2,45000.0,0.35,58500.0
1297,393,102,Mumbai,2026-04-06,2,70000.0,0.4,84000.0
1298,640,108,Bangalore,2025-12-24,1,15000.0,0.2,12000.0
1299,628,110,Chennai,2025-04-23,5,45000.0,0.4,135000.0
1300,291,107,Mumbai,2025-09-03,4,50000.0,0.3,140000.0
1301,59,106,Hyderabad,2025-07-11,1,80000.0,0.15,68000.0
1302,865,108,Hyderabad,2025-07-01,3,15000.0,0.25,33750.0
1303,640,108,Bangalore,2025-12-30,5,15000.0,0.1,67500.0
1304,219,108,Mumbai,2025-11-25,1,15000.0,0.3,10500.0
1305,326,110,Delhi,2025-09-14,4,45000.0,0.35,117000.0
1306,984,110,Bangalore,2026-02-08,3,45000.0,0.35,87750.0
1307,667,101,Bangalore,2025-06-06,3,250000.0,0.25,562500.0
1308,581,107,Delhi,2025-08-29,4,50000.0,0.2,160000.0
1309,139,101,Mumbai,2025-07-23,3,250000.0,0.2,600000.0
1310,341,107,Mumbai,2025-11-17,3,50000.0,0.35,97500.0
1311,949,109,Bangalore,2025-05-28,1,65000.0,0.05,61750.0
1312,221,102,Hyderabad,2025-11-30,2,70000.0,0.1,126000.0
1313,968,106,Hyderabad,2026-01-14,4,80000.0,0.05,304000.0
1314,412,108,Hyderabad,2026-03-27,1,15000.0,0.2,12000.0
1315,362,101,Bangalore,2026-02-28,1,250000.0,0.1,225000.0
1316,359,110,Delhi,2026-03-29,2,45000.0,0.25,67500.0
1317,103,102,Delhi,2025-12-03,5,70000.0,0.15,297500.0
1318,300,104,Hyderabad,2026-07-04,1,8000.0,0.05,7600.0
1319,873,107,Hyderabad,2025-12-23,3,50000.0,0.05,142500.0
1320,773,107,Mumbai,2026-03-01,2,50000.0,0.15,85000.0
1321,290,105,Chennai,2025-12-21,3,45000.0,0.25,101250.0
1322,145,103,Delhi,2026-04-02,4,1300.0,0.2,4160.0
1323,244,110,Chennai,2026-10-04,5,45000.0,0.25,168750.0
1324,22,110,Chennai,2026-02-07,3,45000.0,0.25,101250.0
1325,487,105,Hyderabad,2025-04-17,3,45000.0,0.15,114750.0
1326,628,109,Chennai,2025-12-08,1,65000.0,0.25,48750.0
1327,185,103,Mumbai,2025-06-02,1,1300.0,0.2,1040.0
1328,327,109,Delhi,2025-10-29,5,65000.0,0.05,308750.0
1329,103,105,Delhi,2026-01-22,2,45000.0,0.4,54000.0
1330,644,101,Delhi,2025-06-10,2,250000.0,0.05,475000.0
1331,432,110,Mumbai,2025-08-12,2,45000.0,0.05,85500.0
1332,319,104,Delhi,2025-08-26,4,8000.0,0.25,24000.0
1333,772,107,Hyderabad,2025-11-20,1,50000.0,0.1,45000.0
1334,521,105,Hyderabad,2025-02-09,4,45000.0,0.1,162000.0
1335,11,102,Delhi,2026-02-18,2,70000.0,0.35,91000.0
1336,435,105,Delhi,2025-09-19,2,45000.0,0.05,85500.0
1337,188,105,Hyderabad,2026-01-22,4,45000.0,0.2,144000.0
1338,952,105,Chennai,2025-04-19,1,45000.0,0.05,42750.0
1339,70,102,Delhi,2025-12-07,4,70000.0,0.4,168000.0
1340,936,106,Hyderabad,2025-08-03,1,80000.0,0.35,52000.0
1341,683,108,Mumbai,2025-07-23,5,15000.0,0.3,52500.0
1342,558,104,Chennai,2025-06-23,1,8000.0,0.4,4800.0
1343,124,109,Mumbai,2025-07-10,5,65000.0,0.15,276250.0
1344,8,109,Hyderabad,2026-02-04,5,65000.0,0.15,276250.0
1345,971,101,Chennai,2025-06-10,4,250000.0,0.05,950000.0
1346,224,109,Mumbai,2025-10-05,4,65000.0,0.1,234000.0
1347,454,101,Mumbai,2025-08-04,4,250000.0,0.3,700000.0
1348,307,109,Chennai,2026-02-02,1,65000.0,0.4,39000.0
1349,136,102,Chennai,2026-01-24,2,70000.0,0.4,84000.0
1350,949,110,Bangalore,2025-07-18,1,45000.0,0.2,36000.0
1351,628,106,Chennai,2025-08-25,4,80000.0,0.05,304000.0
1352,320,101,Hyderabad,2025-05-16,4,250000.0,0.15,850000.0
1353,660,106,Hyderabad,2025-11-19,1,80000.0,0.3,56000.0
1354,634,103,Mumbai,2026-01-01,1,1300.0,0.1,1170.0
1355,813,108,Chennai,2025-12-23,1,15000.0,0.35,9750.0
1356,156,105,Chennai,2025-11-26,3,45000.0,0.2,108000.0
1357,290,108,Chennai,2025-10-06,5,15000.0,0.1,67500.0
1358,129,106,Bangalore,2026-03-02,2,80000.0,0.2,128000.0
1359,82,109,Hyderabad,2026-06-02,3,65000.0,0.05,185250.0
1360,36,101,Chennai,2026-04-15,4,250000.0,0.35,650000.0
1361,311,110,Bangalore,2025-08-13,2,45000.0,0.2,72000.0
1362,688,107,Mumbai,2025-05-25,3,50000.0,0.2,120000.0
1363,408,101,Hyderabad,2026-04-08,1,250000.0,0.15,212500.0
1364,152,101,Chennai,2025-06-10,1,250000.0,0.3,175000.0
1365,56,107,Bangalore,2026-04-16,4,50000.0,0.35,130000.0
1366,291,109,Mumbai,2026-05-02,3,65000.0,0.4,117000.0
1367,452,105,Hyderabad,2026-03-15,4,45000.0,0.2,144000.0
1368,570,101,Chennai,2025-08-04,3,250000.0,0.35,487500.0
1369,933,108,Bangalore,2025-09-06,2,15000.0,0.35,19500.0
1370,295,110,Mumbai,2025-07-09,1,45000.0,0.05,42750.0
1371,799,101,Delhi,2026-08-03,1,250000.0,0.05,237500.0
1372,367,105,Delhi,2025-07-22,4,45000.0,0.3,126000.0
1373,878,110,Chennai,2025-03-06,4,45000.0,0.1,162000.0
1374,806,101,Chennai,2025-12-04,4,250000.0,0.15,850000.0
1375,289,106,Bangalore,2025-05-07,5,80000.0,0.25,300000.0
1376,383,108,Mumbai,2026-03-28,3,15000.0,0.2,36000.0
1377,693,101,Delhi,2025-05-29,3,250000.0,0.05,712500.0
1378,622,102,Chennai,2025-11-29,2,70000.0,0.1,126000.0
1379,100,105,Delhi,2026-02-17,4,45000.0,0.4,108000.0
1380,425,110,Hyderabad,2025-05-17,3,45000.0,0.2,108000.0
1381,228,106,Hyderabad,2025-01-05,5,80000.0,0.15,340000.0
1382,445,103,Chennai,2025-08-18,5,1300.0,0.4,3900.0
1383,610,109,Chennai,2025-11-11,3,65000.0,0.1,175500.0
1384,32,101,Mumbai,2025-09-21,4,250000.0,0.2,800000.0
1385,517,106,Mumbai,2025-05-05,1,80000.0,0.1,72000.0
1386,389,107,Bangalore,2026-01-19,3,50000.0,0.3,105000.0
1387,840,107,Delhi,2025-06-13,4,50000.0,0.15,170000.0
1388,638,104,Bangalore,2025-06-16,2,8000.0,0.25,12000.0
1389,178,109,Bangalore,2026-01-19,1,65000.0,0.05,61750.0
1390,288,108,Hyderabad,2026-06-02,2,15000.0,0.05,28500.0
1391,281,104,Bangalore,2025-06-15,3,8000.0,0.2,19200.0
1392,266,108,Mumbai,2025-04-27,2,15000.0,0.35,19500.0
1393,395,105,Mumbai,2026-01-18,5,45000.0,0.1,202500.0
1394,469,103,Delhi,2026-03-26,4,1300.0,0.4,3120.0
1395,180,103,Bangalore,2025-12-01,1,1300.0,0.35,845.0
1396,537,106,Delhi,2026-12-03,4,80000.0,0.05,304000.0
1397,812,106,Hyderabad,2026-02-15,3,80000.0,0.2,192000.0
1398,29,102,Hyderabad,2025-06-11,1,70000.0,0.15,59500.0
1399,38,109,Bangalore,2025-07-20,5,65000.0,0.15,276250.0
1400,151,103,Delhi,2025-12-12,1,1300.0,0.25,975.0
1401,52,108,Mumbai,2025-12-06,2,15000.0,0.05,28500.0
1402,865,103,Hyderabad,2026-02-24,1,1300.0,0.05,1235.0
1403,553,103,Mumbai,2026-03-29,3,1300.0,0.4,2340.0
1404,387,110,Mumbai,2025-10-18,2,45000.0,0.3,62999.99999999999
1405,323,109,Hyderabad,2026-04-04,5,65000.0,0.25,243750.0
1406,572,108,Hyderabad,2026-02-08,4,15000.0,0.4,36000.0
1407,181,107,Delhi,2025-08-13,5,50000.0,0.2,200000.0
1408,924,102,Hyderabad,2025-10-24,4,70000.0,0.25,210000.0
1409,230,105,Hyderabad,2025-08-31,5,45000.0,0.35,146250.0
1410,790,110,Bangalore,2026-03-08,4,45000.0,0.25,135000.0
1411,702,103,Delhi,2026-01-01,5,1300.0,0.25,4875.0
1412,431,102,Bangalore,2025-11-30,2,70000.0,0.05,133000.0
1414,692,110,Bangalore,2026-01-20,4,45000.0,0.25,135000.0
1415,660,105,Hyderabad,2025-08-19,3,45000.0,0.3,94500.0
1416,977,101,Chennai,2026-02-25,5,250000.0,0.15,1062500.0
1417,654,102,Chennai,2025-10-26,5,70000.0,0.25,262500.0
1418,495,109,Hyderabad,2025-09-24,4,65000.0,0.05,247000.0
1419,579,101,Mumbai,2025-07-31,3,250000.0,0.15,637500.0
1420,249,107,Bangalore,2025-07-30,1,50000.0,0.3,35000.0
1421,462,104,Bangalore,2025-12-22,2,8000.0,0.1,14400.0
1422,652,105,Delhi,2025-06-17,2,45000.0,0.2,72000.0
1423,905,110,Hyderabad,2026-03-21,1,45000.0,0.3,31500.0
1424,159,105,Delhi,2025-08-31,2,45000.0,0.4,54000.0
1425,285,106,Chennai,2025-06-22,3,80000.0,0.25,180000.0
1426,343,106,Bangalore,2025-01-08,5,80000.0,0.3,280000.0
1427,571,104,Chennai,2025-07-18,3,8000.0,0.3,16800.0
1428,661,108,Chennai,2025-11-06,2,15000.0,0.05,28500.0
1429,488,108,Chennai,2025-05-31,1,15000.0,0.4,9000.0
1430,739,110,Delhi,2025-08-24,1,45000.0,0.3,31500.0
1432,946,108,Delhi,2025-08-10,1,15000.0,0.3,10500.0
1433,649,110,Bangalore,2026-03-12,2,45000.0,0.2,72000.0
1434,198,104,Chennai,2026-12-01,1,8000.0,0.35,5200.0
1435,247,105,Bangalore,2025-10-06,5,45000.0,0.2,180000.0
1436,192,108,Bangalore,2026-01-18,5,15000.0,0.15,63750.0
1437,18,105,Mumbai,2025-06-13,1,45000.0,0.1,40500.0
1438,579,102,Mumbai,2025-10-01,5,70000.0,0.35,227500.0
1439,452,109,Hyderabad,2025-06-26,5,65000.0,0.2,260000.0
1440,464,103,Mumbai,2025-07-08,3,1300.0,0.1,3510.0
1441,634,105,Mumbai,2026-02-21,1,45000.0,0.3,31500.0
1442,820,106,Delhi,2026-01-09,5,80000.0,0.25,300000.0
1443,702,109,Delhi,2026-02-28,4,65000.0,0.05,247000.0
1444,683,110,Mumbai,2025-07-04,4,45000.0,0.25,135000.0
1445,758,105,Chennai,2025-11-01,1,45000.0,0.25,33750.0
1446,168,108,Mumbai,2026-03-11,2,15000.0,0.15,25500.0
1447,987,104,Delhi,2025-12-08,5,8000.0,0.05,38000.0
1448,464,110,Mumbai,2026-06-04,4,45000.0,0.25,135000.0
1449,582,101,Hyderabad,2025-10-08,3,250000.0,0.4,450000.0
1450,528,103,Chennai,2025-11-09,5,1300.0,0.25,4875.0
1451,135,108,Bangalore,2025-07-13,3,15000.0,0.15,38250.0
1452,276,104,Delhi,2025-05-14,3,8000.0,0.1,21600.0
1453,971,106,Chennai,2025-07-10,1,80000.0,0.15,68000.0
1454,869,108,Mumbai,2025-10-30,2,15000.0,0.15,25500.0
1455,495,110,Hyderabad,2025-07-22,5,45000.0,0.1,202500.0
1456,339,101,Delhi,2026-03-26,1,250000.0,0.05,237500.0
1457,673,110,Mumbai,2025-12-29,2,45000.0,0.4,54000.0
1458,863,104,Bangalore,2026-01-11,2,8000.0,0.25,12000.0
1459,480,102,Hyderabad,2026-04-03,1,70000.0,0.3,49000.0
1460,685,108,Chennai,2025-12-24,5,15000.0,0.25,56250.0
1461,350,104,Chennai,2025-08-07,4,8000.0,0.4,19200.0
1462,4,110,Chennai,2025-08-15,3,45000.0,0.2,108000.0
1463,382,108,Mumbai,2025-09-25,1,15000.0,0.05,14250.0
1464,74,108,Delhi,2025-12-12,5,15000.0,0.05,71250.0
1465,231,107,Hyderabad,2025-12-02,3,50000.0,0.1,135000.0
1466,728,108,Chennai,2025-08-05,5,15000.0,0.1,67500.0
1467,976,107,Chennai,2026-04-13,3,50000.0,0.1,135000.0
1468,754,110,Mumbai,2025-09-20,5,45000.0,0.4,135000.0
1469,535,104,Bangalore,2026-01-13,3,8000.0,0.35,15600.0
1470,556,105,Mumbai,2025-04-19,2,45000.0,0.35,58500.0
1471,867,101,Chennai,2025-05-29,4,250000.0,0.1,900000.0
1472,626,101,Hyderabad,2025-10-30,3,250000.0,0.1,675000.0
1473,472,105,Chennai,2026-02-25,1,45000.0,0.3,31500.0
1474,750,106,Hyderabad,2026-02-06,3,80000.0,0.1,216000.0
1475,743,103,Delhi,2025-06-01,4,1300.0,0.25,3900.0
1476,385,102,Hyderabad,2025-11-03,3,70000.0,0.2,168000.0
1477,33,104,Hyderabad,2025-04-28,5,8000.0,0.05,38000.0
1478,975,104,Hyderabad,2025-08-10,1,8000.0,0.2,6400.0
1479,532,103,Hyderabad,2025-07-12,5,1300.0,0.1,5850.0
1480,879,104,Mumbai,2025-06-30,1,8000.0,0.25,6000.0
1481,242,104,Hyderabad,2026-03-24,1,8000.0,0.2,6400.0
1482,481,102,Chennai,2025-01-05,3,70000.0,0.3,147000.0
1483,951,110,Mumbai,2026-03-03,5,45000.0,0.4,135000.0
1484,145,101,Delhi,2025-09-24,2,250000.0,0.1,450000.0
1485,564,108,Chennai,2025-10-19,4,15000.0,0.35,39000.0
1486,963,105,Chennai,2025-07-13,1,45000.0,0.25,33750.0
1487,473,103,Hyderabad,2025-06-12,5,1300.0,0.1,5850.0
1488,615,108,Mumbai,2025-07-14,2,15000.0,0.25,22500.0
1489,890,101,Chennai,2025-08-04,2,250000.0,0.05,475000.0
1490,901,102,Mumbai,2026-01-16,3,70000.0,0.35,136500.0
1491,636,106,Mumbai,2025-01-07,4,80000.0,0.1,288000.0
1492,642,101,Bangalore,2025-07-17,5,250000.0,0.4,750000.0
1493,921,106,Mumbai,2025-12-08,5,80000.0,0.3,280000.0
1494,144,104,Mumbai,2025-08-10,2,8000.0,0.05,15200.0
1495,673,104,Mumbai,2025-07-26,1,8000.0,0.1,7200.0
1496,830,105,Hyderabad,2025-07-14,2,45000.0,0.15,76500.0
1497,844,108,Delhi,2025-10-16,5,15000.0,0.1,67500.0
1498,230,109,Hyderabad,2025-10-02,1,65000.0,0.35,42250.0
1499,939,109,Hyderabad,2026-03-11,1,65000.0,0.25,48750.0
1500,796,107,Bangalore,2025-07-21,4,50000.0,0.15,170000.0
1501,53,103,Hyderabad,2026-02-08,1,1300.0,0.05,1235.0
1502,713,104,Hyderabad,2026-02-01,4,8000.0,0.35,20800.0
1503,139,109,Mumbai,2025-04-23,3,65000.0,0.25,146250.0
1504,407,101,Mumbai,2025-06-28,2,250000.0,0.25,375000.0
1505,820,101,Delhi,2025-03-07,1,250000.0,0.1,225000.0
1506,556,105,Mumbai,2025-06-18,5,45000.0,0.05,213750.0
1507,200,107,Delhi,2025-05-30,5,50000.0,0.2,200000.0
1508,405,102,Bangalore,2025-06-20,2,70000.0,0.15,119000.0
1509,37,101,Mumbai,2025-10-10,5,250000.0,0.3,875000.0
1510,886,106,Bangalore,2026-04-15,5,80000.0,0.2,320000.0
1511,257,101,Mumbai,2025-05-26,1,250000.0,0.15,212500.0
1512,435,103,Delhi,2025-09-07,4,1300.0,0.35,3380.0
1513,91,109,Bangalore,2026-10-02,3,65000.0,0.25,146250.0
1514,756,107,Bangalore,2026-02-16,1,50000.0,0.4,30000.0
1515,285,110,Chennai,2026-04-04,1,45000.0,0.3,31500.0
1516,238,105,Bangalore,2025-08-27,2,45000.0,0.25,67500.0
1517,889,110,Delhi,2025-08-22,4,45000.0,0.1,162000.0
1518,728,106,Chennai,2025-04-19,5,80000.0,0.4,240000.0
1519,544,101,Mumbai,2025-06-27,3,250000.0,0.25,562500.0
1520,414,102,Delhi,2025-08-18,5,70000.0,0.05,332500.0
1521,229,107,Hyderabad,2026-02-10,3,50000.0,0.1,135000.0
1522,215,104,Mumbai,2026-06-01,1,8000.0,0.25,6000.0
1523,680,104,Delhi,2025-07-20,1,8000.0,0.4,4800.0
1524,776,109,Chennai,2025-03-09,5,65000.0,0.4,195000.0
1525,507,108,Delhi,2025-06-16,4,15000.0,0.35,39000.0
1526,400,106,Chennai,2025-05-12,4,80000.0,0.1,288000.0
1527,872,109,Mumbai,2025-04-29,3,65000.0,0.3,136500.0
1528,518,101,Bangalore,2025-11-25,5,250000.0,0.4,750000.0
1529,570,105,Chennai,2025-08-03,3,45000.0,0.15,114750.0
1530,513,101,Chennai,2025-09-19,4,250000.0,0.2,800000.0
1531,131,103,Bangalore,2025-09-07,3,1300.0,0.15,3315.0
1532,546,102,Mumbai,2025-07-10,2,70000.0,0.15,119000.0
1533,767,107,Mumbai,2025-07-31,4,50000.0,0.05,190000.0
1534,600,101,Chennai,2025-11-05,2,250000.0,0.05,475000.0
1535,515,105,Chennai,2025-05-21,1,45000.0,0.05,42750.0
1536,498,105,Hyderabad,2025-06-25,5,45000.0,0.25,168750.0
1537,2,107,Delhi,2025-07-07,2,50000.0,0.25,75000.0
1538,279,107,Hyderabad,2025-10-20,5,50000.0,0.4,150000.0
1539,938,108,Hyderabad,2026-12-02,2,15000.0,0.1,27000.0
1540,733,102,Delhi,2025-09-05,4,70000.0,0.05,266000.0
1541,629,101,Delhi,2025-09-29,4,250000.0,0.2,800000.0
1542,79,103,Bangalore,2025-07-10,2,1300.0,0.15,2210.0
1543,938,102,Hyderabad,2025-11-12,3,70000.0,0.35,136500.0
1544,501,110,Bangalore,2026-03-19,5,45000.0,0.3,157500.0
1545,133,101,Chennai,2025-08-24,3,250000.0,0.25,562500.0
1546,674,103,Bangalore,2025-10-02,5,1300.0,0.2,5200.0
1547,712,104,Hyderabad,2026-01-10,4,8000.0,0.3,22400.0
1548,967,109,Hyderabad,2025-07-17,4,65000.0,0.05,247000.0
1549,46,109,Delhi,2025-04-24,1,65000.0,0.2,52000.0
1550,337,103,Chennai,2025-09-05,1,1300.0,0.1,1170.0
1551,501,103,Bangalore,2025-10-13,3,1300.0,0.35,2535.0
1552,781,101,Mumbai,2026-03-19,2,250000.0,0.05,475000.0
1553,495,108,Hyderabad,2025-08-08,3,15000.0,0.05,42750.0
1554,964,107,Mumbai,2025-12-23,3,50000.0,0.1,135000.0
1555,86,104,Mumbai,2025-11-10,3,8000.0,0.25,18000.0
1556,57,109,Hyderabad,2025-12-01,4,65000.0,0.35,169000.0
1557,112,104,Mumbai,2025-06-18,5,8000.0,0.4,24000.0
1558,302,105,Bangalore,2025-06-02,2,45000.0,0.4,54000.0
1559,571,103,Chennai,2025-07-02,2,1300.0,0.25,1950.0
1560,17,107,Bangalore,2026-01-25,4,50000.0,0.3,140000.0
1562,786,110,Chennai,2026-10-01,3,45000.0,0.05,128250.0
1563,854,103,Hyderabad,2025-08-13,3,1300.0,0.05,3705.0
1564,194,103,Chennai,2026-01-07,2,1300.0,0.4,1560.0
1565,250,110,Mumbai,2025-11-10,5,45000.0,0.25,168750.0
1566,36,106,Chennai,2026-02-20,2,80000.0,0.35,104000.0
1567,747,104,Bangalore,2025-10-14,3,8000.0,0.15,20400.0
1568,563,106,Hyderabad,2025-10-18,4,80000.0,0.05,304000.0
1569,158,107,Delhi,2025-06-09,3,50000.0,0.3,105000.0
1570,564,101,Chennai,2025-07-29,4,250000.0,0.15,850000.0
1571,589,102,Mumbai,2025-11-22,4,70000.0,0.1,252000.0
1572,13,104,Bangalore,2025-04-24,5,8000.0,0.3,28000.0
1573,758,101,Chennai,2026-04-13,2,250000.0,0.05,475000.0
1574,24,107,Chennai,2025-08-20,4,50000.0,0.2,160000.0
1575,908,109,Hyderabad,2026-03-29,4,65000.0,0.1,234000.0
1576,785,110,Chennai,2025-09-23,1,45000.0,0.4,27000.0
1577,339,104,Delhi,2025-03-11,1,8000.0,0.15,6800.0
1578,98,104,Chennai,2026-02-03,2,8000.0,0.15,13600.0
1579,66,108,Bangalore,2025-05-30,5,15000.0,0.2,60000.0
1580,698,104,Chennai,2026-01-23,2,8000.0,0.2,12800.0
1581,260,107,Chennai,2025-10-11,3,50000.0,0.15,127500.0
1582,287,110,Delhi,2025-10-16,1,45000.0,0.4,27000.0
1583,479,102,Chennai,2025-10-12,4,70000.0,0.4,168000.0
1584,815,109,Mumbai,2025-08-29,1,65000.0,0.05,61750.0
1585,123,107,Mumbai,2025-07-07,3,50000.0,0.1,135000.0
1586,742,103,Delhi,2025-10-02,4,1300.0,0.25,3900.0
1587,96,110,Chennai,2025-05-03,3,45000.0,0.2,108000.0
1588,988,101,Delhi,2025-12-21,4,250000.0,0.35,650000.0
1589,805,102,Delhi,2026-02-14,5,70000.0,0.2,280000.0
1590,342,110,Hyderabad,2025-11-08,2,45000.0,0.2,72000.0
1591,230,106,Hyderabad,2025-09-21,5,80000.0,0.3,280000.0
1592,829,105,Mumbai,2025-10-31,5,45000.0,0.35,146250.0
1593,659,101,Chennai,2026-03-18,5,250000.0,0.35,812500.0
1594,806,108,Chennai,2025-06-18,5,15000.0,0.2,60000.0
1595,771,106,Bangalore,2025-06-17,3,80000.0,0.15,204000.0
1596,440,105,Hyderabad,2025-05-08,1,45000.0,0.05,42750.0
1597,698,109,Chennai,2025-07-25,2,65000.0,0.1,117000.0
1598,570,105,Chennai,2025-08-02,5,45000.0,0.25,168750.0
1599,254,101,Hyderabad,2025-07-02,1,250000.0,0.4,150000.0
1600,182,104,Hyderabad,2026-03-25,4,8000.0,0.15,27200.0
1601,473,101,Hyderabad,2025-11-08,3,250000.0,0.2,600000.0
1602,705,101,Hyderabad,2025-03-10,1,250000.0,0.4,150000.0
1603,630,105,Hyderabad,2026-06-04,5,45000.0,0.05,213750.0
1604,633,102,Delhi,2025-07-23,1,70000.0,0.2,56000.0
1605,469,101,Delhi,2025-10-13,3,250000.0,0.2,600000.0
1606,892,103,Mumbai,2025-10-02,3,1300.0,0.1,3510.0
1607,293,108,Hyderabad,2025-11-13,5,15000.0,0.1,67500.0
1608,681,110,Mumbai,2025-10-19,5,45000.0,0.3,157500.0
1609,933,102,Bangalore,2025-07-19,2,70000.0,0.3,98000.0
1610,41,109,Delhi,2025-08-06,4,65000.0,0.4,156000.0
1611,884,104,Delhi,2025-08-27,4,8000.0,0.4,19200.0
1612,844,106,Delhi,2026-04-11,5,80000.0,0.3,280000.0
1613,340,105,Chennai,2026-03-01,4,45000.0,0.25,135000.0
1614,53,103,Hyderabad,2025-12-10,3,1300.0,0.1,3510.0
1615,121,101,Delhi,2025-12-05,2,250000.0,0.4,300000.0
1616,388,108,Bangalore,2025-07-29,3,15000.0,0.15,38250.0
1617,568,107,Mumbai,2025-05-11,2,50000.0,0.3,70000.0
1618,897,108,Mumbai,2026-03-01,1,15000.0,0.3,10500.0
1619,298,106,Delhi,2026-02-15,2,80000.0,0.35,104000.0
1620,432,109,Mumbai,2025-04-05,3,65000.0,0.05,185250.0
1621,497,102,Mumbai,2025-12-30,5,70000.0,0.15,297500.0
1622,686,103,Bangalore,2025-08-22,2,1300.0,0.3,1820.0
1623,582,105,Hyderabad,2025-04-23,3,45000.0,0.3,94500.0
1624,980,101,Delhi,2025-04-24,2,250000.0,0.35,325000.0
1625,759,101,Hyderabad,2025-05-24,4,250000.0,0.3,700000.0
1626,320,108,Hyderabad,2025-06-18,1,15000.0,0.4,9000.0
1627,771,106,Bangalore,2026-01-30,5,80000.0,0.4,240000.0
1628,873,108,Hyderabad,2025-08-25,3,15000.0,0.2,36000.0
1629,431,102,Bangalore,2025-10-31,1,70000.0,0.25,52500.0
1630,209,103,Chennai,2025-09-14,4,1300.0,0.05,4940.0
1631,36,106,Chennai,2025-07-20,4,80000.0,0.15,272000.0
1632,106,107,Chennai,2025-09-03,2,50000.0,0.4,60000.0
1633,93,105,Mumbai,2026-01-25,2,45000.0,0.3,62999.99999999999
1634,799,104,Delhi,2026-03-07,5,8000.0,0.25,30000.0
1635,544,102,Mumbai,2025-06-09,4,70000.0,0.4,168000.0
1636,181,110,Delhi,2025-06-04,3,45000.0,0.35,87750.0
1637,260,101,Chennai,2025-06-26,4,250000.0,0.25,750000.0
1638,937,107,Mumbai,2026-03-31,1,50000.0,0.15,42500.0
1639,231,101,Hyderabad,2026-02-15,2,250000.0,0.1,450000.0
1640,201,110,Bangalore,2025-07-12,2,45000.0,0.25,67500.0
1641,130,108,Hyderabad,2025-11-03,1,15000.0,0.2,12000.0
1642,307,106,Chennai,2026-03-06,3,80000.0,0.4,144000.0
1643,773,110,Mumbai,2026-04-15,4,45000.0,0.4,108000.0
1644,341,105,Mumbai,2026-02-14,1,45000.0,0.25,33750.0
1645,519,106,Bangalore,2025-11-01,5,80000.0,0.3,280000.0
1646,739,110,Delhi,2026-01-02,3,45000.0,0.25,101250.0
1647,701,108,Mumbai,2026-03-19,4,15000.0,0.35,39000.0
1648,767,110,Mumbai,2025-11-20,3,45000.0,0.3,94500.0
1649,886,106,Bangalore,2026-02-27,1,80000.0,0.15,68000.0
1650,478,107,Mumbai,2026-02-19,4,50000.0,0.15,170000.0
1651,528,102,Chennai,2025-08-24,3,70000.0,0.35,136500.0
1652,779,107,Chennai,2025-06-22,5,50000.0,0.1,225000.0
1653,150,106,Mumbai,2025-01-05,5,80000.0,0.4,240000.0
1654,449,102,Delhi,2025-07-09,4,70000.0,0.4,168000.0
1655,43,109,Chennai,2025-07-30,3,65000.0,0.4,117000.0
1656,376,105,Chennai,2026-04-01,4,45000.0,0.1,162000.0
1657,815,102,Mumbai,2025-09-16,2,70000.0,0.25,105000.0
1658,716,101,Delhi,2025-09-30,4,250000.0,0.25,750000.0
1659,955,101,Bangalore,2025-12-08,5,250000.0,0.4,750000.0
1660,181,106,Delhi,2026-02-16,3,80000.0,0.1,216000.0
1661,278,108,Delhi,2025-12-26,3,15000.0,0.25,33750.0
1662,222,110,Delhi,2025-09-06,5,45000.0,0.2,180000.0
1663,855,104,Delhi,2025-09-21,1,8000.0,0.2,6400.0
1664,977,104,Chennai,2025-11-01,2,8000.0,0.1,14400.0
1665,383,103,Mumbai,2025-07-10,2,1300.0,0.35,1690.0
1666,407,108,Mumbai,2025-06-06,5,15000.0,0.05,71250.0
1667,87,103,Chennai,2025-12-13,2,1300.0,0.2,2080.0
1668,871,107,Chennai,2025-04-21,2,50000.0,0.35,65000.0
1669,649,108,Bangalore,2025-07-15,1,15000.0,0.3,10500.0
1670,307,103,Chennai,2025-10-14,1,1300.0,0.25,975.0
1671,42,105,Hyderabad,2026-04-16,3,45000.0,0.1,121500.0
1672,308,103,Mumbai,2026-03-11,2,1300.0,0.3,1820.0
1673,625,110,Mumbai,2025-11-27,2,45000.0,0.05,85500.0
1674,876,104,Chennai,2025-10-28,3,8000.0,0.35,15600.0
1675,537,107,Delhi,2026-11-03,2,50000.0,0.4,60000.0
1676,407,105,Mumbai,2025-12-23,5,45000.0,0.15,191250.0
1677,881,104,Bangalore,2026-04-05,4,8000.0,0.2,25600.0
1678,163,106,Mumbai,2025-10-03,2,80000.0,0.1,144000.0
1679,173,108,Delhi,2025-09-09,5,15000.0,0.1,67500.0
1680,156,107,Chennai,2025-04-12,1,50000.0,0.15,42500.0
1681,876,108,Chennai,2026-02-10,4,15000.0,0.15,51000.0
1682,970,106,Delhi,2025-05-31,3,80000.0,0.15,204000.0
1683,668,104,Chennai,2025-06-15,5,8000.0,0.35,26000.0
1684,109,109,Mumbai,2025-12-20,2,65000.0,0.3,91000.0
1685,49,106,Delhi,2025-07-20,4,80000.0,0.15,272000.0
1686,385,107,Hyderabad,2025-12-24,4,50000.0,0.3,140000.0
1687,150,108,Mumbai,2026-07-02,4,15000.0,0.35,39000.0
1688,622,102,Chennai,2025-07-23,2,70000.0,0.2,112000.0
1689,370,103,Delhi,2025-05-07,3,1300.0,0.2,3120.0
1690,891,101,Hyderabad,2026-01-06,4,250000.0,0.1,900000.0
1691,296,108,Bangalore,2025-07-29,5,15000.0,0.35,48750.0
1692,823,106,Bangalore,2025-10-17,4,80000.0,0.05,304000.0
1693,845,109,Chennai,2025-06-07,2,65000.0,0.15,110500.0
1694,939,106,Hyderabad,2025-10-23,2,80000.0,0.3,112000.0
1695,343,103,Bangalore,2025-09-05,5,1300.0,0.4,3900.0
1696,654,104,Chennai,2025-05-22,1,8000.0,0.05,7600.0
1697,784,106,Mumbai,2026-03-30,2,80000.0,0.1,144000.0
1698,87,104,Chennai,2025-04-22,4,8000.0,0.4,19200.0
1699,419,110,Bangalore,2025-05-08,2,45000.0,0.3,62999.99999999999
1700,392,103,Hyderabad,2025-05-08,4,1300.0,0.15,4420.0
1701,773,105,Mumbai,2025-12-31,2,45000.0,0.35,58500.0
1702,269,107,Chennai,2025-06-15,3,50000.0,0.35,97500.0
1703,305,109,Delhi,2025-08-28,3,65000.0,0.15,165750.0
1704,594,110,Mumbai,2025-08-13,2,45000.0,0.05,85500.0
1705,165,103,Hyderabad,2026-02-21,4,1300.0,0.4,3120.0
1706,946,103,Delhi,2025-12-22,1,1300.0,0.1,1170.0
1707,572,106,Hyderabad,2025-07-16,2,80000.0,0.4,96000.0
1708,338,108,Delhi,2026-03-03,3,15000.0,0.3,31500.0
1709,356,103,Hyderabad,2025-09-22,3,1300.0,0.4,2340.0
1710,433,101,Bangalore,2025-08-10,3,250000.0,0.2,600000.0
1711,362,109,Bangalore,2026-03-13,3,65000.0,0.4,117000.0
1712,371,109,Mumbai,2025-08-05,2,65000.0,0.2,104000.0
1713,619,102,Mumbai,2026-03-16,2,70000.0,0.35,91000.0
1714,217,103,Bangalore,2026-04-10,1,1300.0,0.3,910.0
1715,364,102,Bangalore,2025-08-11,5,70000.0,0.25,262500.0
1716,605,104,Delhi,2026-01-30,2,8000.0,0.3,11200.0
1717,231,106,Hyderabad,2025-08-29,4,80000.0,0.2,256000.0
1718,968,101,Hyderabad,2026-07-01,2,250000.0,0.3,350000.0
1719,708,104,Mumbai,2025-04-28,5,8000.0,0.1,36000.0
1720,447,104,Bangalore,2025-07-17,4,8000.0,0.15,27200.0
1721,516,108,Hyderabad,2025-05-22,1,15000.0,0.3,10500.0
1722,105,104,Chennai,2025-09-11,4,8000.0,0.15,27200.0
1723,771,110,Bangalore,2025-04-29,5,45000.0,0.35,146250.0
1724,95,105,Bangalore,2025-08-10,2,45000.0,0.1,81000.0
1725,531,108,Bangalore,2025-08-24,3,15000.0,0.35,29250.0
1726,382,110,Mumbai,2025-12-17,2,45000.0,0.35,58500.0
1727,586,109,Delhi,2025-07-08,4,65000.0,0.3,182000.0
1728,224,103,Mumbai,2025-04-16,5,1300.0,0.25,4875.0
1729,445,103,Chennai,2025-10-16,1,1300.0,0.25,975.0
1730,866,108,Hyderabad,2025-04-21,3,15000.0,0.4,27000.0
1731,112,103,Mumbai,2025-11-18,1,1300.0,0.4,780.0
1732,619,110,Mumbai,2026-02-09,5,45000.0,0.05,213750.0
1733,679,108,Bangalore,2025-05-23,2,15000.0,0.4,18000.0
1734,202,110,Delhi,2026-02-09,5,45000.0,0.05,213750.0
1735,151,110,Delhi,2025-11-10,3,45000.0,0.05,128250.0
1736,2,105,Delhi,2025-09-27,4,45000.0,0.15,153000.0
1737,735,108,Bangalore,2026-11-01,2,15000.0,0.25,22500.0
1738,754,107,Mumbai,2026-01-28,4,50000.0,0.2,160000.0
1739,618,104,Chennai,2026-04-09,4,8000.0,0.35,20800.0
1740,959,101,Chennai,2025-12-06,4,250000.0,0.25,750000.0
1741,989,110,Chennai,2025-09-16,3,45000.0,0.35,87750.0
1742,240,106,Bangalore,2025-10-08,3,80000.0,0.35,156000.0
1743,628,101,Chennai,2025-10-05,5,250000.0,0.3,875000.0
1744,636,101,Mumbai,2026-01-23,5,250000.0,0.2,1000000.0
1745,438,101,Mumbai,2025-11-14,4,250000.0,0.3,700000.0
1746,333,102,Chennai,2025-10-22,3,70000.0,0.4,126000.0
1747,237,105,Mumbai,2025-09-13,1,45000.0,0.15,38250.0
1748,229,105,Hyderabad,2025-11-09,4,45000.0,0.4,108000.0
1749,469,103,Delhi,2025-07-03,2,1300.0,0.05,2470.0
1750,257,106,Mumbai,2025-10-26,5,80000.0,0.25,300000.0
1751,648,104,Hyderabad,2025-12-21,5,8000.0,0.2,32000.0
1752,164,102,Chennai,2025-09-24,1,70000.0,0.3,49000.0
1753,753,102,Delhi,2025-09-02,3,70000.0,0.3,147000.0
1754,728,105,Chennai,2026-02-24,1,45000.0,0.1,40500.0
1755,933,106,Bangalore,2025-03-12,5,80000.0,0.15,340000.0
1756,711,105,Hyderabad,2025-10-06,2,45000.0,0.4,54000.0
1757,819,104,Chennai,2025-07-17,2,8000.0,0.05,15200.0
1758,562,102,Chennai,2026-03-04,5,70000.0,0.35,227500.0
1759,861,101,Bangalore,2026-10-04,3,250000.0,0.35,487500.0
1760,675,106,Bangalore,2025-05-20,5,80000.0,0.25,300000.0
1761,163,103,Mumbai,2025-04-21,1,1300.0,0.4,780.0
1762,839,102,Chennai,2025-10-28,3,70000.0,0.25,157500.0
1763,410,107,Mumbai,2025-06-01,4,50000.0,0.3,140000.0
1764,921,105,Mumbai,2025-06-05,1,45000.0,0.3,31500.0
1765,951,108,Mumbai,2025-09-03,2,15000.0,0.15,25500.0
1766,675,103,Bangalore,2025-09-18,3,1300.0,0.3,2730.0
1767,560,108,Hyderabad,2025-06-21,1,15000.0,0.3,10500.0
1768,152,105,Chennai,2025-10-18,2,45000.0,0.15,76500.0
1769,409,105,Bangalore,2025-04-17,3,45000.0,0.15,114750.0
1770,536,106,Delhi,2025-11-26,3,80000.0,0.1,216000.0
1771,747,108,Bangalore,2025-08-26,2,15000.0,0.4,18000.0
1772,320,110,Hyderabad,2026-01-08,5,45000.0,0.3,157500.0
1773,14,105,Hyderabad,2025-12-26,1,45000.0,0.2,36000.0
1774,171,109,Hyderabad,2026-02-01,2,65000.0,0.4,78000.0
1775,176,104,Chennai,2026-02-04,4,8000.0,0.4,19200.0
1776,965,109,Mumbai,2025-12-14,4,65000.0,0.3,182000.0
1777,565,110,Mumbai,2025-11-27,3,45000.0,0.2,108000.0
1779,37,106,Mumbai,2026-02-21,1,80000.0,0.4,48000.0
1780,220,104,Bangalore,2025-06-17,2,8000.0,0.1,14400.0
1781,282,106,Hyderabad,2025-08-11,3,80000.0,0.4,144000.0
1782,352,104,Delhi,2025-11-29,1,8000.0,0.05,7600.0
1783,526,101,Chennai,2025-11-21,1,250000.0,0.3,175000.0
1784,82,110,Hyderabad,2025-11-18,1,45000.0,0.3,31500.0
1785,241,103,Chennai,2026-02-24,3,1300.0,0.35,2535.0
1786,997,101,Mumbai,2026-01-25,1,250000.0,0.1,225000.0
1787,338,110,Delhi,2025-12-07,1,45000.0,0.35,29250.0
1788,474,105,Bangalore,2025-05-10,1,45000.0,0.3,31500.0
1789,798,107,Hyderabad,2025-04-28,1,50000.0,0.2,40000.0
1790,16,104,Bangalore,2025-04-22,5,8000.0,0.35,26000.0
1791,779,101,Chennai,2026-02-18,3,250000.0,0.3,525000.0
1792,855,106,Delhi,2025-04-24,2,80000.0,0.2,128000.0
1793,783,104,Hyderabad,2026-02-26,5,8000.0,0.25,30000.0
1794,455,110,Bangalore,2026-02-11,4,45000.0,0.35,117000.0
1795,773,106,Mumbai,2025-04-21,1,80000.0,0.2,64000.0
1796,903,105,Mumbai,2025-12-12,1,45000.0,0.15,38250.0
1797,644,110,Delhi,2026-01-21,1,45000.0,0.15,38250.0
1798,908,102,Hyderabad,2025-07-11,1,70000.0,0.2,56000.0
1799,767,106,Mumbai,2026-01-21,2,80000.0,0.35,104000.0
1800,33,110,Hyderabad,2026-02-15,4,45000.0,0.25,135000.0
1801,430,108,Delhi,2026-03-20,5,15000.0,0.1,67500.0
1802,749,104,Mumbai,2025-05-19,3,8000.0,0.35,15600.0
1803,17,104,Bangalore,2026-03-18,4,8000.0,0.2,25600.0
1804,474,107,Bangalore,2025-11-07,3,50000.0,0.3,105000.0
1805,325,108,Bangalore,2026-02-19,4,15000.0,0.25,45000.0
1806,104,106,Hyderabad,2025-11-22,5,80000.0,0.4,240000.0
1807,169,110,Mumbai,2025-07-26,1,45000.0,0.4,27000.0
1808,930,110,Chennai,2026-04-08,4,45000.0,0.1,162000.0
1809,848,109,Hyderabad,2025-07-16,3,65000.0,0.25,146250.0
1810,618,104,Chennai,2026-02-22,3,8000.0,0.05,22800.0
1811,888,107,Hyderabad,2026-03-26,4,50000.0,0.2,160000.0
1812,102,110,Mumbai,2025-11-06,2,45000.0,0.05,85500.0
1813,50,106,Mumbai,2025-06-18,2,80000.0,0.2,128000.0
1814,343,104,Bangalore,2025-06-22,1,8000.0,0.05,7600.0
1815,850,108,Chennai,2025-10-11,2,15000.0,0.25,22500.0
1816,119,110,Delhi,2025-08-03,4,45000.0,0.3,126000.0
1817,253,104,Delhi,2026-01-26,2,8000.0,0.15,13600.0
1818,90,110,Chennai,2025-04-25,2,45000.0,0.05,85500.0
1819,672,110,Delhi,2025-11-19,2,45000.0,0.4,54000.0
1820,262,108,Mumbai,2025-12-21,1,15000.0,0.05,14250.0
1821,50,105,Mumbai,2025-06-22,5,45000.0,0.15,191250.0
1822,847,102,Delhi,2025-12-02,1,70000.0,0.3,49000.0
1823,770,106,Mumbai,2025-07-29,4,80000.0,0.4,192000.0
1824,415,108,Delhi,2025-08-07,2,15000.0,0.4,18000.0
1825,443,102,Chennai,2026-03-06,3,70000.0,0.3,147000.0
1826,300,106,Hyderabad,2025-09-21,4,80000.0,0.15,272000.0
1827,830,109,Hyderabad,2026-03-26,4,65000.0,0.25,195000.0
1828,627,107,Bangalore,2026-04-04,1,50000.0,0.15,42500.0
1829,745,106,Hyderabad,2025-08-30,2,80000.0,0.25,120000.0
1830,309,101,Delhi,2025-05-05,5,250000.0,0.25,937500.0
1831,762,103,Mumbai,2026-04-01,1,1300.0,0.05,1235.0
1832,352,102,Delhi,2025-07-03,2,70000.0,0.05,133000.0
1833,809,110,Bangalore,2025-08-06,5,45000.0,0.35,146250.0
1834,999,107,Hyderabad,2025-08-05,2,50000.0,0.3,70000.0
1835,935,107,Mumbai,2025-10-10,3,50000.0,0.15,127500.0
1836,208,106,Hyderabad,2026-08-04,3,80000.0,0.05,228000.0
1837,362,106,Bangalore,2026-01-23,5,80000.0,0.2,320000.0
1838,762,102,Mumbai,2026-01-24,2,70000.0,0.15,119000.0
1839,671,104,Chennai,2026-01-16,4,8000.0,0.4,19200.0
1840,129,101,Bangalore,2026-03-30,3,250000.0,0.35,487500.0
1841,651,110,Hyderabad,2026-02-25,5,45000.0,0.15,191250.0
1843,308,104,Mumbai,2026-04-03,3,8000.0,0.25,18000.0
1844,752,110,Chennai,2025-10-03,5,45000.0,0.05,213750.0
1845,557,102,Hyderabad,2025-07-11,2,70000.0,0.25,105000.0
1846,987,101,Delhi,2025-01-08,3,250000.0,0.4,450000.0
1847,127,105,Bangalore,2025-02-12,2,45000.0,0.3,62999.99999999999
1848,977,110,Chennai,2025-07-17,2,45000.0,0.4,54000.0
1849,720,103,Bangalore,2025-09-06,3,1300.0,0.15,3315.0
1850,167,110,Delhi,2025-12-14,3,45000.0,0.35,87750.0
1851,20,107,Chennai,2025-07-30,1,50000.0,0.1,45000.0
1852,510,109,Bangalore,2025-11-30,2,65000.0,0.35,84500.0
1853,185,103,Mumbai,2025-11-29,4,1300.0,0.25,3900.0
1854,853,105,Mumbai,2026-03-11,1,45000.0,0.15,38250.0
1855,561,103,Mumbai,2025-09-24,5,1300.0,0.1,5850.0
1856,258,103,Chennai,2026-03-26,3,1300.0,0.3,2730.0
1857,481,108,Chennai,2025-08-14,5,15000.0,0.25,56250.0
1858,264,109,Bangalore,2025-12-13,3,65000.0,0.25,146250.0
1859,274,110,Bangalore,2025-08-24,5,45000.0,0.15,191250.0
1860,719,110,Chennai,2025-08-06,2,45000.0,0.2,72000.0
1861,617,102,Delhi,2026-03-23,1,70000.0,0.3,49000.0
1862,359,109,Delhi,2025-06-14,1,65000.0,0.35,42250.0
1863,110,108,Delhi,2025-06-02,5,15000.0,0.15,63750.0
1864,750,105,Hyderabad,2025-11-29,4,45000.0,0.05,171000.0
1865,904,102,Bangalore,2025-10-17,4,70000.0,0.15,238000.0
1866,301,108,Delhi,2025-11-01,1,15000.0,0.15,12750.0
1867,703,106,Delhi,2026-08-04,1,80000.0,0.1,72000.0
1868,40,104,Hyderabad,2026-02-01,4,8000.0,0.35,20800.0
1869,540,110,Delhi,2025-10-12,1,45000.0,0.4,27000.0
1870,212,101,Bangalore,2026-01-16,3,250000.0,0.3,525000.0
1871,563,103,Hyderabad,2025-05-30,3,1300.0,0.1,3510.0
1872,473,103,Hyderabad,2026-03-04,4,1300.0,0.05,4940.0
1873,254,109,Hyderabad,2025-06-13,3,65000.0,0.25,146250.0
1874,887,104,Bangalore,2025-04-20,5,8000.0,0.1,36000.0
1875,417,108,Delhi,2026-03-25,5,15000.0,0.3,52500.0
1876,976,101,Chennai,2025-10-08,5,250000.0,0.4,750000.0
1877,135,109,Bangalore,2025-05-01,3,65000.0,0.25,146250.0
1878,808,103,Mumbai,2025-08-15,4,1300.0,0.4,3120.0
1879,69,109,Chennai,2025-08-21,2,65000.0,0.4,78000.0
1880,735,105,Bangalore,2025-08-10,1,45000.0,0.1,40500.0
1881,979,101,Hyderabad,2025-05-06,3,250000.0,0.15,637500.0
1882,538,103,Bangalore,2025-12-13,4,1300.0,0.3,3640.0
1883,434,101,Bangalore,2026-01-27,2,250000.0,0.3,350000.0
1884,361,102,Delhi,2025-07-24,4,70000.0,0.2,224000.0
1885,87,106,Chennai,2025-07-29,2,80000.0,0.3,112000.0
1886,338,102,Delhi,2025-07-06,1,70000.0,0.3,49000.0
1887,473,109,Hyderabad,2025-06-12,2,65000.0,0.3,91000.0
1888,901,103,Mumbai,2026-03-31,4,1300.0,0.05,4940.0
1889,191,101,Bangalore,2026-01-01,4,250000.0,0.35,650000.0
1890,38,108,Bangalore,2025-09-27,3,15000.0,0.3,31500.0
1891,884,110,Delhi,2025-05-05,5,45000.0,0.3,157500.0
1892,637,102,Bangalore,2026-02-16,1,70000.0,0.3,49000.0
1894,639,108,Bangalore,2025-06-20,1,15000.0,0.15,12750.0
1895,209,101,Chennai,2026-02-26,4,250000.0,0.3,700000.0
1896,394,104,Mumbai,2025-03-10,4,8000.0,0.3,22400.0
1897,998,107,Delhi,2025-05-19,3,50000.0,0.25,112500.0
1898,213,103,Hyderabad,2025-11-14,3,1300.0,0.2,3120.0
1899,104,106,Hyderabad,2025-02-12,3,80000.0,0.1,216000.0
1900,182,102,Hyderabad,2025-05-17,5,70000.0,0.1,315000.0
1901,984,110,Bangalore,2026-02-09,3,45000.0,0.2,108000.0
1902,642,101,Bangalore,2025-07-26,1,250000.0,0.25,187500.0
1903,970,108,Delhi,2025-10-07,1,15000.0,0.15,12750.0
1904,67,102,Chennai,2026-02-02,1,70000.0,0.15,59500.0
1905,382,103,Mumbai,2025-04-09,5,1300.0,0.3,4550.0
1906,940,107,Chennai,2025-10-23,5,50000.0,0.1,225000.0
1907,936,110,Hyderabad,2025-01-10,1,45000.0,0.25,33750.0
1908,556,109,Mumbai,2025-12-24,5,65000.0,0.1,292500.0
1909,742,101,Delhi,2026-04-04,1,250000.0,0.2,200000.0
1910,814,106,Hyderabad,2025-07-19,2,80000.0,0.2,128000.0
1911,431,102,Bangalore,2025-04-23,2,70000.0,0.15,119000.0
1912,933,106,Bangalore,2026-08-03,4,80000.0,0.1,288000.0
1913,681,110,Mumbai,2025-05-07,2,45000.0,0.25,67500.0
1914,379,107,Mumbai,2025-04-25,5,50000.0,0.3,175000.0
1915,62,108,Delhi,2025-10-16,1,15000.0,0.05,14250.0
1916,53,109,Hyderabad,2025-04-16,5,65000.0,0.05,308750.0
1917,745,110,Hyderabad,2026-01-18,5,45000.0,0.35,146250.0
1918,565,101,Mumbai,2025-12-02,2,250000.0,0.15,425000.0
1919,888,106,Hyderabad,2025-05-29,1,80000.0,0.35,52000.0
1920,842,109,Hyderabad,2025-07-15,5,65000.0,0.05,308750.0
1921,728,109,Chennai,2026-04-12,1,65000.0,0.05,61750.0
1922,943,101,Chennai,2025-08-09,1,250000.0,0.25,187500.0
1923,72,106,Chennai,2026-02-24,5,80000.0,0.4,240000.0
1924,497,106,Mumbai,2025-01-09,4,80000.0,0.1,288000.0
1925,298,108,Delhi,2025-12-14,5,15000.0,0.15,63750.0
1926,305,106,Delhi,2025-05-11,3,80000.0,0.15,204000.0
1927,122,103,Delhi,2025-07-23,5,1300.0,0.35,4225.0
1928,202,106,Delhi,2025-05-12,5,80000.0,0.05,380000.0
1929,197,106,Mumbai,2025-11-09,1,80000.0,0.2,64000.0
1930,120,103,Delhi,2026-02-27,5,1300.0,0.25,4875.0
1931,553,108,Mumbai,2025-12-04,3,15000.0,0.3,31500.0
1932,429,106,Delhi,2025-08-10,2,80000.0,0.05,152000.0
1934,184,109,Hyderabad,2025-05-18,2,65000.0,0.1,117000.0
1935,780,110,Delhi,2025-09-05,4,45000.0,0.35,117000.0
1936,776,108,Chennai,2026-04-01,2,15000.0,0.15,25500.0
1937,446,107,Bangalore,2025-02-05,1,50000.0,0.1,45000.0
1938,450,107,Bangalore,2025-07-28,2,50000.0,0.25,75000.0
1939,18,105,Mumbai,2025-09-09,3,45000.0,0.4,81000.0
1940,979,102,Hyderabad,2025-12-29,1,70000.0,0.15,59500.0
1941,32,110,Mumbai,2026-02-27,2,45000.0,0.25,67500.0
1942,832,106,Delhi,2026-02-26,1,80000.0,0.4,48000.0
1943,969,101,Chennai,2025-09-23,4,250000.0,0.3,700000.0
1944,120,110,Delhi,2026-02-04,5,45000.0,0.15,191250.0
1945,642,102,Bangalore,2025-07-18,5,70000.0,0.4,210000.0
1946,27,109,Chennai,2025-12-19,3,65000.0,0.1,175500.0
1947,44,104,Mumbai,2025-03-06,3,8000.0,0.4,14400.0
1948,232,105,Chennai,2025-08-18,5,45000.0,0.15,191250.0
1949,771,102,Bangalore,2025-02-09,4,70000.0,0.35,182000.0
1950,298,107,Delhi,2025-07-06,1,50000.0,0.25,37500.0
1951,126,110,Hyderabad,2025-08-23,2,45000.0,0.3,62999.99999999999
1952,799,108,Delhi,2025-12-31,5,15000.0,0.4,45000.0
1953,445,109,Chennai,2025-05-18,5,65000.0,0.3,227500.0
1954,710,101,Mumbai,2025-11-13,2,250000.0,0.25,375000.0
1955,468,107,Mumbai,2025-09-12,1,50000.0,0.35,32500.0
1956,862,106,Chennai,2026-03-15,3,80000.0,0.25,180000.0
1957,482,110,Chennai,2025-08-06,4,45000.0,0.1,162000.0
1958,922,101,Bangalore,2025-12-20,1,250000.0,0.4,150000.0
1959,219,102,Mumbai,2026-03-11,3,70000.0,0.15,178500.0
1960,580,109,Chennai,2025-08-02,2,65000.0,0.3,91000.0
1961,925,104,Hyderabad,2025-10-12,2,8000.0,0.3,11200.0
1962,115,101,Chennai,2025-09-28,1,250000.0,0.4,150000.0
1963,158,108,Delhi,2026-03-31,1,15000.0,0.1,13500.0
1964,663,109,Hyderabad,2026-02-19,3,65000.0,0.15,165750.0
1965,643,107,Mumbai,2025-09-22,5,50000.0,0.1,225000.0
1966,789,102,Chennai,2025-09-07,1,70000.0,0.35,45500.0
1967,186,103,Chennai,2025-12-20,2,1300.0,0.3,1820.0
1968,372,108,Mumbai,2026-01-27,1,15000.0,0.35,9750.0
1969,332,105,Mumbai,2025-11-02,4,45000.0,0.4,108000.0
1970,361,104,Delhi,2026-04-09,5,8000.0,0.35,26000.0
1971,974,109,Bangalore,2025-10-04,5,65000.0,0.35,211250.0
1972,733,101,Delhi,2025-11-12,1,250000.0,0.1,225000.0
1973,869,102,Mumbai,2025-09-22,2,70000.0,0.2,112000.0
1974,1,105,Hyderabad,2026-02-21,1,45000.0,0.35,29250.0
1975,132,108,Delhi,2025-10-24,4,15000.0,0.3,42000.0
1976,848,104,Hyderabad,2026-02-11,2,8000.0,0.1,14400.0
1977,22,104,Chennai,2025-10-09,4,8000.0,0.05,30400.0
1978,316,107,Delhi,2025-07-09,4,50000.0,0.25,150000.0
1979,470,101,Mumbai,2026-03-17,5,250000.0,0.1,1125000.0
1980,627,108,Bangalore,2025-06-13,1,15000.0,0.1,13500.0
1981,783,103,Hyderabad,2025-10-05,1,1300.0,0.3,910.0
1982,296,109,Bangalore,2026-03-18,1,65000.0,0.3,45500.0
1983,53,106,Hyderabad,2025-09-09,2,80000.0,0.25,120000.0
1984,776,107,Chennai,2026-02-01,5,50000.0,0.35,162500.0
1985,294,101,Hyderabad,2025-05-25,3,250000.0,0.05,712500.0
1986,388,102,Bangalore,2025-04-29,1,70000.0,0.4,42000.0
1987,530,109,Delhi,2025-11-09,3,65000.0,0.25,146250.0
1988,414,106,Delhi,2025-08-20,3,80000.0,0.05,228000.0
1989,674,108,Bangalore,2026-01-26,2,15000.0,0.35,19500.0
1990,972,104,Bangalore,2026-01-11,3,8000.0,0.4,14400.0
1991,503,107,Delhi,2025-06-26,4,50000.0,0.4,120000.0
1992,14,101,Hyderabad,2025-06-12,4,250000.0,0.15,850000.0
1993,914,102,Chennai,2025-06-04,4,70000.0,0.3,196000.0
1994,579,110,Mumbai,2025-03-05,1,45000.0,0.15,38250.0
1995,982,109,Mumbai,2026-02-24,3,65000.0,0.4,117000.0
1996,633,108,Delhi,2025-04-07,1,15000.0,0.35,9750.0
1997,840,107,Delhi,2025-04-30,5,50000.0,0.05,237500.0
1998,423,108,Hyderabad,2025-10-14,3,15000.0,0.25,33750.0
1999,190,105,Chennai,2025-10-23,3,45000.0,0.05,128250.0
2000,92,103,Chennai,2025-03-11,3,1300.0,0.05,3705.0
2001,249,106,Bangalore,2026-02-16,4,80000.0,0.2,256000.0
2002,854,105,Hyderabad,2025-10-08,4,45000.0,0.2,144000.0
2003,923,102,Mumbai,2026-01-31,2,70000.0,0.35,91000.0
2004,518,108,Bangalore,2025-06-12,5,15000.0,0.2,60000.0
2005,724,101,Chennai,2026-01-26,4,250000.0,0.05,950000.0
2006,120,107,Delhi,2025-06-09,2,50000.0,0.2,80000.0
2007,872,102,Mumbai,2026-01-11,5,70000.0,0.3,245000.0
2008,400,109,Chennai,2025-11-10,2,65000.0,0.1,117000.0
2009,353,110,Bangalore,2025-02-07,2,45000.0,0.35,58500.0
2010,174,105,Hyderabad,2025-05-20,2,45000.0,0.1,81000.0
2011,850,101,Chennai,2025-10-02,4,250000.0,0.3,700000.0
2012,282,108,Hyderabad,2025-12-22,2,15000.0,0.1,27000.0
2013,620,107,Mumbai,2025-12-09,3,50000.0,0.25,112500.0
2014,93,107,Mumbai,2025-12-09,3,50000.0,0.05,142500.0
2015,122,110,Delhi,2026-02-20,3,45000.0,0.25,101250.0
2016,391,109,Mumbai,2025-08-03,4,65000.0,0.4,156000.0
2017,201,107,Bangalore,2025-05-14,4,50000.0,0.1,180000.0
2018,775,102,Chennai,2025-07-24,2,70000.0,0.3,98000.0
2019,275,106,Bangalore,2026-02-04,3,80000.0,0.1,216000.0
2020,336,106,Chennai,2025-05-11,4,80000.0,0.35,208000.0
2021,415,102,Delhi,2025-10-06,3,70000.0,0.05,199500.0
2022,694,102,Hyderabad,2025-11-27,1,70000.0,0.2,56000.0
2023,976,104,Chennai,2025-09-28,5,8000.0,0.35,26000.0
2024,733,109,Delhi,2025-06-03,4,65000.0,0.4,156000.0
2025,653,109,Mumbai,2025-04-24,3,65000.0,0.3,136500.0
2026,641,106,Bangalore,2026-01-03,5,80000.0,0.05,380000.0
2027,569,108,Mumbai,2025-05-23,3,15000.0,0.3,31500.0
2028,350,103,Chennai,2025-12-28,1,1300.0,0.2,1040.0
2029,978,101,Delhi,2025-08-28,1,250000.0,0.3,175000.0
2030,174,105,Hyderabad,2026-03-09,4,45000.0,0.05,171000.0
2031,88,101,Chennai,2025-11-19,3,250000.0,0.2,600000.0
2032,356,102,Hyderabad,2026-02-11,3,70000.0,0.3,147000.0
2033,895,109,Bangalore,2025-06-29,4,65000.0,0.35,169000.0
2034,850,104,Chennai,2026-02-02,1,8000.0,0.15,6800.0
2035,814,102,Hyderabad,2025-09-12,5,70000.0,0.25,262500.0
2036,884,103,Delhi,2025-09-22,2,1300.0,0.25,1950.0
2037,45,102,Delhi,2026-01-06,2,70000.0,0.3,98000.0
2038,934,105,Hyderabad,2025-07-10,4,45000.0,0.25,135000.0
2039,216,104,Chennai,2026-04-10,3,8000.0,0.05,22800.0
2040,57,110,Hyderabad,2025-08-14,5,45000.0,0.35,146250.0
2041,814,102,Hyderabad,2025-04-30,2,70000.0,0.1,126000.0
2042,308,107,Mumbai,2025-02-10,1,50000.0,0.05,47500.0
2043,176,110,Chennai,2026-01-30,2,45000.0,0.35,58500.0
2044,409,104,Bangalore,2025-06-15,3,8000.0,0.15,20400.0
2045,804,106,Bangalore,2026-03-23,5,80000.0,0.4,240000.0
2046,166,103,Bangalore,2026-02-13,4,1300.0,0.4,3120.0
2047,189,102,Chennai,2025-07-29,3,70000.0,0.05,199500.0
2048,635,107,Delhi,2025-08-14,3,50000.0,0.2,120000.0
2049,325,102,Bangalore,2025-09-27,5,70000.0,0.15,297500.0
2050,328,110,Mumbai,2025-11-02,3,45000.0,0.2,108000.0
2051,879,107,Mumbai,2025-07-17,4,50000.0,0.05,190000.0
2052,714,106,Mumbai,2025-09-12,1,80000.0,0.3,56000.0
2053,86,107,Mumbai,2026-02-01,2,50000.0,0.25,75000.0
2054,180,106,Bangalore,2026-04-03,2,80000.0,0.25,120000.0
2055,682,101,Delhi,2025-10-13,3,250000.0,0.05,712500.0
2056,713,108,Hyderabad,2025-04-26,1,15000.0,0.35,9750.0
2057,541,102,Delhi,2025-10-07,2,70000.0,0.05,133000.0
2058,825,101,Bangalore,2025-07-06,5,250000.0,0.05,1187500.0
2059,284,102,Chennai,2025-07-10,1,70000.0,0.15,59500.0
2060,856,106,Bangalore,2025-05-06,4,80000.0,0.4,192000.0
2061,858,106,Hyderabad,2025-10-02,3,80000.0,0.1,216000.0
2062,165,102,Hyderabad,2026-01-08,5,70000.0,0.2,280000.0
2063,872,107,Mumbai,2025-09-09,4,50000.0,0.35,130000.0
2064,878,101,Chennai,2025-12-17,3,250000.0,0.25,562500.0
2065,134,107,Bangalore,2025-07-18,3,50000.0,0.25,112500.0
2066,655,104,Delhi,2026-04-09,4,8000.0,0.4,19200.0
2067,34,104,Hyderabad,2026-06-03,1,8000.0,0.3,5600.0
2068,816,105,Delhi,2025-06-07,1,45000.0,0.1,40500.0
2069,791,105,Hyderabad,2026-01-05,1,45000.0,0.4,27000.0
2070,283,107,Chennai,2025-07-24,2,50000.0,0.15,85000.0
2071,803,101,Chennai,2025-09-14,5,250000.0,0.2,1000000.0
2072,224,105,Mumbai,2025-12-08,2,45000.0,0.2,72000.0
2073,137,107,Mumbai,2025-09-27,3,50000.0,0.35,97500.0
2074,168,106,Mumbai,2025-09-14,4,80000.0,0.15,272000.0
2075,935,108,Mumbai,2026-04-03,2,15000.0,0.2,24000.0
2076,821,107,Delhi,2026-03-29,3,50000.0,0.25,112500.0
2077,245,109,Delhi,2025-03-10,1,65000.0,0.15,55250.0
2078,902,101,Mumbai,2025-12-16,1,250000.0,0.3,175000.0
2079,495,110,Hyderabad,2025-09-01,3,45000.0,0.25,101250.0
2080,109,104,Mumbai,2025-06-23,4,8000.0,0.4,19200.0
2081,495,103,Hyderabad,2025-11-04,4,1300.0,0.25,3900.0
2082,557,107,Hyderabad,2025-08-21,1,50000.0,0.25,37500.0
2083,379,102,Mumbai,2025-06-05,2,70000.0,0.1,126000.0
2084,349,102,Bangalore,2025-08-28,2,70000.0,0.3,98000.0
2085,611,106,Mumbai,2026-03-31,1,80000.0,0.25,60000.0
2086,402,109,Bangalore,2025-08-23,2,65000.0,0.2,104000.0
2087,530,101,Delhi,2025-12-31,5,250000.0,0.15,1062500.0
2088,508,104,Bangalore,2026-03-27,3,8000.0,0.05,22800.0
2089,141,110,Bangalore,2025-06-02,1,45000.0,0.25,33750.0
2090,559,103,Hyderabad,2025-06-30,3,1300.0,0.35,2535.0
2091,934,106,Hyderabad,2026-03-08,3,80000.0,0.05,228000.0
2092,981,105,Mumbai,2025-06-21,3,45000.0,0.25,101250.0
2093,81,109,Chennai,2025-10-11,4,65000.0,0.05,247000.0
2094,542,107,Chennai,2025-06-15,1,50000.0,0.2,40000.0
2095,375,108,Chennai,2025-07-26,4,15000.0,0.05,57000.0
2096,141,106,Bangalore,2025-07-11,1,80000.0,0.1,72000.0
2097,703,108,Delhi,2025-09-18,1,15000.0,0.35,9750.0
2098,459,104,Mumbai,2026-01-17,1,8000.0,0.35,5200.0
2099,938,102,Hyderabad,2025-12-10,1,70000.0,0.25,52500.0
2100,667,110,Bangalore,2025-07-23,1,45000.0,0.25,33750.0
2101,119,102,Delhi,2025-11-16,1,70000.0,0.15,59500.0
2102,87,104,Chennai,2025-08-27,4,8000.0,0.25,24000.0
2103,771,108,Bangalore,2025-04-26,3,15000.0,0.2,36000.0
2104,950,105,Delhi,2025-04-18,3,45000.0,0.05,128250.0
2105,305,104,Delhi,2025-05-28,5,8000.0,0.05,38000.0
2106,550,101,Chennai,2025-11-09,2,250000.0,0.35,325000.0
2107,415,106,Delhi,2025-06-16,5,80000.0,0.1,360000.0
2108,778,107,Mumbai,2026-01-22,2,50000.0,0.25,75000.0
2109,616,107,Bangalore,2025-12-24,2,50000.0,0.25,75000.0
2110,961,105,Hyderabad,2025-09-27,5,45000.0,0.15,191250.0
2111,620,109,Mumbai,2025-09-30,1,65000.0,0.2,52000.0
2112,99,104,Mumbai,2025-08-31,5,8000.0,0.4,24000.0
2113,334,108,Chennai,2026-08-03,4,15000.0,0.2,48000.0
2114,182,102,Hyderabad,2025-05-05,4,70000.0,0.05,266000.0
2115,628,109,Chennai,2026-02-24,1,65000.0,0.1,58500.0
2116,687,103,Hyderabad,2025-10-23,3,1300.0,0.2,3120.0
2117,13,101,Bangalore,2025-11-30,3,250000.0,0.25,562500.0
2118,272,109,Delhi,2026-03-31,1,65000.0,0.3,45500.0
2119,553,107,Mumbai,2025-05-02,3,50000.0,0.25,112500.0
2120,72,105,Chennai,2025-11-15,4,45000.0,0.3,126000.0
2121,964,101,Mumbai,2025-05-18,3,250000.0,0.35,487500.0
2122,890,101,Chennai,2026-07-02,4,250000.0,0.2,800000.0
2123,165,104,Hyderabad,2025-05-18,1,8000.0,0.25,6000.0
2124,183,107,Hyderabad,2025-06-13,5,50000.0,0.15,212500.0
2125,113,103,Delhi,2025-10-30,4,1300.0,0.1,4680.0
2126,867,109,Chennai,2025-07-16,2,65000.0,0.3,91000.0
2127,334,108,Chennai,2026-04-05,4,15000.0,0.3,42000.0
2128,874,105,Mumbai,2025-06-09,2,45000.0,0.3,62999.99999999999
2129,3,110,Delhi,2025-08-04,2,45000.0,0.1,81000.0
2130,193,106,Bangalore,2026-03-20,4,80000.0,0.15,272000.0
2131,712,101,Hyderabad,2025-08-20,4,250000.0,0.2,800000.0
2132,981,110,Mumbai,2026-02-23,1,45000.0,0.1,40500.0
2133,462,110,Bangalore,2026-12-03,2,45000.0,0.05,85500.0
2134,822,104,Hyderabad,2025-01-11,1,8000.0,0.3,5600.0
2135,530,108,Delhi,2025-07-02,3,15000.0,0.2,36000.0
2136,146,108,Bangalore,2025-06-19,2,15000.0,0.2,24000.0
2137,965,110,Mumbai,2025-12-26,1,45000.0,0.25,33750.0
2138,406,105,Delhi,2025-09-30,4,45000.0,0.15,153000.0
2139,68,102,Chennai,2025-09-30,1,70000.0,0.15,59500.0
2140,636,103,Mumbai,2026-03-19,5,1300.0,0.2,5200.0
2141,774,107,Hyderabad,2025-08-12,2,50000.0,0.1,90000.0
2142,852,105,Mumbai,2025-09-20,1,45000.0,0.2,36000.0
2143,239,106,Delhi,2025-12-18,4,80000.0,0.15,272000.0
2144,236,104,Bangalore,2026-07-02,3,8000.0,0.15,20400.0
2145,6,102,Hyderabad,2025-10-22,5,70000.0,0.3,245000.0
2146,735,109,Bangalore,2025-04-27,3,65000.0,0.1,175500.0
2147,283,109,Chennai,2025-09-16,5,65000.0,0.3,227500.0
2148,963,103,Chennai,2026-02-07,3,1300.0,0.3,2730.0
2149,1,103,Hyderabad,2025-10-16,4,1300.0,0.2,4160.0
2150,976,101,Chennai,2025-10-15,5,250000.0,0.15,1062500.0
2151,79,104,Bangalore,2025-05-21,4,8000.0,0.1,28800.0
2152,600,106,Chennai,2025-12-30,2,80000.0,0.35,104000.0
2153,150,108,Mumbai,2025-05-17,4,15000.0,0.3,42000.0
2154,216,104,Chennai,2025-05-29,4,8000.0,0.35,20800.0
2155,504,103,Mumbai,2025-12-19,5,1300.0,0.05,6175.0
2156,391,101,Mumbai,2026-03-31,3,250000.0,0.25,562500.0
2157,902,104,Mumbai,2025-07-07,5,8000.0,0.35,26000.0
2158,432,108,Mumbai,2025-06-26,5,15000.0,0.1,67500.0
2159,948,108,Mumbai,2025-11-25,4,15000.0,0.35,39000.0
2160,440,106,Hyderabad,2025-08-20,1,80000.0,0.4,48000.0
2161,283,103,Chennai,2025-12-15,2,1300.0,0.4,1560.0
2162,868,106,Hyderabad,2025-11-11,1,80000.0,0.35,52000.0
2163,61,103,Chennai,2026-02-02,1,1300.0,0.3,910.0
2165,217,108,Bangalore,2025-09-09,4,15000.0,0.1,54000.0
2166,191,109,Bangalore,2025-04-17,2,65000.0,0.4,78000.0
2167,560,103,Hyderabad,2026-04-02,3,1300.0,0.15,3315.0
2168,250,101,Mumbai,2025-07-05,3,250000.0,0.35,487500.0
2169,699,108,Mumbai,2025-09-09,3,15000.0,0.05,42750.0
2170,172,105,Delhi,2025-07-18,3,45000.0,0.3,94500.0
2171,442,109,Chennai,2026-07-02,5,65000.0,0.35,211250.0
2172,264,104,Bangalore,2025-09-10,1,8000.0,0.35,5200.0
2173,599,102,Mumbai,2025-04-21,2,70000.0,0.15,119000.0
2174,104,110,Hyderabad,2025-09-12,3,45000.0,0.4,81000.0
2175,633,102,Delhi,2025-10-07,4,70000.0,0.05,266000.0
2176,66,102,Bangalore,2025-10-30,5,70000.0,0.15,297500.0
2177,962,102,Mumbai,2025-07-23,3,70000.0,0.25,157500.0
2178,71,109,Bangalore,2025-12-11,4,65000.0,0.05,247000.0
2179,312,109,Bangalore,2025-08-27,5,65000.0,0.15,276250.0
2180,301,109,Delhi,2025-12-06,2,65000.0,0.05,123500.0
2181,198,101,Chennai,2025-12-28,3,250000.0,0.05,712500.0
2182,748,101,Chennai,2025-12-08,1,250000.0,0.1,225000.0
2183,585,107,Delhi,2025-11-13,1,50000.0,0.2,40000.0
2184,519,109,Bangalore,2026-03-07,5,65000.0,0.2,260000.0
2185,71,108,Bangalore,2026-02-19,2,15000.0,0.3,21000.0
2186,409,110,Bangalore,2025-11-09,3,45000.0,0.2,108000.0
2187,232,108,Chennai,2026-02-03,4,15000.0,0.25,45000.0
2188,53,110,Hyderabad,2026-04-14,5,45000.0,0.2,180000.0
2189,534,101,Delhi,2025-11-06,3,250000.0,0.2,600000.0
2190,324,102,Chennai,2026-01-13,5,70000.0,0.05,332500.0
2191,917,107,Hyderabad,2025-09-04,1,50000.0,0.2,40000.0
2192,221,105,Hyderabad,2025-07-17,1,45000.0,0.25,33750.0
2193,567,109,Bangalore,2025-04-17,3,65000.0,0.15,165750.0
2194,22,109,Chennai,2025-03-11,1,65000.0,0.35,42250.0
2195,852,105,Mumbai,2026-01-07,4,45000.0,0.1,162000.0
2196,222,108,Delhi,2025-01-09,2,15000.0,0.35,19500.0
2197,176,103,Chennai,2025-05-22,4,1300.0,0.15,4420.0
2198,687,101,Hyderabad,2026-01-16,4,250000.0,0.2,800000.0
2199,16,105,Bangalore,2026-08-02,3,45000.0,0.15,114750.0
2200,384,101,Mumbai,2025-08-09,5,250000.0,0.05,1187500.0
2201,479,109,Chennai,2025-06-10,4,65000.0,0.2,208000.0
2202,17,102,Bangalore,2025-07-08,4,70000.0,0.35,182000.0
2203,142,108,Hyderabad,2025-05-04,2,15000.0,0.35,19500.0
2204,865,104,Hyderabad,2026-10-02,2,8000.0,0.35,10400.0
2205,656,109,Hyderabad,2026-06-03,1,65000.0,0.25,48750.0
2206,199,105,Chennai,2025-07-17,1,45000.0,0.15,38250.0
2207,345,107,Chennai,2025-05-01,2,50000.0,0.05,95000.0
2208,845,110,Chennai,2025-10-28,2,45000.0,0.25,67500.0
2209,277,108,Hyderabad,2025-12-21,2,15000.0,0.2,24000.0
2210,52,106,Mumbai,2025-06-21,5,80000.0,0.4,240000.0
2211,548,110,Mumbai,2025-04-28,5,45000.0,0.4,135000.0
2212,247,102,Bangalore,2025-04-17,4,70000.0,0.2,224000.0
2213,363,103,Delhi,2025-05-16,1,1300.0,0.3,910.0
2214,947,102,Mumbai,2025-08-05,2,70000.0,0.1,126000.0
2215,626,107,Hyderabad,2025-08-26,1,50000.0,0.05,47500.0
2216,608,106,Delhi,2025-07-26,4,80000.0,0.2,256000.0
2217,263,101,Hyderabad,2026-02-28,2,250000.0,0.15,425000.0
2218,657,110,Hyderabad,2025-09-30,1,45000.0,0.25,33750.0
2219,917,105,Hyderabad,2025-12-06,2,45000.0,0.15,76500.0
2220,761,103,Chennai,2026-03-26,2,1300.0,0.05,2470.0
2221,618,110,Chennai,2025-08-20,1,45000.0,0.4,27000.0
2222,987,102,Delhi,2025-08-01,3,70000.0,0.35,136500.0
2223,131,103,Bangalore,2025-07-29,2,1300.0,0.2,2080.0
2224,860,104,Mumbai,2025-07-13,5,8000.0,0.35,26000.0
2225,368,103,Mumbai,2025-08-26,3,1300.0,0.15,3315.0
2226,622,110,Chennai,2025-11-07,2,45000.0,0.2,72000.0
2227,37,105,Mumbai,2025-07-12,2,45000.0,0.35,58500.0
2228,931,108,Mumbai,2025-09-20,5,15000.0,0.4,45000.0
2229,310,109,Mumbai,2025-04-16,2,65000.0,0.1,117000.0
2230,585,103,Delhi,2025-06-23,4,1300.0,0.4,3120.0
2231,886,102,Bangalore,2025-11-05,3,70000.0,0.4,126000.0
2232,592,102,Delhi,2025-10-07,2,70000.0,0.2,112000.0
2233,453,103,Delhi,2025-10-16,4,1300.0,0.3,3640.0
2234,899,107,Delhi,2025-11-25,1,50000.0,0.15,42500.0
2235,408,107,Hyderabad,2025-07-28,3,50000.0,0.1,135000.0
2236,865,110,Hyderabad,2025-08-18,5,45000.0,0.05,213750.0
2237,100,110,Delhi,2025-08-26,2,45000.0,0.35,58500.0
2238,767,101,Mumbai,2025-04-27,1,250000.0,0.4,150000.0
2239,647,110,Chennai,2025-06-11,1,45000.0,0.1,40500.0
2240,11,108,Delhi,2025-06-03,1,15000.0,0.4,9000.0
2241,883,101,Delhi,2026-01-11,5,250000.0,0.2,1000000.0
2242,488,109,Chennai,2025-07-13,3,65000.0,0.05,185250.0
2243,888,102,Hyderabad,2025-10-04,2,70000.0,0.1,126000.0
2244,348,110,Chennai,2025-06-20,5,45000.0,0.3,157500.0
2245,119,104,Delhi,2025-09-16,1,8000.0,0.1,7200.0
2246,932,105,Hyderabad,2025-07-08,4,45000.0,0.1,162000.0
2247,161,102,Mumbai,2025-06-03,3,70000.0,0.1,189000.0
2248,988,101,Delhi,2025-05-17,1,250000.0,0.25,187500.0
2249,634,109,Mumbai,2026-04-08,2,65000.0,0.3,91000.0
2250,701,103,Mumbai,2025-07-05,5,1300.0,0.2,5200.0
2251,314,109,Hyderabad,2025-08-12,5,65000.0,0.15,276250.0
2252,538,105,Bangalore,2026-02-24,5,45000.0,0.25,168750.0
2253,467,108,Chennai,2025-05-16,2,15000.0,0.05,28500.0
2254,873,105,Hyderabad,2025-05-09,4,45000.0,0.1,162000.0
2255,198,104,Chennai,2026-03-26,3,8000.0,0.15,20400.0
2256,485,109,Delhi,2025-04-24,4,65000.0,0.15,221000.0
2257,819,109,Chennai,2025-05-29,3,65000.0,0.15,165750.0
2258,730,109,Mumbai,2025-08-26,2,65000.0,0.4,78000.0
2259,641,107,Bangalore,2025-04-29,4,50000.0,0.4,120000.0
2260,444,108,Bangalore,2025-10-20,1,15000.0,0.25,11250.0
2261,77,104,Hyderabad,2026-03-10,4,8000.0,0.35,20800.0
2262,325,105,Bangalore,2025-09-04,2,45000.0,0.35,58500.0
2263,130,102,Hyderabad,2026-01-20,2,70000.0,0.2,112000.0
2264,833,101,Chennai,2025-10-24,2,250000.0,0.2,400000.0
2265,939,105,Hyderabad,2025-10-12,2,45000.0,0.3,62999.99999999999
2266,937,107,Mumbai,2025-09-08,4,50000.0,0.15,170000.0
2267,802,110,Bangalore,2025-07-27,2,45000.0,0.3,62999.99999999999
2268,280,102,Delhi,2025-08-06,5,70000.0,0.35,227500.0
2269,833,107,Chennai,2026-03-23,2,50000.0,0.05,95000.0
2270,348,104,Chennai,2026-11-04,1,8000.0,0.4,4800.0
2271,30,108,Hyderabad,2025-07-25,1,15000.0,0.15,12750.0
2272,942,101,Chennai,2025-08-15,1,250000.0,0.4,150000.0
2273,746,103,Bangalore,2025-06-19,5,1300.0,0.2,5200.0
2274,100,110,Delhi,2026-03-27,1,45000.0,0.15,38250.0
2275,629,107,Delhi,2025-05-15,5,50000.0,0.15,212500.0
2276,241,109,Chennai,2025-07-19,5,65000.0,0.3,227500.0
2277,311,107,Bangalore,2025-07-05,5,50000.0,0.2,200000.0
2278,35,107,Chennai,2026-02-26,4,50000.0,0.15,170000.0
2279,788,102,Bangalore,2025-05-26,5,70000.0,0.3,245000.0
2280,692,106,Bangalore,2026-03-07,5,80000.0,0.15,340000.0
2281,745,108,Hyderabad,2025-12-04,2,15000.0,0.4,18000.0
2282,692,105,Bangalore,2025-09-17,3,45000.0,0.05,128250.0
2283,285,105,Chennai,2025-04-24,5,45000.0,0.3,157500.0
2284,772,102,Hyderabad,2026-02-01,4,70000.0,0.35,182000.0
2285,919,105,Mumbai,2025-09-24,1,45000.0,0.4,27000.0
2286,599,108,Mumbai,2026-02-08,4,15000.0,0.2,48000.0
2287,829,108,Mumbai,2025-11-07,2,15000.0,0.25,22500.0
2288,419,102,Bangalore,2025-05-02,4,70000.0,0.3,196000.0
2289,295,104,Mumbai,2025-10-27,4,8000.0,0.2,25600.0
2290,119,106,Delhi,2025-09-19,3,80000.0,0.15,204000.0
2291,435,107,Delhi,2026-01-05,1,50000.0,0.3,35000.0
2292,364,109,Bangalore,2025-07-24,3,65000.0,0.4,117000.0
2293,909,109,Chennai,2025-07-07,2,65000.0,0.2,104000.0
2294,27,102,Chennai,2025-07-28,3,70000.0,0.1,189000.0
2295,798,110,Hyderabad,2026-03-12,2,45000.0,0.3,62999.99999999999
2296,131,103,Bangalore,2026-03-04,4,1300.0,0.25,3900.0
2297,247,106,Bangalore,2025-07-18,1,80000.0,0.35,52000.0
2298,22,109,Chennai,2025-10-19,5,65000.0,0.1,292500.0
2299,340,103,Chennai,2026-06-04,2,1300.0,0.35,1690.0
2300,958,106,Hyderabad,2026-02-20,5,80000.0,0.4,240000.0
2301,533,109,Chennai,2025-05-26,3,65000.0,0.2,156000.0
2302,323,110,Hyderabad,2026-01-20,5,45000.0,0.25,168750.0
2303,42,105,Hyderabad,2025-08-14,2,45000.0,0.4,54000.0
2304,423,105,Hyderabad,2026-03-07,5,45000.0,0.1,202500.0
2305,379,107,Mumbai,2025-12-23,5,50000.0,0.25,187500.0
2306,488,101,Chennai,2025-11-25,5,250000.0,0.2,1000000.0
2307,100,102,Delhi,2025-04-24,4,70000.0,0.1,252000.0
2308,975,108,Hyderabad,2025-06-21,3,15000.0,0.35,29250.0
2309,990,107,Hyderabad,2025-08-12,5,50000.0,0.2,200000.0
2310,488,107,Chennai,2025-05-18,2,50000.0,0.35,65000.0
2311,37,107,Mumbai,2025-06-01,2,50000.0,0.1,90000.0
2312,691,109,Mumbai,2025-05-03,4,65000.0,0.4,156000.0
2313,116,102,Delhi,2025-12-25,4,70000.0,0.05,266000.0
2314,144,107,Mumbai,2025-12-26,5,50000.0,0.35,162500.0
2315,235,103,Mumbai,2026-01-09,2,1300.0,0.15,2210.0
2316,885,106,Delhi,2025-12-31,1,80000.0,0.4,48000.0
2317,227,110,Bangalore,2025-07-26,5,45000.0,0.3,157500.0
2318,807,101,Mumbai,2025-11-14,3,250000.0,0.2,600000.0
2319,192,106,Bangalore,2026-01-22,2,80000.0,0.1,144000.0
2320,618,103,Chennai,2026-01-29,1,1300.0,0.3,910.0
2321,824,102,Chennai,2026-01-12,2,70000.0,0.15,119000.0
2322,763,104,Delhi,2025-10-06,1,8000.0,0.35,5200.0
2323,172,101,Delhi,2025-04-22,4,250000.0,0.3,700000.0
2324,558,101,Chennai,2026-03-12,3,250000.0,0.2,600000.0
2325,560,101,Hyderabad,2025-08-19,1,250000.0,0.2,200000.0
2326,408,102,Hyderabad,2025-07-18,4,70000.0,0.1,252000.0
2327,187,107,Bangalore,2026-01-19,1,50000.0,0.2,40000.0
2328,150,105,Mumbai,2025-10-16,5,45000.0,0.4,135000.0
2329,271,106,Bangalore,2025-12-20,4,80000.0,0.05,304000.0
2330,927,109,Chennai,2025-11-21,1,65000.0,0.4,39000.0
2331,550,107,Chennai,2025-06-21,5,50000.0,0.35,162500.0
2332,672,108,Delhi,2025-02-06,5,15000.0,0.3,52500.0
2333,948,102,Mumbai,2025-04-24,4,70000.0,0.3,196000.0
2334,340,109,Chennai,2025-12-18,5,65000.0,0.15,276250.0
2335,348,104,Chennai,2025-08-21,4,8000.0,0.25,24000.0
2336,428,107,Bangalore,2026-01-29,1,50000.0,0.25,37500.0
2337,709,108,Hyderabad,2026-10-04,4,15000.0,0.3,42000.0
2338,103,101,Delhi,2026-01-20,2,250000.0,0.25,375000.0
2339,100,109,Delhi,2026-04-16,4,65000.0,0.4,156000.0
2340,521,110,Hyderabad,2026-12-04,5,45000.0,0.3,157500.0
2341,457,104,Hyderabad,2026-03-31,4,8000.0,0.3,22400.0
2342,781,110,Mumbai,2025-05-14,1,45000.0,0.15,38250.0
2343,441,104,Bangalore,2025-01-11,2,8000.0,0.05,15200.0
2344,495,109,Hyderabad,2025-06-13,3,65000.0,0.3,136500.0
2345,890,103,Chennai,2026-01-28,5,1300.0,0.3,4550.0
2346,533,108,Chennai,2025-10-08,4,15000.0,0.3,42000.0
2347,297,103,Delhi,2025-07-26,2,1300.0,0.05,2470.0
2348,911,103,Delhi,2026-01-20,5,1300.0,0.35,4225.0
2349,98,110,Chennai,2026-02-22,3,45000.0,0.3,94500.0
2350,864,110,Chennai,2025-05-10,1,45000.0,0.05,42750.0
2351,135,103,Bangalore,2025-08-25,3,1300.0,0.15,3315.0
2352,160,104,Bangalore,2025-08-09,4,8000.0,0.3,22400.0
2353,631,103,Bangalore,2025-09-25,5,1300.0,0.25,4875.0
2354,8,104,Hyderabad,2025-08-31,2,8000.0,0.2,12800.0
2355,238,103,Bangalore,2025-05-05,3,1300.0,0.25,2925.0
2356,432,102,Mumbai,2026-09-03,1,70000.0,0.3,49000.0
2357,813,102,Chennai,2025-08-18,3,70000.0,0.2,168000.0
2358,657,110,Hyderabad,2025-10-09,3,45000.0,0.2,108000.0
2359,329,108,Mumbai,2026-01-28,3,15000.0,0.3,31500.0
2360,661,102,Chennai,2025-07-28,3,70000.0,0.2,168000.0
2361,811,103,Bangalore,2025-08-30,2,1300.0,0.35,1690.0
2362,502,103,Delhi,2025-08-14,3,1300.0,0.05,3705.0
2363,586,105,Delhi,2026-01-15,2,45000.0,0.2,72000.0
2364,167,109,Delhi,2025-07-14,4,65000.0,0.2,208000.0
2365,477,101,Hyderabad,2025-07-24,4,250000.0,0.2,800000.0
2366,894,110,Bangalore,2026-02-02,4,45000.0,0.2,144000.0
2367,347,110,Delhi,2025-11-03,4,45000.0,0.2,144000.0
2368,576,108,Delhi,2025-08-11,4,15000.0,0.15,51000.0
2369,424,110,Chennai,2025-08-22,3,45000.0,0.35,87750.0
2370,886,108,Bangalore,2025-09-24,1,15000.0,0.1,13500.0
2371,854,103,Hyderabad,2025-08-29,3,1300.0,0.35,2535.0
2372,446,107,Bangalore,2025-10-31,5,50000.0,0.3,175000.0
2373,549,110,Bangalore,2026-04-05,4,45000.0,0.3,126000.0
2374,657,108,Hyderabad,2025-11-23,1,15000.0,0.4,9000.0
2375,290,107,Chennai,2026-01-24,1,50000.0,0.25,37500.0
2376,33,101,Hyderabad,2025-06-17,2,250000.0,0.3,350000.0
2377,727,102,Bangalore,2025-08-07,2,70000.0,0.4,84000.0
2378,184,104,Hyderabad,2025-06-28,4,8000.0,0.4,19200.0
2379,748,105,Chennai,2025-12-07,4,45000.0,0.25,135000.0
2380,74,107,Delhi,2025-11-10,4,50000.0,0.35,130000.0
2381,72,107,Chennai,2025-08-29,4,50000.0,0.4,120000.0
2382,624,106,Chennai,2025-06-09,3,80000.0,0.35,156000.0
2383,259,105,Hyderabad,2025-12-27,2,45000.0,0.2,72000.0
2384,162,109,Hyderabad,2025-05-09,3,65000.0,0.05,185250.0
2385,398,109,Bangalore,2025-08-06,5,65000.0,0.4,195000.0
2386,903,108,Mumbai,2025-07-17,1,15000.0,0.4,9000.0
2387,476,109,Hyderabad,2025-08-11,2,65000.0,0.15,110500.0
2388,872,107,Mumbai,2026-02-15,2,50000.0,0.05,95000.0
2389,10,107,Delhi,2026-02-18,3,50000.0,0.3,105000.0
2390,400,103,Chennai,2025-08-11,4,1300.0,0.25,3900.0
2391,9,109,Mumbai,2025-05-18,4,65000.0,0.2,208000.0
2392,825,105,Bangalore,2025-05-18,2,45000.0,0.1,81000.0
2393,581,108,Delhi,2025-11-21,4,15000.0,0.15,51000.0
2394,564,105,Chennai,2025-06-27,4,45000.0,0.15,153000.0
2395,564,106,Chennai,2026-03-14,5,80000.0,0.2,320000.0
2396,135,110,Bangalore,2025-10-31,3,45000.0,0.15,114750.0
2397,255,110,Bangalore,2025-11-29,4,45000.0,0.05,171000.0
2398,208,101,Hyderabad,2026-01-02,3,250000.0,0.3,525000.0
2399,600,106,Chennai,2025-09-20,4,80000.0,0.25,240000.0
2400,652,108,Delhi,2025-09-03,1,15000.0,0.15,12750.0
2401,193,105,Bangalore,2025-12-19,1,45000.0,0.1,40500.0
2402,133,108,Chennai,2026-01-02,4,15000.0,0.05,57000.0
2403,384,101,Mumbai,2025-10-19,4,250000.0,0.2,800000.0
2404,302,101,Bangalore,2026-02-26,2,250000.0,0.35,325000.0
2405,485,109,Delhi,2025-06-27,3,65000.0,0.05,185250.0
2406,143,106,Chennai,2025-11-19,2,80000.0,0.1,144000.0
2407,869,101,Mumbai,2025-08-16,3,250000.0,0.4,450000.0
2408,337,103,Chennai,2026-03-02,4,1300.0,0.2,4160.0
2409,520,110,Mumbai,2025-06-16,1,45000.0,0.2,36000.0
2410,390,104,Mumbai,2025-12-20,5,8000.0,0.15,34000.0
2412,89,108,Hyderabad,2026-04-03,2,15000.0,0.4,18000.0
2413,696,105,Mumbai,2025-08-09,2,45000.0,0.05,85500.0
2414,514,101,Chennai,2026-02-25,3,250000.0,0.2,600000.0
2415,375,105,Chennai,2025-12-23,2,45000.0,0.4,54000.0
2416,904,107,Bangalore,2026-01-14,2,50000.0,0.35,65000.0
2417,153,102,Hyderabad,2025-12-13,1,70000.0,0.1,63000.0
2418,487,104,Hyderabad,2025-08-04,1,8000.0,0.4,4800.0
2419,988,108,Delhi,2025-10-18,4,15000.0,0.35,39000.0
2420,884,105,Delhi,2025-11-26,4,45000.0,0.3,126000.0
2421,918,109,Bangalore,2025-12-29,4,65000.0,0.15,221000.0
2422,330,109,Hyderabad,2025-06-02,2,65000.0,0.15,110500.0
2423,248,106,Hyderabad,2026-02-20,5,80000.0,0.3,280000.0
2424,640,102,Bangalore,2025-05-15,3,70000.0,0.05,199500.0
2425,14,108,Hyderabad,2026-01-02,3,15000.0,0.3,31500.0
2426,243,108,Delhi,2026-02-08,4,15000.0,0.2,48000.0
2427,621,110,Delhi,2025-05-21,3,45000.0,0.25,101250.0
2428,800,110,Hyderabad,2025-05-25,4,45000.0,0.25,135000.0
2429,724,102,Chennai,2025-05-05,3,70000.0,0.2,168000.0
2430,64,104,Mumbai,2026-09-04,2,8000.0,0.1,14400.0
2431,761,109,Chennai,2026-03-12,1,65000.0,0.3,45500.0
2432,824,107,Chennai,2026-03-21,2,50000.0,0.25,75000.0
2433,905,110,Hyderabad,2025-05-19,5,45000.0,0.25,168750.0
2434,361,107,Delhi,2025-10-03,2,50000.0,0.3,70000.0
2435,370,104,Delhi,2025-09-19,3,8000.0,0.4,14400.0
2436,771,109,Bangalore,2025-11-24,1,65000.0,0.1,58500.0
2437,326,103,Delhi,2025-04-30,3,1300.0,0.1,3510.0
2438,4,105,Chennai,2025-06-27,3,45000.0,0.05,128250.0
2440,1,108,Hyderabad,2026-03-27,5,15000.0,0.2,60000.0
2441,597,107,Bangalore,2025-06-18,5,50000.0,0.1,225000.0
2442,758,105,Chennai,2025-07-23,4,45000.0,0.4,108000.0
2443,778,108,Mumbai,2026-04-05,4,15000.0,0.05,57000.0
2444,239,106,Delhi,2026-02-17,1,80000.0,0.4,48000.0
2445,996,106,Hyderabad,2025-06-25,1,80000.0,0.1,72000.0
2446,611,107,Mumbai,2025-10-19,3,50000.0,0.35,97500.0
2447,113,101,Delhi,2025-05-20,4,250000.0,0.4,600000.0
2448,676,108,Bangalore,2026-08-03,2,15000.0,0.15,25500.0
2449,907,108,Hyderabad,2026-03-01,2,15000.0,0.2,24000.0
2450,640,107,Bangalore,2025-09-23,4,50000.0,0.35,130000.0
2451,991,102,Hyderabad,2026-01-16,3,70000.0,0.4,126000.0
2452,574,104,Bangalore,2025-08-14,4,8000.0,0.35,20800.0
2453,707,108,Delhi,2026-03-11,2,15000.0,0.3,21000.0
2454,153,110,Hyderabad,2025-08-18,1,45000.0,0.05,42750.0
2455,880,106,Chennai,2025-07-30,2,80000.0,0.35,104000.0
2456,398,110,Bangalore,2025-08-12,3,45000.0,0.15,114750.0
2457,790,105,Bangalore,2025-09-23,4,45000.0,0.35,117000.0
2458,384,110,Mumbai,2026-02-17,5,45000.0,0.35,146250.0
2459,197,101,Mumbai,2025-04-19,4,250000.0,0.4,600000.0
2460,613,109,Hyderabad,2025-10-29,3,65000.0,0.3,136500.0
2461,885,104,Delhi,2025-04-22,4,8000.0,0.3,22400.0
2462,312,110,Bangalore,2025-09-10,2,45000.0,0.4,54000.0
2463,528,110,Chennai,2025-06-15,3,45000.0,0.25,101250.0
2464,241,101,Chennai,2025-05-02,4,250000.0,0.05,950000.0
2465,693,107,Delhi,2026-03-09,5,50000.0,0.4,150000.0
2466,576,108,Delhi,2026-02-09,5,15000.0,0.35,48750.0
2467,798,110,Hyderabad,2025-05-05,1,45000.0,0.15,38250.0
2468,601,101,Hyderabad,2026-02-04,2,250000.0,0.1,450000.0
2470,443,107,Chennai,2026-02-20,3,50000.0,0.1,135000.0
2471,813,108,Chennai,2026-02-02,5,15000.0,0.35,48750.0
2472,347,102,Delhi,2026-02-07,4,70000.0,0.3,196000.0
2473,86,105,Mumbai,2025-08-31,5,45000.0,0.05,213750.0
2474,664,104,Bangalore,2026-02-20,2,8000.0,0.05,15200.0
2475,934,102,Hyderabad,2025-05-05,1,70000.0,0.4,42000.0
2476,356,103,Hyderabad,2025-12-18,4,1300.0,0.4,3120.0
2477,590,105,Bangalore,2025-05-31,5,45000.0,0.4,135000.0
2478,28,109,Chennai,2025-11-13,1,65000.0,0.3,45500.0
2479,300,104,Hyderabad,2025-09-21,4,8000.0,0.05,30400.0
2480,289,104,Bangalore,2025-08-25,3,8000.0,0.25,18000.0
2481,220,106,Bangalore,2025-05-29,2,80000.0,0.15,136000.0
2482,667,109,Bangalore,2025-10-29,4,65000.0,0.2,208000.0
2483,482,101,Chennai,2025-07-01,3,250000.0,0.25,562500.0
2484,560,106,Hyderabad,2026-02-11,3,80000.0,0.35,156000.0
2485,386,106,Chennai,2026-01-13,3,80000.0,0.05,228000.0
2486,562,101,Chennai,2026-03-10,3,250000.0,0.3,525000.0
2487,140,102,Chennai,2026-04-10,1,70000.0,0.2,56000.0
2488,17,106,Bangalore,2026-03-26,2,80000.0,0.4,96000.0
2489,1000,108,Bangalore,2025-10-29,3,15000.0,0.25,33750.0
2490,390,105,Mumbai,2025-11-30,5,45000.0,0.05,213750.0
2491,463,103,Delhi,2025-07-01,5,1300.0,0.1,5850.0
2492,937,106,Mumbai,2025-12-31,4,80000.0,0.35,208000.0
2493,879,110,Mumbai,2026-03-15,4,45000.0,0.05,171000.0
2494,568,103,Mumbai,2025-07-07,2,1300.0,0.15,2210.0
2495,215,103,Mumbai,2025-10-12,1,1300.0,0.1,1170.0
2496,373,108,Mumbai,2025-06-18,4,15000.0,0.15,51000.0
2497,472,109,Chennai,2026-12-02,2,65000.0,0.15,110500.0
2498,722,107,Bangalore,2026-01-13,2,50000.0,0.15,85000.0
2499,60,110,Bangalore,2025-07-14,2,45000.0,0.05,85500.0
2500,875,101,Delhi,2025-08-05,1,250000.0,0.05,237500.0
2501,435,110,Delhi,2025-07-07,5,45000.0,0.3,157500.0
2502,453,103,Delhi,2026-02-27,5,1300.0,0.15,5525.0
2503,493,105,Hyderabad,2025-11-14,4,45000.0,0.4,108000.0
2504,18,107,Mumbai,2026-02-25,4,50000.0,0.05,190000.0
2506,349,110,Bangalore,2026-04-16,5,45000.0,0.2,180000.0
2507,280,106,Delhi,2025-12-23,1,80000.0,0.35,52000.0
2508,870,104,Bangalore,2025-08-10,1,8000.0,0.3,5600.0
2509,400,101,Chennai,2026-01-26,5,250000.0,0.25,937500.0
2510,949,109,Bangalore,2025-12-04,4,65000.0,0.3,182000.0
2511,564,108,Chennai,2025-12-04,2,15000.0,0.35,19500.0
2512,791,104,Hyderabad,2025-08-17,2,8000.0,0.35,10400.0
2513,649,104,Bangalore,2025-07-12,2,8000.0,0.35,10400.0
2514,775,105,Chennai,2025-12-11,4,45000.0,0.2,144000.0
2515,609,102,Delhi,2026-03-06,5,70000.0,0.35,227500.0
2516,644,105,Delhi,2025-04-26,5,45000.0,0.3,157500.0
2517,678,102,Delhi,2025-06-16,2,70000.0,0.4,84000.0
2518,107,107,Chennai,2025-05-27,5,50000.0,0.35,162500.0
2519,515,110,Chennai,2025-04-17,5,45000.0,0.15,191250.0
2520,838,102,Chennai,2025-05-12,4,70000.0,0.1,252000.0
2521,678,109,Delhi,2025-12-12,4,65000.0,0.2,208000.0
2522,817,110,Chennai,2026-01-08,4,45000.0,0.4,108000.0
2523,368,102,Mumbai,2025-11-27,5,70000.0,0.3,245000.0
2524,189,104,Chennai,2026-01-28,3,8000.0,0.1,21600.0
2525,926,105,Hyderabad,2025-09-07,3,45000.0,0.1,121500.0
2526,921,106,Mumbai,2026-03-19,2,80000.0,0.2,128000.0
2527,51,109,Chennai,2025-11-10,3,65000.0,0.05,185250.0
2528,377,103,Mumbai,2025-11-27,1,1300.0,0.25,975.0
2529,466,105,Delhi,2026-01-08,4,45000.0,0.3,126000.0
2530,186,108,Chennai,2025-08-23,5,15000.0,0.4,45000.0
2531,374,107,Mumbai,2025-12-19,4,50000.0,0.4,120000.0
2532,17,102,Bangalore,2025-12-23,1,70000.0,0.4,42000.0
2533,23,103,Chennai,2026-04-11,2,1300.0,0.4,1560.0
2534,951,109,Mumbai,2026-03-20,1,65000.0,0.2,52000.0
2535,358,107,Delhi,2025-04-24,2,50000.0,0.1,90000.0
2536,853,107,Mumbai,2025-07-16,1,50000.0,0.1,45000.0
2537,45,105,Delhi,2025-12-30,2,45000.0,0.2,72000.0
2538,862,105,Chennai,2025-06-10,4,45000.0,0.35,117000.0
2539,431,105,Bangalore,2025-08-04,1,45000.0,0.1,40500.0
2540,693,106,Delhi,2025-12-10,4,80000.0,0.2,256000.0
2541,43,110,Chennai,2025-04-24,5,45000.0,0.3,157500.0
2542,302,102,Bangalore,2026-03-08,5,70000.0,0.05,332500.0
2543,342,104,Hyderabad,2026-04-10,4,8000.0,0.4,19200.0
2544,81,103,Chennai,2025-10-19,1,1300.0,0.3,910.0
2545,153,105,Hyderabad,2026-03-27,3,45000.0,0.4,81000.0
2546,812,109,Hyderabad,2025-10-29,4,65000.0,0.2,208000.0
2547,322,105,Bangalore,2026-03-13,5,45000.0,0.15,191250.0
2549,299,110,Chennai,2025-04-26,2,45000.0,0.1,81000.0
2550,806,102,Chennai,2025-12-29,2,70000.0,0.15,119000.0
2551,800,107,Hyderabad,2025-06-08,1,50000.0,0.15,42500.0
2552,223,108,Hyderabad,2025-12-27,3,15000.0,0.35,29250.0
2553,40,107,Hyderabad,2025-08-19,3,50000.0,0.05,142500.0
2554,239,102,Delhi,2025-12-28,4,70000.0,0.3,196000.0
2555,832,103,Delhi,2025-10-10,2,1300.0,0.25,1950.0
2556,660,102,Hyderabad,2026-03-09,5,70000.0,0.1,315000.0
2557,798,104,Hyderabad,2025-04-30,2,8000.0,0.3,11200.0
2558,541,104,Delhi,2025-10-24,1,8000.0,0.1,7200.0
2559,209,109,Chennai,2025-12-29,5,65000.0,0.1,292500.0
2560,18,107,Mumbai,2025-11-28,3,50000.0,0.05,142500.0
2561,728,103,Chennai,2025-05-16,1,1300.0,0.1,1170.0
2562,730,110,Mumbai,2026-04-04,5,45000.0,0.4,135000.0
2563,709,101,Hyderabad,2026-03-16,4,250000.0,0.25,750000.0
2564,710,101,Mumbai,2025-09-10,2,250000.0,0.1,450000.0
2565,878,101,Chennai,2025-10-20,3,250000.0,0.4,450000.0
2566,866,107,Hyderabad,2026-09-04,4,50000.0,0.2,160000.0
2567,520,103,Mumbai,2025-05-10,5,1300.0,0.35,4225.0
2568,927,110,Chennai,2025-06-02,1,45000.0,0.1,40500.0
2569,814,101,Hyderabad,2025-02-06,2,250000.0,0.3,350000.0
2570,595,108,Hyderabad,2026-10-02,1,15000.0,0.25,11250.0
2571,153,103,Hyderabad,2025-01-10,4,1300.0,0.3,3640.0
2572,950,104,Delhi,2025-07-17,2,8000.0,0.3,11200.0
2573,347,107,Delhi,2025-09-10,5,50000.0,0.3,175000.0
2574,153,104,Hyderabad,2026-03-12,5,8000.0,0.05,38000.0
2575,148,101,Hyderabad,2025-05-13,4,250000.0,0.4,600000.0
2576,531,106,Bangalore,2025-10-05,5,80000.0,0.1,360000.0
2577,375,102,Chennai,2025-09-23,3,70000.0,0.4,126000.0
2578,885,108,Delhi,2025-06-17,4,15000.0,0.35,39000.0
2579,773,107,Mumbai,2025-08-14,4,50000.0,0.25,150000.0
2580,623,101,Chennai,2025-10-28,1,250000.0,0.1,225000.0
2581,998,104,Delhi,2025-07-06,3,8000.0,0.05,22800.0
2582,514,106,Chennai,2025-05-21,4,80000.0,0.3,224000.0
2583,569,104,Mumbai,2025-11-23,1,8000.0,0.35,5200.0
2584,594,108,Mumbai,2025-10-10,2,15000.0,0.35,19500.0
2585,242,106,Hyderabad,2025-06-17,3,80000.0,0.25,180000.0
2586,592,103,Delhi,2025-06-07,5,1300.0,0.3,4550.0
2587,658,105,Bangalore,2025-11-20,5,45000.0,0.3,157500.0
2588,702,105,Delhi,2026-03-16,2,45000.0,0.15,76500.0
2589,904,109,Bangalore,2025-10-16,5,65000.0,0.4,195000.0
2590,143,105,Chennai,2025-12-03,2,45000.0,0.05,85500.0
2591,957,110,Delhi,2025-11-23,5,45000.0,0.25,168750.0
2592,309,109,Delhi,2025-05-19,2,65000.0,0.35,84500.0
2593,130,106,Hyderabad,2026-02-10,5,80000.0,0.2,320000.0
2594,705,110,Hyderabad,2025-08-25,2,45000.0,0.1,81000.0
2595,371,109,Mumbai,2025-07-05,1,65000.0,0.05,61750.0
2596,550,104,Chennai,2026-01-08,1,8000.0,0.05,7600.0
2597,939,105,Hyderabad,2026-01-05,4,45000.0,0.3,126000.0
2598,539,102,Bangalore,2026-03-08,1,70000.0,0.4,42000.0
2599,871,105,Chennai,2025-08-07,5,45000.0,0.15,191250.0
2600,16,101,Bangalore,2025-11-13,5,250000.0,0.4,750000.0
2601,681,106,Mumbai,2025-10-08,3,80000.0,0.35,156000.0
2602,435,108,Delhi,2026-07-04,3,15000.0,0.25,33750.0
2603,154,110,Chennai,2025-08-10,5,45000.0,0.1,202500.0
2604,644,104,Delhi,2026-03-05,5,8000.0,0.35,26000.0
2605,2,101,Delhi,2026-01-22,2,250000.0,0.15,425000.0
2606,459,109,Mumbai,2025-07-10,4,65000.0,0.05,247000.0
2607,246,103,Delhi,2026-01-15,3,1300.0,0.15,3315.0
2608,275,102,Bangalore,2025-12-16,5,70000.0,0.35,227500.0
2609,900,104,Bangalore,2025-09-21,3,8000.0,0.15,20400.0
2610,148,105,Hyderabad,2025-10-05,3,45000.0,0.25,101250.0
2611,471,104,Chennai,2025-08-06,1,8000.0,0.4,4800.0
2612,588,105,Delhi,2026-02-23,4,45000.0,0.05,171000.0
2613,45,102,Delhi,2025-06-15,2,70000.0,0.1,126000.0
2614,253,109,Delhi,2025-12-01,5,65000.0,0.1,292500.0
2615,421,109,Delhi,2026-05-01,5,65000.0,0.25,243750.0
2616,93,107,Mumbai,2025-10-16,5,50000.0,0.15,212500.0
2617,945,105,Hyderabad,2025-09-03,4,45000.0,0.1,162000.0
2618,43,103,Chennai,2025-05-26,3,1300.0,0.05,3705.0
2619,296,110,Bangalore,2025-10-31,1,45000.0,0.1,40500.0
2620,60,108,Bangalore,2025-05-20,1,15000.0,0.15,12750.0
2621,967,107,Hyderabad,2025-10-21,4,50000.0,0.05,190000.0
2622,881,107,Bangalore,2025-06-21,3,50000.0,0.15,127500.0
2623,144,109,Mumbai,2026-08-03,3,65000.0,0.2,156000.0
2624,504,102,Mumbai,2025-06-06,4,70000.0,0.05,266000.0
2625,966,110,Delhi,2025-08-19,1,45000.0,0.2,36000.0
2626,703,109,Delhi,2026-03-30,4,65000.0,0.35,169000.0
2627,502,104,Delhi,2025-11-15,3,8000.0,0.05,22800.0
2628,188,109,Hyderabad,2025-07-18,5,65000.0,0.1,292500.0
2629,172,107,Delhi,2026-02-06,2,50000.0,0.1,90000.0
2630,377,110,Mumbai,2025-12-08,1,45000.0,0.05,42750.0
2631,888,104,Hyderabad,2025-08-13,1,8000.0,0.4,4800.0
2632,52,109,Mumbai,2025-06-09,1,65000.0,0.35,42250.0
2633,465,107,Hyderabad,2025-11-20,2,50000.0,0.15,85000.0
2634,463,107,Delhi,2025-09-05,3,50000.0,0.2,120000.0
2635,260,106,Chennai,2025-03-12,5,80000.0,0.4,240000.0
2636,417,107,Delhi,2026-03-31,4,50000.0,0.3,140000.0
2637,312,110,Bangalore,2026-04-01,5,45000.0,0.2,180000.0
2638,281,101,Bangalore,2026-02-16,2,250000.0,0.15,425000.0
2639,604,107,Chennai,2026-04-08,3,50000.0,0.2,120000.0
2640,277,101,Hyderabad,2025-04-27,2,250000.0,0.3,350000.0
2641,692,102,Bangalore,2025-12-20,3,70000.0,0.35,136500.0
2642,273,101,Hyderabad,2026-12-04,4,250000.0,0.05,950000.0
2643,647,103,Chennai,2025-04-16,2,1300.0,0.05,2470.0
2644,337,106,Chennai,2026-04-14,5,80000.0,0.05,380000.0
2645,680,106,Delhi,2025-03-05,3,80000.0,0.4,144000.0
2646,585,104,Delhi,2025-11-14,3,8000.0,0.35,15600.0
2647,582,106,Hyderabad,2025-10-03,3,80000.0,0.2,192000.0
2648,959,102,Chennai,2025-12-08,3,70000.0,0.1,189000.0
2649,440,105,Hyderabad,2025-07-02,4,45000.0,0.35,117000.0
2650,846,104,Hyderabad,2025-08-23,5,8000.0,0.05,38000.0
2651,565,103,Mumbai,2025-11-07,5,1300.0,0.05,6175.0
2652,363,106,Delhi,2025-08-30,5,80000.0,0.1,360000.0
2653,928,110,Bangalore,2026-01-05,2,45000.0,0.4,54000.0
2654,288,106,Hyderabad,2025-10-25,2,80000.0,0.05,152000.0
2655,569,106,Mumbai,2025-12-05,4,80000.0,0.1,288000.0
2656,478,104,Mumbai,2025-12-15,4,8000.0,0.35,20800.0
2657,196,109,Chennai,2026-03-11,2,65000.0,0.25,97500.0
2658,109,102,Mumbai,2026-03-11,3,70000.0,0.25,157500.0
2659,918,107,Bangalore,2025-10-31,4,50000.0,0.1,180000.0
2660,735,109,Bangalore,2025-10-31,2,65000.0,0.2,104000.0
2661,715,108,Delhi,2025-11-06,2,15000.0,0.05,28500.0
2662,688,107,Mumbai,2025-08-12,1,50000.0,0.35,32500.0
2663,44,107,Mumbai,2026-03-10,4,50000.0,0.4,120000.0
2664,29,103,Hyderabad,2025-09-05,3,1300.0,0.1,3510.0
2665,321,110,Mumbai,2025-01-09,3,45000.0,0.1,121500.0
2666,912,110,Mumbai,2025-08-08,1,45000.0,0.4,27000.0
2667,960,106,Delhi,2025-09-27,5,80000.0,0.2,320000.0
2668,11,106,Delhi,2025-08-19,3,80000.0,0.1,216000.0
2669,224,101,Mumbai,2026-02-20,5,250000.0,0.25,937500.0
2670,750,101,Hyderabad,2025-10-28,3,250000.0,0.4,450000.0
2671,894,106,Bangalore,2025-07-31,1,80000.0,0.25,60000.0
2672,652,110,Delhi,2026-01-21,1,45000.0,0.2,36000.0
2673,864,110,Chennai,2026-02-22,4,45000.0,0.25,135000.0
2674,81,105,Chennai,2025-05-22,5,45000.0,0.35,146250.0
2675,504,105,Mumbai,2025-05-02,3,45000.0,0.05,128250.0
2676,67,107,Chennai,2025-09-21,4,50000.0,0.3,140000.0
2677,228,105,Hyderabad,2025-04-24,1,45000.0,0.4,27000.0
2678,542,109,Chennai,2025-12-23,1,65000.0,0.3,45500.0
2679,616,103,Bangalore,2025-10-14,4,1300.0,0.3,3640.0
2680,640,106,Bangalore,2025-05-31,3,80000.0,0.1,216000.0
2681,988,109,Delhi,2025-09-21,4,65000.0,0.4,156000.0
2682,299,102,Chennai,2026-01-11,4,70000.0,0.4,168000.0
2683,259,107,Hyderabad,2025-05-31,2,50000.0,0.35,65000.0
2684,744,101,Chennai,2025-06-14,3,250000.0,0.2,600000.0
2685,301,107,Delhi,2026-01-18,1,50000.0,0.35,32500.0
2686,911,103,Delhi,2026-04-08,5,1300.0,0.05,6175.0
2687,940,102,Chennai,2025-12-18,2,70000.0,0.25,105000.0
2688,515,103,Chennai,2025-04-19,1,1300.0,0.05,1235.0
2689,408,103,Hyderabad,2026-01-02,3,1300.0,0.3,2730.0
2690,302,108,Bangalore,2025-07-08,4,15000.0,0.25,45000.0
2691,761,110,Chennai,2025-06-05,5,45000.0,0.4,135000.0
2692,432,110,Mumbai,2025-07-28,5,45000.0,0.05,213750.0
2693,290,106,Chennai,2025-08-28,4,80000.0,0.25,240000.0
2694,193,105,Bangalore,2025-08-11,3,45000.0,0.35,87750.0
2695,199,105,Chennai,2025-11-25,2,45000.0,0.25,67500.0
2696,15,101,Chennai,2025-07-21,4,250000.0,0.1,900000.0
2697,835,108,Delhi,2025-07-28,3,15000.0,0.35,29250.0
2698,507,106,Delhi,2025-10-24,2,80000.0,0.2,128000.0
2699,234,109,Delhi,2025-07-15,3,65000.0,0.35,126750.0
2700,363,109,Delhi,2026-03-24,2,65000.0,0.15,110500.0
2701,186,101,Chennai,2025-07-22,3,250000.0,0.15,637500.0
2702,16,110,Bangalore,2025-12-25,4,45000.0,0.05,171000.0
2703,600,105,Chennai,2026-02-27,2,45000.0,0.05,85500.0
2704,539,102,Bangalore,2025-11-20,5,70000.0,0.2,280000.0
2705,296,102,Bangalore,2025-10-12,3,70000.0,0.4,126000.0
2706,951,105,Mumbai,2026-02-12,4,45000.0,0.05,171000.0
2707,689,102,Bangalore,2026-03-06,5,70000.0,0.35,227500.0
2708,846,109,Hyderabad,2025-05-11,5,65000.0,0.35,211250.0
2709,100,104,Delhi,2025-05-30,5,8000.0,0.4,24000.0
2710,180,106,Bangalore,2026-02-18,3,80000.0,0.1,216000.0
2711,728,102,Chennai,2025-07-09,1,70000.0,0.05,66500.0
2712,230,108,Hyderabad,2026-12-03,2,15000.0,0.15,25500.0
2713,881,102,Bangalore,2026-05-04,5,70000.0,0.2,280000.0
2714,894,105,Bangalore,2026-02-16,5,45000.0,0.35,146250.0
2715,106,102,Chennai,2025-09-26,3,70000.0,0.15,178500.0
2716,54,101,Hyderabad,2025-12-14,1,250000.0,0.4,150000.0
2717,138,108,Bangalore,2026-01-14,3,15000.0,0.35,29250.0
2718,131,103,Bangalore,2025-10-08,5,1300.0,0.35,4225.0
2719,647,108,Chennai,2025-04-16,4,15000.0,0.3,42000.0
2720,933,101,Bangalore,2026-04-03,4,250000.0,0.15,850000.0
2721,43,101,Chennai,2026-01-01,4,250000.0,0.35,650000.0
2722,261,110,Bangalore,2025-03-05,4,45000.0,0.05,171000.0
2723,819,102,Chennai,2026-03-21,5,70000.0,0.1,315000.0
2724,265,105,Bangalore,2025-10-06,4,45000.0,0.4,108000.0
2725,924,106,Hyderabad,2025-12-21,1,80000.0,0.3,56000.0
2726,296,101,Bangalore,2026-01-16,2,250000.0,0.35,325000.0
2727,671,106,Chennai,2026-01-28,4,80000.0,0.15,272000.0
2728,779,105,Chennai,2025-06-11,4,45000.0,0.4,108000.0
2729,189,106,Chennai,2025-04-28,4,80000.0,0.05,304000.0
2730,845,108,Chennai,2025-04-26,5,15000.0,0.15,63750.0
2731,422,108,Delhi,2026-01-22,2,15000.0,0.2,24000.0
2732,338,103,Delhi,2025-04-26,5,1300.0,0.35,4225.0
2733,822,103,Hyderabad,2025-05-26,2,1300.0,0.05,2470.0
2734,59,102,Hyderabad,2026-03-22,2,70000.0,0.15,119000.0
2735,987,104,Delhi,2025-10-28,5,8000.0,0.05,38000.0
2736,98,109,Chennai,2026-01-27,1,65000.0,0.15,55250.0
2737,727,101,Bangalore,2026-03-27,2,250000.0,0.4,300000.0
2738,190,107,Chennai,2026-03-11,1,50000.0,0.35,32500.0
2739,192,104,Bangalore,2026-04-01,4,8000.0,0.4,19200.0
2740,699,102,Mumbai,2026-03-16,4,70000.0,0.15,238000.0
2741,450,107,Bangalore,2025-05-23,2,50000.0,0.35,65000.0
2742,519,106,Bangalore,2026-02-08,3,80000.0,0.3,168000.0
2743,896,108,Mumbai,2026-04-09,3,15000.0,0.25,33750.0
2744,797,102,Bangalore,2025-10-01,5,70000.0,0.1,315000.0
2745,425,102,Hyderabad,2026-01-20,3,70000.0,0.4,126000.0
2746,241,108,Chennai,2025-08-03,1,15000.0,0.1,13500.0
2747,409,110,Bangalore,2025-07-13,5,45000.0,0.35,146250.0
2748,569,106,Mumbai,2025-05-06,5,80000.0,0.15,340000.0
2749,264,108,Bangalore,2025-12-28,4,15000.0,0.1,54000.0
2750,897,103,Mumbai,2026-04-08,3,1300.0,0.15,3315.0
2751,501,101,Bangalore,2025-05-17,5,250000.0,0.2,1000000.0
2752,140,102,Chennai,2025-07-12,2,70000.0,0.3,98000.0
2753,715,108,Delhi,2026-02-04,2,15000.0,0.15,25500.0
2754,628,102,Chennai,2026-01-31,4,70000.0,0.3,196000.0
2755,190,110,Chennai,2025-06-22,1,45000.0,0.1,40500.0
2756,97,101,Bangalore,2026-03-13,5,250000.0,0.4,750000.0
2757,557,110,Hyderabad,2026-03-28,2,45000.0,0.35,58500.0
2758,748,104,Chennai,2025-07-11,1,8000.0,0.15,6800.0
2759,2,106,Delhi,2025-02-12,5,80000.0,0.25,300000.0
2760,895,101,Bangalore,2025-06-29,4,250000.0,0.1,900000.0
2761,128,102,Bangalore,2025-07-18,2,70000.0,0.3,98000.0
2762,142,110,Hyderabad,2025-10-12,4,45000.0,0.35,117000.0
2763,974,104,Bangalore,2025-07-28,4,8000.0,0.15,27200.0
2764,374,106,Mumbai,2025-08-13,5,80000.0,0.3,280000.0
2765,300,104,Hyderabad,2025-12-26,4,8000.0,0.2,25600.0
2766,425,105,Hyderabad,2025-10-06,2,45000.0,0.25,67500.0
2767,355,103,Hyderabad,2026-01-26,5,1300.0,0.25,4875.0
2768,58,107,Hyderabad,2025-07-12,1,50000.0,0.1,45000.0
2769,456,110,Chennai,2026-01-04,1,45000.0,0.1,40500.0
2770,588,103,Delhi,2025-11-14,2,1300.0,0.4,1560.0
2771,684,109,Mumbai,2025-07-27,2,65000.0,0.15,110500.0
2772,674,103,Bangalore,2025-05-21,3,1300.0,0.3,2730.0
2773,557,103,Hyderabad,2026-02-03,3,1300.0,0.3,2730.0
2774,999,106,Hyderabad,2026-03-25,1,80000.0,0.05,76000.0
2775,603,110,Chennai,2025-03-11,2,45000.0,0.4,54000.0
2776,665,102,Delhi,2025-12-16,1,70000.0,0.25,52500.0
2777,754,103,Mumbai,2025-12-27,3,1300.0,0.25,2925.0
2778,672,108,Delhi,2025-05-03,3,15000.0,0.35,29250.0
2779,279,104,Hyderabad,2026-02-02,1,8000.0,0.15,6800.0
2780,342,104,Hyderabad,2025-09-18,4,8000.0,0.2,25600.0
2781,525,105,Bangalore,2025-07-02,1,45000.0,0.05,42750.0
2782,958,110,Hyderabad,2025-06-30,3,45000.0,0.15,114750.0
2783,449,101,Delhi,2025-07-20,1,250000.0,0.05,237500.0
2784,974,106,Bangalore,2025-08-03,1,80000.0,0.05,76000.0
2785,480,108,Hyderabad,2025-11-19,5,15000.0,0.15,63750.0
2786,586,101,Delhi,2026-03-30,1,250000.0,0.4,150000.0
2787,885,107,Delhi,2026-01-31,5,50000.0,0.2,200000.0
2788,791,108,Hyderabad,2026-01-19,2,15000.0,0.1,27000.0
2789,785,104,Chennai,2025-08-17,1,8000.0,0.1,7200.0
2790,212,108,Bangalore,2025-06-22,5,15000.0,0.15,63750.0
2791,661,103,Chennai,2026-02-25,1,1300.0,0.15,1105.0
2792,500,110,Bangalore,2025-12-09,5,45000.0,0.4,135000.0
2793,611,106,Mumbai,2025-09-01,5,80000.0,0.25,300000.0
2794,657,106,Hyderabad,2025-06-17,5,80000.0,0.3,280000.0
2795,523,103,Chennai,2025-10-07,5,1300.0,0.2,5200.0
2796,202,105,Delhi,2026-08-04,2,45000.0,0.2,72000.0
2797,775,109,Chennai,2026-02-10,3,65000.0,0.3,136500.0
2798,957,104,Delhi,2025-12-17,3,8000.0,0.3,16800.0
2799,704,105,Chennai,2025-09-21,2,45000.0,0.2,72000.0
2800,913,102,Delhi,2026-03-26,5,70000.0,0.4,210000.0
2801,877,110,Hyderabad,2025-05-25,4,45000.0,0.25,135000.0
2802,804,102,Bangalore,2026-01-10,1,70000.0,0.3,49000.0
2803,944,101,Delhi,2026-04-14,2,250000.0,0.25,375000.0
2804,926,103,Hyderabad,2025-09-15,4,1300.0,0.15,4420.0
2805,923,107,Mumbai,2025-07-02,3,50000.0,0.4,90000.0
2806,22,109,Chennai,2025-10-31,5,65000.0,0.05,308750.0
2807,260,104,Chennai,2026-01-23,1,8000.0,0.35,5200.0
2808,14,103,Hyderabad,2025-11-02,1,1300.0,0.3,910.0
2809,861,108,Bangalore,2026-02-12,4,15000.0,0.35,39000.0
2810,38,110,Bangalore,2026-04-03,1,45000.0,0.05,42750.0
2811,508,102,Bangalore,2025-12-16,3,70000.0,0.3,147000.0
2812,221,103,Hyderabad,2026-02-25,2,1300.0,0.05,2470.0
2813,139,101,Mumbai,2025-08-20,1,250000.0,0.2,200000.0
2814,258,102,Chennai,2025-05-01,1,70000.0,0.15,59500.0
2815,207,110,Bangalore,2025-04-24,4,45000.0,0.15,153000.0
2816,874,101,Mumbai,2025-10-12,1,250000.0,0.2,200000.0
2817,388,104,Bangalore,2026-03-29,3,8000.0,0.25,18000.0
2818,893,110,Delhi,2026-03-30,2,45000.0,0.3,62999.99999999999
2820,614,105,Delhi,2026-03-26,2,45000.0,0.4,54000.0
2821,10,109,Delhi,2025-04-05,1,65000.0,0.35,42250.0
2822,997,102,Mumbai,2025-11-30,2,70000.0,0.1,126000.0
2823,956,101,Delhi,2025-11-19,2,250000.0,0.25,375000.0
2824,303,101,Chennai,2025-05-09,3,250000.0,0.35,487500.0
2825,10,105,Delhi,2025-12-19,3,45000.0,0.3,94500.0
2826,703,103,Delhi,2025-04-25,5,1300.0,0.4,3900.0
2827,195,110,Bangalore,2025-08-28,5,45000.0,0.3,157500.0
2828,576,107,Delhi,2025-06-18,4,50000.0,0.2,160000.0
2829,634,101,Mumbai,2026-01-23,4,250000.0,0.15,850000.0
2830,922,103,Bangalore,2026-03-29,3,1300.0,0.3,2730.0
2831,726,107,Mumbai,2025-09-23,3,50000.0,0.1,135000.0
2832,713,101,Hyderabad,2025-10-09,3,250000.0,0.05,712500.0
2833,426,107,Bangalore,2025-05-18,5,50000.0,0.25,187500.0
2834,585,109,Delhi,2025-05-30,2,65000.0,0.4,78000.0
2835,595,104,Hyderabad,2026-03-27,1,8000.0,0.1,7200.0
2836,780,102,Delhi,2025-07-05,2,70000.0,0.2,112000.0
2837,521,104,Hyderabad,2025-07-05,1,8000.0,0.4,4800.0
2838,52,104,Mumbai,2025-12-25,4,8000.0,0.4,19200.0
2839,226,103,Delhi,2025-06-11,5,1300.0,0.25,4875.0
2840,377,110,Mumbai,2026-12-01,2,45000.0,0.05,85500.0
2841,868,107,Hyderabad,2025-08-16,5,50000.0,0.1,225000.0
2842,839,105,Chennai,2026-03-20,5,45000.0,0.15,191250.0
2843,960,101,Delhi,2025-08-17,1,250000.0,0.2,200000.0
2844,411,102,Hyderabad,2025-09-18,4,70000.0,0.35,182000.0
2845,267,109,Delhi,2025-09-11,5,65000.0,0.4,195000.0
2846,763,106,Delhi,2025-09-26,4,80000.0,0.05,304000.0
2847,699,104,Mumbai,2025-09-13,4,8000.0,0.25,24000.0
2848,397,106,Bangalore,2025-10-21,5,80000.0,0.1,360000.0
2849,661,104,Chennai,2025-02-07,2,8000.0,0.4,9600.0
2850,826,103,Mumbai,2025-12-24,3,1300.0,0.35,2535.0
2851,223,102,Hyderabad,2026-02-02,1,70000.0,0.25,52500.0
2852,901,106,Mumbai,2025-12-03,5,80000.0,0.05,380000.0
2853,406,107,Delhi,2025-06-19,1,50000.0,0.25,37500.0
2854,627,104,Bangalore,2025-08-27,2,8000.0,0.15,13600.0
2855,810,108,Delhi,2025-07-16,1,15000.0,0.15,12750.0
2856,446,107,Bangalore,2026-04-08,3,50000.0,0.2,120000.0
2857,207,106,Bangalore,2026-03-31,3,80000.0,0.25,180000.0
2858,714,108,Mumbai,2025-06-23,1,15000.0,0.05,14250.0
2859,149,101,Chennai,2025-09-11,1,250000.0,0.1,225000.0
2860,632,101,Hyderabad,2026-02-14,4,250000.0,0.1,900000.0
2861,964,104,Mumbai,2026-09-04,1,8000.0,0.25,6000.0
2862,754,101,Mumbai,2025-10-12,2,250000.0,0.2,400000.0
2863,292,102,Delhi,2025-04-17,5,70000.0,0.1,315000.0
2864,288,101,Hyderabad,2026-04-13,3,250000.0,0.3,525000.0
2865,310,104,Mumbai,2025-12-30,4,8000.0,0.35,20800.0
2866,577,108,Hyderabad,2026-03-20,5,15000.0,0.1,67500.0
2867,423,102,Hyderabad,2026-03-31,2,70000.0,0.15,119000.0
2868,322,110,Bangalore,2025-08-12,2,45000.0,0.2,72000.0
2869,677,109,Mumbai,2025-09-09,5,65000.0,0.15,276250.0
2870,692,106,Bangalore,2025-10-24,5,80000.0,0.25,300000.0
2871,198,110,Chennai,2025-12-12,3,45000.0,0.15,114750.0
2872,953,103,Bangalore,2025-11-14,1,1300.0,0.05,1235.0
2873,524,102,Mumbai,2025-04-19,2,70000.0,0.2,112000.0
2874,891,105,Hyderabad,2025-09-09,3,45000.0,0.3,94500.0
2875,549,104,Bangalore,2026-03-23,2,8000.0,0.25,12000.0
2876,930,104,Chennai,2025-11-08,1,8000.0,0.25,6000.0
2877,547,102,Bangalore,2025-11-25,2,70000.0,0.25,105000.0
2878,51,104,Chennai,2025-10-19,5,8000.0,0.25,30000.0
2879,714,102,Mumbai,2025-10-30,2,70000.0,0.1,126000.0
2880,935,109,Mumbai,2025-05-23,5,65000.0,0.1,292500.0
2881,993,101,Bangalore,2025-07-08,4,250000.0,0.05,950000.0
2882,266,109,Mumbai,2026-01-21,3,65000.0,0.15,165750.0
2883,247,107,Bangalore,2026-01-07,2,50000.0,0.05,95000.0
2884,145,107,Delhi,2025-11-05,3,50000.0,0.3,105000.0
2885,748,105,Chennai,2025-06-21,1,45000.0,0.35,29250.0
2886,223,110,Hyderabad,2025-10-17,2,45000.0,0.05,85500.0
2887,261,103,Bangalore,2025-11-09,2,1300.0,0.4,1560.0
2888,544,102,Mumbai,2026-02-15,2,70000.0,0.2,112000.0
2889,929,106,Delhi,2025-12-28,2,80000.0,0.4,96000.0
2890,728,101,Chennai,2025-06-29,4,250000.0,0.05,950000.0
2891,253,109,Delhi,2025-11-14,2,65000.0,0.3,91000.0
2892,298,101,Delhi,2026-02-18,4,250000.0,0.25,750000.0
2893,786,102,Chennai,2025-12-23,1,70000.0,0.3,49000.0
2894,951,107,Mumbai,2026-08-03,5,50000.0,0.4,150000.0
2895,367,105,Delhi,2025-12-18,4,45000.0,0.15,153000.0
2896,636,106,Mumbai,2025-05-20,1,80000.0,0.15,68000.0
2897,750,104,Hyderabad,2026-02-05,2,8000.0,0.1,14400.0
2898,660,101,Hyderabad,2026-03-06,2,250000.0,0.15,425000.0
2899,753,109,Delhi,2026-03-01,2,65000.0,0.05,123500.0
2900,256,103,Chennai,2025-07-09,4,1300.0,0.2,4160.0
2901,297,106,Delhi,2025-10-12,5,80000.0,0.25,300000.0
2902,819,107,Chennai,2025-12-28,5,50000.0,0.2,200000.0
2903,763,106,Delhi,2025-07-17,1,80000.0,0.15,68000.0
2904,607,104,Hyderabad,2025-01-10,3,8000.0,0.25,18000.0
2905,825,109,Bangalore,2026-02-22,1,65000.0,0.2,52000.0
2906,920,110,Chennai,2026-01-26,5,45000.0,0.05,213750.0
2907,645,105,Mumbai,2026-02-03,5,45000.0,0.4,135000.0
2908,431,103,Bangalore,2026-12-03,3,1300.0,0.25,2925.0
2909,274,108,Bangalore,2025-05-11,4,15000.0,0.35,39000.0
2910,933,103,Bangalore,2025-09-26,5,1300.0,0.05,6175.0
2911,458,107,Hyderabad,2026-03-25,2,50000.0,0.15,85000.0
2912,643,106,Mumbai,2026-02-11,5,80000.0,0.25,300000.0
2913,809,108,Bangalore,2025-10-11,2,15000.0,0.1,27000.0
2914,903,107,Mumbai,2025-05-29,3,50000.0,0.05,142500.0
2915,861,108,Bangalore,2025-12-26,1,15000.0,0.25,11250.0
2916,171,110,Hyderabad,2025-12-09,3,45000.0,0.4,81000.0
2917,372,103,Mumbai,2025-05-12,3,1300.0,0.25,2925.0
2918,528,106,Chennai,2025-05-21,5,80000.0,0.1,360000.0
2919,659,106,Chennai,2025-09-23,2,80000.0,0.4,96000.0
2920,709,102,Hyderabad,2025-09-20,4,70000.0,0.25,210000.0
2921,508,109,Bangalore,2026-01-11,2,65000.0,0.4,78000.0
2922,348,105,Chennai,2025-08-16,3,45000.0,0.15,114750.0
2923,833,109,Chennai,2025-08-29,4,65000.0,0.15,221000.0
2924,237,108,Mumbai,2026-03-23,5,15000.0,0.2,60000.0
2925,366,106,Mumbai,2025-10-31,1,80000.0,0.35,52000.0
2926,641,102,Bangalore,2025-06-08,2,70000.0,0.2,112000.0
2927,274,107,Bangalore,2026-03-13,3,50000.0,0.15,127500.0
2928,71,108,Bangalore,2025-08-23,2,15000.0,0.05,28500.0
2929,597,105,Bangalore,2026-01-26,4,45000.0,0.2,144000.0
2930,65,109,Mumbai,2026-01-17,5,65000.0,0.15,276250.0
2931,93,104,Mumbai,2025-06-07,3,8000.0,0.1,21600.0
2932,592,110,Delhi,2026-01-08,5,45000.0,0.35,146250.0
2933,964,109,Mumbai,2026-03-17,5,65000.0,0.4,195000.0
2934,202,101,Delhi,2025-04-29,5,250000.0,0.15,1062500.0
2935,518,109,Bangalore,2025-08-16,3,65000.0,0.35,126750.0
2936,153,105,Hyderabad,2026-03-27,3,45000.0,0.1,121500.0
2937,124,102,Mumbai,2026-01-03,4,70000.0,0.35,182000.0
2938,457,102,Hyderabad,2025-06-11,3,70000.0,0.35,136500.0
2939,27,101,Chennai,2026-01-28,4,250000.0,0.3,700000.0
2940,404,108,Delhi,2025-07-22,2,15000.0,0.25,22500.0
2941,391,107,Mumbai,2025-10-05,5,50000.0,0.35,162500.0
2942,768,106,Chennai,2025-08-31,3,80000.0,0.3,168000.0
2943,476,110,Hyderabad,2026-03-03,4,45000.0,0.25,135000.0
2944,876,106,Chennai,2026-02-22,1,80000.0,0.35,52000.0
2945,625,109,Mumbai,2026-03-29,2,65000.0,0.05,123500.0
2946,857,105,Bangalore,2025-08-06,5,45000.0,0.2,180000.0
2947,370,108,Delhi,2025-07-03,5,15000.0,0.4,45000.0
2948,54,103,Hyderabad,2025-10-04,3,1300.0,0.4,2340.0
2949,905,103,Hyderabad,2025-11-17,5,1300.0,0.25,4875.0
2950,18,104,Mumbai,2026-01-03,5,8000.0,0.35,26000.0
2951,822,103,Hyderabad,2025-09-09,2,1300.0,0.25,1950.0
2952,302,101,Bangalore,2025-09-17,5,250000.0,0.35,812500.0
2953,657,104,Hyderabad,2025-11-13,5,8000.0,0.2,32000.0
2954,947,104,Mumbai,2025-08-10,5,8000.0,0.4,24000.0
2955,733,108,Delhi,2025-11-05,5,15000.0,0.35,48750.0
2956,173,102,Delhi,2025-12-30,5,70000.0,0.05,332500.0
2957,366,108,Mumbai,2025-08-31,3,15000.0,0.2,36000.0
2958,806,105,Chennai,2025-08-14,3,45000.0,0.05,128250.0
2959,67,103,Chennai,2025-07-13,2,1300.0,0.35,1690.0
2960,76,105,Chennai,2026-04-13,4,45000.0,0.2,144000.0
2961,396,104,Hyderabad,2025-09-06,4,8000.0,0.1,28800.0
2962,437,108,Delhi,2025-05-05,2,15000.0,0.15,25500.0
2963,599,107,Mumbai,2025-06-18,2,50000.0,0.15,85000.0
2964,567,105,Bangalore,2025-11-05,3,45000.0,0.1,121500.0
2965,500,108,Bangalore,2025-06-15,3,15000.0,0.15,38250.0
2966,142,110,Hyderabad,2025-06-26,5,45000.0,0.3,157500.0
2967,955,105,Bangalore,2025-07-28,3,45000.0,0.25,101250.0
2968,628,108,Chennai,2025-06-25,5,15000.0,0.1,67500.0
2969,198,103,Chennai,2025-04-21,5,1300.0,0.1,5850.0
2970,141,104,Bangalore,2025-09-12,5,8000.0,0.2,32000.0
2971,617,110,Delhi,2025-12-11,5,45000.0,0.15,191250.0
2972,144,110,Mumbai,2025-11-03,3,45000.0,0.3,94500.0
2973,408,104,Hyderabad,2025-07-09,3,8000.0,0.35,15600.0
2974,800,106,Hyderabad,2025-05-29,4,80000.0,0.2,256000.0
2975,962,104,Mumbai,2026-02-25,3,8000.0,0.05,22800.0
2976,644,101,Delhi,2025-07-30,1,250000.0,0.1,225000.0
2977,968,108,Hyderabad,2026-03-02,4,15000.0,0.4,36000.0
2978,456,101,Chennai,2026-03-03,1,250000.0,0.05,237500.0
2979,306,109,Chennai,2025-11-20,1,65000.0,0.35,42250.0
2980,594,104,Mumbai,2026-01-16,2,8000.0,0.25,12000.0
2981,396,102,Hyderabad,2026-01-23,2,70000.0,0.25,105000.0
2982,293,110,Hyderabad,2026-01-04,5,45000.0,0.25,168750.0
2983,994,106,Mumbai,2025-09-09,3,80000.0,0.1,216000.0
2984,771,102,Bangalore,2026-02-02,3,70000.0,0.4,126000.0
2985,798,108,Hyderabad,2026-01-28,2,15000.0,0.3,21000.0
2986,489,110,Hyderabad,2025-12-28,5,45000.0,0.3,157500.0
2987,284,103,Chennai,2025-06-25,3,1300.0,0.4,2340.0
2988,625,103,Mumbai,2026-01-02,1,1300.0,0.3,910.0
2989,666,104,Mumbai,2025-05-10,5,8000.0,0.2,32000.0
2990,800,103,Hyderabad,2025-10-29,2,1300.0,0.35,1690.0
2991,893,101,Delhi,2026-04-14,5,250000.0,0.2,1000000.0
2992,282,108,Hyderabad,2025-12-17,3,15000.0,0.2,36000.0
2993,806,105,Chennai,2025-08-12,4,45000.0,0.2,144000.0
2994,896,107,Mumbai,2025-04-08,5,50000.0,0.15,212500.0
2995,819,105,Chennai,2026-01-06,1,45000.0,0.15,38250.0
2996,782,101,Chennai,2025-07-08,2,250000.0,0.1,450000.0
2997,104,109,Hyderabad,2025-05-24,2,65000.0,0.1,117000.0
2998,525,109,Bangalore,2025-11-02,5,65000.0,0.35,211250.0
2999,760,105,Mumbai,2025-05-02,5,45000.0,0.3,157500.0
3000,487,107,Hyderabad,2025-11-11,2,50000.0,0.25,75000.0
3001,352,103,Delhi,2025-02-07,1,1300.0,0.1,1170.0
3002,698,103,Chennai,2026-02-14,2,1300.0,0.4,1560.0
3003,636,106,Mumbai,2026-02-03,3,80000.0,0.1,216000.0
3004,711,101,Hyderabad,2025-10-17,3,250000.0,0.05,712500.0
3005,857,106,Bangalore,2025-06-07,5,80000.0,0.35,260000.0
3006,998,105,Delhi,2025-07-30,3,45000.0,0.25,101250.0
3008,320,108,Hyderabad,2025-08-27,5,15000.0,0.4,45000.0
3009,607,106,Hyderabad,2025-06-15,5,80000.0,0.3,280000.0
3010,739,110,Delhi,2025-10-07,1,45000.0,0.1,40500.0
3011,528,109,Chennai,2025-09-15,5,65000.0,0.2,260000.0
3012,526,101,Chennai,2025-08-21,2,250000.0,0.1,450000.0
3013,673,102,Mumbai,2025-12-28,1,70000.0,0.4,42000.0
3014,536,103,Delhi,2025-05-12,3,1300.0,0.2,3120.0
3015,217,107,Bangalore,2026-02-25,5,50000.0,0.15,212500.0
3016,934,103,Hyderabad,2025-04-07,2,1300.0,0.1,2340.0
3017,104,107,Hyderabad,2025-11-01,1,50000.0,0.2,40000.0
3018,708,101,Mumbai,2025-12-16,4,250000.0,0.2,800000.0
3019,747,107,Bangalore,2025-11-26,4,50000.0,0.25,150000.0
3020,421,107,Delhi,2025-09-03,3,50000.0,0.15,127500.0
3021,256,102,Chennai,2025-10-14,1,70000.0,0.2,56000.0
3022,331,110,Chennai,2025-04-12,3,45000.0,0.15,114750.0
3023,861,106,Bangalore,2025-10-28,1,80000.0,0.15,68000.0
3024,931,105,Mumbai,2025-09-26,2,45000.0,0.3,62999.99999999999
3025,902,105,Mumbai,2026-04-08,5,45000.0,0.05,213750.0
3026,538,109,Bangalore,2025-08-28,5,65000.0,0.15,276250.0
3027,843,105,Bangalore,2025-12-12,2,45000.0,0.2,72000.0
3028,838,104,Chennai,2025-07-15,1,8000.0,0.25,6000.0
3029,873,110,Hyderabad,2025-10-02,4,45000.0,0.25,135000.0
3030,77,104,Hyderabad,2025-12-16,1,8000.0,0.25,6000.0
3031,741,104,Hyderabad,2025-08-29,3,8000.0,0.1,21600.0
3032,984,106,Bangalore,2025-11-27,4,80000.0,0.35,208000.0
3033,627,108,Bangalore,2025-04-27,4,15000.0,0.25,45000.0
3034,17,105,Bangalore,2026-04-10,2,45000.0,0.05,85500.0
3035,926,108,Hyderabad,2025-11-15,2,15000.0,0.1,27000.0
3036,889,104,Delhi,2025-01-08,2,8000.0,0.1,14400.0
3037,84,108,Bangalore,2025-12-11,5,15000.0,0.15,63750.0
3038,917,109,Hyderabad,2026-03-22,5,65000.0,0.35,211250.0
3039,305,107,Delhi,2025-05-31,2,50000.0,0.4,60000.0
3040,123,107,Mumbai,2025-05-04,3,50000.0,0.2,120000.0
3041,953,102,Bangalore,2025-11-08,2,70000.0,0.25,105000.0
3042,997,106,Mumbai,2025-07-20,4,80000.0,0.1,288000.0
3043,179,106,Delhi,2026-02-01,2,80000.0,0.2,128000.0
3044,918,107,Bangalore,2026-01-23,5,50000.0,0.25,187500.0
3045,726,109,Mumbai,2025-11-13,5,65000.0,0.05,308750.0
3046,807,101,Mumbai,2025-11-01,1,250000.0,0.35,162500.0
3047,88,110,Chennai,2025-11-10,5,45000.0,0.3,157500.0
3048,565,103,Mumbai,2025-12-28,2,1300.0,0.2,2080.0
3049,259,109,Hyderabad,2026-03-25,4,65000.0,0.15,221000.0
3050,648,108,Hyderabad,2025-07-27,5,15000.0,0.35,48750.0
3051,387,105,Mumbai,2025-11-01,3,45000.0,0.25,101250.0
3052,747,104,Bangalore,2025-10-28,3,8000.0,0.1,21600.0
3053,391,101,Mumbai,2025-08-15,3,250000.0,0.1,675000.0
3054,92,108,Chennai,2025-07-17,1,15000.0,0.25,11250.0
3055,63,101,Mumbai,2025-11-26,4,250000.0,0.1,900000.0
3056,557,102,Hyderabad,2025-09-25,5,70000.0,0.25,262500.0
3057,820,105,Delhi,2026-04-15,2,45000.0,0.3,62999.99999999999
3058,357,107,Hyderabad,2025-05-11,2,50000.0,0.15,85000.0
3059,734,109,Chennai,2025-04-30,2,65000.0,0.2,104000.0
3060,199,101,Chennai,2026-01-25,4,250000.0,0.05,950000.0
3061,203,109,Hyderabad,2025-05-15,4,65000.0,0.05,247000.0
3062,765,107,Bangalore,2025-08-03,2,50000.0,0.05,95000.0
3063,698,110,Chennai,2025-05-15,1,45000.0,0.4,27000.0
3064,568,107,Mumbai,2026-03-06,1,50000.0,0.25,37500.0
3065,242,109,Hyderabad,2025-06-06,4,65000.0,0.3,182000.0
3066,277,101,Hyderabad,2025-05-31,2,250000.0,0.2,400000.0
3067,475,105,Mumbai,2026-02-14,1,45000.0,0.25,33750.0
3068,662,105,Bangalore,2026-03-17,3,45000.0,0.4,81000.0
3069,941,102,Bangalore,2026-01-04,2,70000.0,0.05,133000.0
3070,173,101,Delhi,2025-07-20,1,250000.0,0.2,200000.0
3071,86,109,Mumbai,2025-06-14,2,65000.0,0.1,117000.0
3072,335,104,Mumbai,2025-12-13,5,8000.0,0.05,38000.0
3073,303,109,Chennai,2025-04-23,5,65000.0,0.3,227500.0
3074,294,109,Hyderabad,2025-06-28,2,65000.0,0.3,91000.0
3075,513,106,Chennai,2025-09-27,5,80000.0,0.2,320000.0
3076,888,103,Hyderabad,2025-06-08,3,1300.0,0.1,3510.0
3077,386,105,Chennai,2026-02-17,5,45000.0,0.25,168750.0
3078,436,108,Hyderabad,2026-01-25,1,15000.0,0.25,11250.0
3079,231,101,Hyderabad,2025-05-30,5,250000.0,0.1,1125000.0
3080,137,105,Mumbai,2025-10-02,1,45000.0,0.2,36000.0
3081,760,108,Mumbai,2026-04-05,1,15000.0,0.15,12750.0
3082,479,101,Chennai,2025-11-16,2,250000.0,0.2,400000.0
3083,127,105,Bangalore,2026-08-02,2,45000.0,0.2,72000.0
3084,575,103,Chennai,2025-08-17,4,1300.0,0.4,3120.0
3085,259,106,Hyderabad,2025-05-25,5,80000.0,0.35,260000.0
3086,469,109,Delhi,2025-10-06,2,65000.0,0.35,84500.0
3087,540,110,Delhi,2026-02-16,5,45000.0,0.1,202500.0
3088,502,108,Delhi,2025-11-19,5,15000.0,0.05,71250.0
3089,987,109,Delhi,2025-05-10,3,65000.0,0.2,156000.0
3090,42,103,Hyderabad,2025-09-11,4,1300.0,0.3,3640.0
3091,208,105,Hyderabad,2025-04-20,4,45000.0,0.3,126000.0
3092,596,102,Chennai,2025-12-26,3,70000.0,0.35,136500.0
3093,329,103,Mumbai,2025-11-25,2,1300.0,0.25,1950.0
3094,724,107,Chennai,2025-11-03,4,50000.0,0.05,190000.0
3095,459,104,Mumbai,2025-07-06,1,8000.0,0.35,5200.0
3096,342,108,Hyderabad,2025-08-29,1,15000.0,0.25,11250.0
3097,587,104,Mumbai,2025-09-16,4,8000.0,0.35,20800.0
3098,390,107,Mumbai,2025-06-03,3,50000.0,0.25,112500.0
3100,563,109,Hyderabad,2025-09-12,2,65000.0,0.2,104000.0
3101,30,106,Hyderabad,2026-02-26,5,80000.0,0.05,380000.0
3102,417,101,Delhi,2025-07-21,3,250000.0,0.15,637500.0
3103,963,107,Chennai,2025-10-13,1,50000.0,0.05,47500.0
3104,820,104,Delhi,2026-11-01,1,8000.0,0.2,6400.0
3105,231,104,Hyderabad,2025-08-09,1,8000.0,0.4,4800.0
3106,51,103,Chennai,2025-11-18,2,1300.0,0.15,2210.0
3107,196,101,Chennai,2025-08-04,1,250000.0,0.25,187500.0
3109,45,105,Delhi,2026-01-26,2,45000.0,0.05,85500.0
3110,788,104,Bangalore,2026-03-24,4,8000.0,0.2,25600.0
3112,362,108,Bangalore,2025-08-05,3,15000.0,0.25,33750.0
3113,64,105,Mumbai,2025-07-15,1,45000.0,0.4,27000.0
3114,892,107,Mumbai,2026-02-25,1,50000.0,0.15,42500.0
3115,190,104,Chennai,2025-08-02,2,8000.0,0.1,14400.0
3116,910,103,Bangalore,2025-05-22,5,1300.0,0.2,5200.0
3117,745,102,Hyderabad,2025-09-27,4,70000.0,0.1,252000.0
3118,297,102,Delhi,2025-12-03,1,70000.0,0.25,52500.0
3119,563,104,Hyderabad,2026-03-26,5,8000.0,0.05,38000.0
3120,996,103,Hyderabad,2025-11-23,1,1300.0,0.25,975.0
3121,252,102,Hyderabad,2025-08-19,5,70000.0,0.4,210000.0
3122,877,102,Hyderabad,2025-07-12,1,70000.0,0.2,56000.0
3123,313,108,Delhi,2025-06-26,4,15000.0,0.2,48000.0
3124,642,105,Bangalore,2026-01-20,4,45000.0,0.4,108000.0
3125,565,107,Mumbai,2025-12-04,3,50000.0,0.05,142500.0
3126,264,110,Bangalore,2026-11-01,1,45000.0,0.1,40500.0
3127,237,109,Mumbai,2026-03-22,4,65000.0,0.1,234000.0
3128,396,110,Hyderabad,2025-11-08,1,45000.0,0.05,42750.0
3129,912,108,Mumbai,2025-10-27,5,15000.0,0.05,71250.0
3130,879,105,Mumbai,2026-03-04,3,45000.0,0.3,94500.0
3131,796,102,Bangalore,2025-09-22,4,70000.0,0.4,168000.0
3132,362,110,Bangalore,2025-10-13,1,45000.0,0.2,36000.0
3133,788,108,Bangalore,2026-03-19,3,15000.0,0.25,33750.0
3134,205,101,Mumbai,2026-09-04,1,250000.0,0.1,225000.0
3135,385,103,Hyderabad,2025-10-15,3,1300.0,0.3,2730.0
3136,284,110,Chennai,2026-01-05,2,45000.0,0.05,85500.0
3137,182,107,Hyderabad,2026-11-01,3,50000.0,0.25,112500.0
3138,998,108,Delhi,2025-08-18,5,15000.0,0.2,60000.0
3139,169,104,Mumbai,2026-12-04,4,8000.0,0.1,28800.0
3140,391,101,Mumbai,2026-03-30,5,250000.0,0.3,875000.0
3141,62,108,Delhi,2026-02-25,3,15000.0,0.4,27000.0
3142,181,102,Delhi,2025-09-14,3,70000.0,0.2,168000.0
3143,216,102,Chennai,2025-04-16,4,70000.0,0.1,252000.0
3144,35,110,Chennai,2025-10-27,1,45000.0,0.4,27000.0
3145,355,108,Hyderabad,2026-02-07,1,15000.0,0.15,12750.0
3146,363,110,Delhi,2025-04-12,2,45000.0,0.05,85500.0
3147,176,101,Chennai,2026-03-24,5,250000.0,0.1,1125000.0
3148,892,110,Mumbai,2025-09-02,4,45000.0,0.15,153000.0
3149,919,103,Mumbai,2025-10-25,1,1300.0,0.25,975.0
3150,756,104,Bangalore,2025-08-15,2,8000.0,0.4,9600.0
3151,31,110,Bangalore,2026-03-25,5,45000.0,0.25,168750.0
3152,127,109,Bangalore,2026-11-03,5,65000.0,0.35,211250.0
3153,989,107,Chennai,2025-04-28,2,50000.0,0.3,70000.0
3154,40,110,Hyderabad,2025-07-03,4,45000.0,0.1,162000.0
3155,898,105,Hyderabad,2025-09-22,1,45000.0,0.35,29250.0
3156,845,104,Chennai,2025-12-25,1,8000.0,0.05,7600.0
3157,156,105,Chennai,2026-01-17,1,45000.0,0.2,36000.0
3158,63,103,Mumbai,2026-03-16,4,1300.0,0.3,3640.0
3159,293,107,Hyderabad,2026-11-01,5,50000.0,0.25,187500.0
3160,695,109,Hyderabad,2025-06-10,1,65000.0,0.3,45500.0
3161,941,107,Bangalore,2025-12-15,1,50000.0,0.3,35000.0
3162,279,106,Hyderabad,2025-04-12,5,80000.0,0.3,280000.0
3163,813,109,Chennai,2026-12-02,1,65000.0,0.05,61750.0
3164,388,104,Bangalore,2025-11-12,3,8000.0,0.1,21600.0
3165,882,104,Chennai,2025-08-26,2,8000.0,0.1,14400.0
3166,669,103,Chennai,2025-09-25,4,1300.0,0.4,3120.0
3167,526,109,Chennai,2025-10-01,1,65000.0,0.25,48750.0
3168,55,105,Bangalore,2026-04-06,4,45000.0,0.15,153000.0
3169,62,108,Delhi,2025-11-27,4,15000.0,0.05,57000.0
3170,910,107,Bangalore,2025-08-18,3,50000.0,0.25,112500.0
3171,299,106,Chennai,2025-07-12,4,80000.0,0.4,192000.0
3172,261,107,Bangalore,2025-04-29,1,50000.0,0.05,47500.0
3173,968,110,Hyderabad,2025-12-23,4,45000.0,0.2,144000.0
3174,212,104,Bangalore,2026-11-02,2,8000.0,0.2,12800.0
3176,995,103,Chennai,2026-03-27,4,1300.0,0.1,4680.0
3177,364,106,Bangalore,2025-08-03,1,80000.0,0.05,76000.0
3178,927,106,Chennai,2025-09-03,1,80000.0,0.2,64000.0
3179,87,108,Chennai,2025-06-24,5,15000.0,0.3,52500.0
3180,602,104,Mumbai,2025-04-27,5,8000.0,0.15,34000.0
3181,146,104,Bangalore,2025-12-17,3,8000.0,0.3,16800.0
3182,71,110,Bangalore,2025-11-27,4,45000.0,0.35,117000.0
3183,435,101,Delhi,2025-11-29,5,250000.0,0.35,812500.0
3184,486,102,Chennai,2025-10-15,5,70000.0,0.2,280000.0
3185,352,102,Delhi,2026-03-21,5,70000.0,0.1,315000.0
3186,370,105,Delhi,2025-11-04,1,45000.0,0.35,29250.0
3187,452,101,Hyderabad,2026-04-01,3,250000.0,0.35,487500.0
3188,63,105,Mumbai,2025-02-11,4,45000.0,0.2,144000.0
3189,118,110,Mumbai,2025-10-05,3,45000.0,0.3,94500.0
3190,971,106,Chennai,2025-12-13,4,80000.0,0.35,208000.0
3191,729,110,Mumbai,2025-07-05,5,45000.0,0.1,202500.0
3192,913,109,Delhi,2025-09-23,4,65000.0,0.3,182000.0
3193,529,107,Bangalore,2025-08-12,2,50000.0,0.05,95000.0
3194,368,103,Mumbai,2025-05-29,1,1300.0,0.15,1105.0
3195,204,109,Chennai,2026-04-15,5,65000.0,0.4,195000.0
3196,219,108,Mumbai,2025-12-10,1,15000.0,0.1,13500.0
3197,550,110,Chennai,2025-09-29,3,45000.0,0.35,87750.0
3198,858,110,Hyderabad,2025-07-02,1,45000.0,0.05,42750.0
3199,742,105,Delhi,2025-12-15,5,45000.0,0.05,213750.0
3200,491,102,Hyderabad,2025-10-31,1,70000.0,0.25,52500.0
3201,106,105,Chennai,2026-02-24,2,45000.0,0.1,81000.0
3202,258,101,Chennai,2025-11-10,1,250000.0,0.1,225000.0
3203,578,105,Chennai,2025-05-21,2,45000.0,0.25,67500.0
3204,139,110,Mumbai,2025-06-09,5,45000.0,0.15,191250.0
3205,116,102,Delhi,2025-01-09,2,70000.0,0.1,126000.0
3206,742,106,Delhi,2026-04-02,3,80000.0,0.3,168000.0
3207,626,106,Hyderabad,2026-03-16,4,80000.0,0.35,208000.0
3208,262,102,Mumbai,2026-03-02,4,70000.0,0.4,168000.0
3209,428,108,Bangalore,2026-02-12,2,15000.0,0.15,25500.0
3210,360,101,Hyderabad,2025-07-28,4,250000.0,0.35,650000.0
3211,243,105,Delhi,2026-02-15,2,45000.0,0.15,76500.0
3212,672,109,Delhi,2025-03-08,2,65000.0,0.3,91000.0
3213,688,105,Mumbai,2025-08-24,5,45000.0,0.1,202500.0
3214,185,101,Mumbai,2025-08-09,2,250000.0,0.35,325000.0
3215,160,106,Bangalore,2025-09-21,3,80000.0,0.2,192000.0
3216,570,107,Chennai,2026-01-30,1,50000.0,0.2,40000.0
3217,177,110,Chennai,2025-07-28,3,45000.0,0.4,81000.0
3218,215,101,Mumbai,2025-08-06,3,250000.0,0.4,450000.0
3219,787,107,Hyderabad,2025-11-14,3,50000.0,0.4,90000.0
3220,243,110,Delhi,2025-07-03,1,45000.0,0.25,33750.0
3221,45,107,Delhi,2025-12-11,1,50000.0,0.2,40000.0
3222,186,102,Chennai,2025-05-16,3,70000.0,0.1,189000.0
3223,169,106,Mumbai,2025-12-31,2,80000.0,0.35,104000.0
3224,2,102,Delhi,2025-07-22,4,70000.0,0.2,224000.0
3225,552,109,Hyderabad,2025-05-16,3,65000.0,0.15,165750.0
3226,173,101,Delhi,2025-12-05,4,250000.0,0.4,600000.0
3228,905,102,Hyderabad,2026-03-07,2,70000.0,0.35,91000.0
3229,892,101,Mumbai,2025-08-18,3,250000.0,0.05,712500.0
3230,664,104,Bangalore,2026-06-03,3,8000.0,0.05,22800.0
3231,30,110,Hyderabad,2025-10-16,3,45000.0,0.1,121500.0
3232,713,109,Hyderabad,2025-04-09,3,65000.0,0.05,185250.0
3233,359,107,Delhi,2025-11-06,1,50000.0,0.35,32500.0
3234,117,101,Delhi,2025-11-29,1,250000.0,0.35,162500.0
3235,432,103,Mumbai,2025-07-10,4,1300.0,0.2,4160.0
3236,656,108,Hyderabad,2025-09-07,4,15000.0,0.15,51000.0
3237,282,105,Hyderabad,2025-07-11,5,45000.0,0.15,191250.0
3238,843,110,Bangalore,2025-08-01,4,45000.0,0.05,171000.0
3239,481,109,Chennai,2025-10-13,5,65000.0,0.3,227500.0
3240,301,108,Delhi,2025-08-12,3,15000.0,0.2,36000.0
3241,766,105,Mumbai,2025-08-14,4,45000.0,0.15,153000.0
3242,858,109,Hyderabad,2025-09-05,3,65000.0,0.05,185250.0
3243,633,107,Delhi,2025-10-18,4,50000.0,0.4,120000.0
3244,392,101,Hyderabad,2025-06-23,1,250000.0,0.3,175000.0
3245,441,106,Bangalore,2026-03-19,5,80000.0,0.35,260000.0
3246,704,102,Chennai,2025-07-24,2,70000.0,0.4,84000.0
3247,988,107,Delhi,2026-03-19,2,50000.0,0.35,65000.0
3248,53,109,Hyderabad,2025-06-02,5,65000.0,0.2,260000.0
3249,538,102,Bangalore,2025-05-20,2,70000.0,0.3,98000.0
3251,808,109,Mumbai,2025-05-07,5,65000.0,0.2,260000.0
3252,767,109,Mumbai,2025-12-03,3,65000.0,0.2,156000.0
3253,101,109,Delhi,2025-10-22,1,65000.0,0.35,42250.0
3254,669,109,Chennai,2025-12-29,4,65000.0,0.2,208000.0
3255,219,103,Mumbai,2026-01-06,4,1300.0,0.3,3640.0
3256,586,105,Delhi,2025-11-24,2,45000.0,0.1,81000.0
3257,562,106,Chennai,2025-10-19,1,80000.0,0.05,76000.0
3258,479,105,Chennai,2025-06-16,2,45000.0,0.3,62999.99999999999
3259,312,101,Bangalore,2025-03-10,5,250000.0,0.4,750000.0
3260,738,108,Chennai,2025-07-05,5,15000.0,0.3,52500.0
3261,674,102,Bangalore,2025-12-12,4,70000.0,0.25,210000.0
3262,202,106,Delhi,2025-06-24,1,80000.0,0.2,64000.0
3263,127,105,Bangalore,2026-01-26,4,45000.0,0.35,117000.0
3264,878,103,Chennai,2026-02-20,4,1300.0,0.2,4160.0
3265,802,103,Bangalore,2026-03-03,1,1300.0,0.35,845.0
3266,429,103,Delhi,2025-06-30,1,1300.0,0.35,845.0
3267,820,109,Delhi,2026-03-08,2,65000.0,0.15,110500.0
3268,892,110,Mumbai,2025-12-06,4,45000.0,0.3,126000.0
3269,508,104,Bangalore,2025-10-11,4,8000.0,0.2,25600.0
3270,701,103,Mumbai,2025-08-14,1,1300.0,0.4,780.0
3271,799,102,Delhi,2025-05-10,2,70000.0,0.2,112000.0
3272,584,109,Chennai,2025-10-22,2,65000.0,0.25,97500.0
3273,239,107,Delhi,2025-11-09,1,50000.0,0.2,40000.0
3274,287,105,Delhi,2026-03-27,3,45000.0,0.35,87750.0
3275,546,101,Mumbai,2025-04-16,4,250000.0,0.05,950000.0
3276,39,105,Hyderabad,2025-07-20,2,45000.0,0.3,62999.99999999999
3278,286,103,Hyderabad,2025-05-02,4,1300.0,0.4,3120.0
3279,384,102,Mumbai,2025-11-27,2,70000.0,0.2,112000.0
3280,261,105,Bangalore,2025-07-14,3,45000.0,0.15,114750.0
3281,5,105,Hyderabad,2025-07-26,5,45000.0,0.1,202500.0
3282,843,105,Bangalore,2025-04-30,3,45000.0,0.15,114750.0
3283,541,105,Delhi,2026-01-13,2,45000.0,0.15,76500.0
3284,214,106,Mumbai,2026-03-02,4,80000.0,0.15,272000.0
3285,252,104,Hyderabad,2026-03-20,4,8000.0,0.35,20800.0
3286,73,105,Mumbai,2025-11-13,1,45000.0,0.4,27000.0
3287,953,108,Bangalore,2026-03-03,2,15000.0,0.05,28500.0
3288,597,110,Bangalore,2025-09-07,5,45000.0,0.05,213750.0
3289,750,108,Hyderabad,2025-08-01,3,15000.0,0.35,29250.0
3290,432,104,Mumbai,2025-07-22,3,8000.0,0.3,16800.0
3291,726,108,Mumbai,2026-03-11,3,15000.0,0.3,31500.0
3292,833,106,Chennai,2025-04-18,1,80000.0,0.35,52000.0
3293,420,108,Hyderabad,2025-05-17,3,15000.0,0.4,27000.0
3294,927,105,Chennai,2025-08-11,4,45000.0,0.35,117000.0
3295,764,110,Mumbai,2026-01-30,2,45000.0,0.05,85500.0
3296,258,104,Chennai,2025-06-30,3,8000.0,0.25,18000.0
3297,529,101,Bangalore,2025-08-30,2,250000.0,0.25,375000.0
3298,183,104,Hyderabad,2026-03-23,1,8000.0,0.05,7600.0
3299,321,106,Mumbai,2025-10-07,3,80000.0,0.25,180000.0
3300,254,108,Hyderabad,2025-04-25,5,15000.0,0.3,52500.0
3301,236,109,Bangalore,2026-04-02,2,65000.0,0.15,110500.0
3302,292,105,Delhi,2025-09-19,4,45000.0,0.15,153000.0
3303,18,105,Mumbai,2025-07-02,3,45000.0,0.3,94500.0
3304,916,108,Chennai,2025-05-29,2,15000.0,0.15,25500.0
3305,573,101,Chennai,2025-05-11,5,250000.0,0.2,1000000.0
3306,362,110,Bangalore,2025-12-14,2,45000.0,0.2,72000.0
3307,8,103,Hyderabad,2025-11-10,4,1300.0,0.4,3120.0
3308,364,110,Bangalore,2025-01-09,2,45000.0,0.35,58500.0
3309,947,110,Mumbai,2026-03-13,2,45000.0,0.25,67500.0
3310,217,109,Bangalore,2026-01-25,2,65000.0,0.35,84500.0
3311,625,102,Mumbai,2026-01-19,4,70000.0,0.2,224000.0
3312,313,106,Delhi,2025-06-21,4,80000.0,0.1,288000.0
3313,75,102,Mumbai,2025-04-21,2,70000.0,0.2,112000.0
3314,917,109,Hyderabad,2025-12-07,2,65000.0,0.4,78000.0
3315,2,102,Delhi,2025-08-14,4,70000.0,0.3,196000.0
3316,642,103,Bangalore,2025-07-18,4,1300.0,0.15,4420.0
3317,339,107,Delhi,2025-06-12,5,50000.0,0.1,225000.0
3318,989,109,Chennai,2026-07-03,3,65000.0,0.1,175500.0
3319,621,107,Delhi,2025-09-02,4,50000.0,0.3,140000.0
3320,615,106,Mumbai,2025-06-22,1,80000.0,0.2,64000.0
3321,674,106,Bangalore,2025-05-19,4,80000.0,0.2,256000.0
3322,360,104,Hyderabad,2025-12-12,1,8000.0,0.15,6800.0
3323,411,103,Hyderabad,2025-09-03,3,1300.0,0.3,2730.0
3324,85,107,Delhi,2025-12-12,4,50000.0,0.1,180000.0
3325,560,101,Hyderabad,2025-12-13,4,250000.0,0.35,650000.0
3326,736,107,Delhi,2025-07-31,3,50000.0,0.05,142500.0
3327,610,106,Chennai,2025-08-17,5,80000.0,0.15,340000.0
3328,452,110,Hyderabad,2025-04-10,2,45000.0,0.15,76500.0
3329,772,105,Hyderabad,2025-06-15,1,45000.0,0.35,29250.0
3330,534,102,Delhi,2025-11-10,3,70000.0,0.05,199500.0
3331,11,106,Delhi,2026-03-30,4,80000.0,0.25,240000.0
3332,4,102,Chennai,2025-07-21,4,70000.0,0.35,182000.0
3333,921,107,Mumbai,2025-11-03,5,50000.0,0.3,175000.0
3334,816,103,Delhi,2026-07-03,2,1300.0,0.05,2470.0
3335,606,107,Mumbai,2025-07-20,5,50000.0,0.25,187500.0
3336,326,102,Delhi,2026-02-02,3,70000.0,0.05,199500.0
3337,646,110,Mumbai,2026-03-19,2,45000.0,0.25,67500.0
3338,820,107,Delhi,2025-11-16,4,50000.0,0.4,120000.0
3339,476,102,Hyderabad,2025-09-24,4,70000.0,0.1,252000.0
3340,901,105,Mumbai,2025-11-28,5,45000.0,0.2,180000.0
3341,514,104,Chennai,2025-07-15,1,8000.0,0.2,6400.0
3342,33,105,Hyderabad,2026-01-26,1,45000.0,0.4,27000.0
3343,144,102,Mumbai,2025-11-26,4,70000.0,0.1,252000.0
3344,890,110,Chennai,2025-05-23,1,45000.0,0.15,38250.0
3345,19,106,Mumbai,2025-09-15,5,80000.0,0.2,320000.0
3346,775,107,Chennai,2025-05-21,1,50000.0,0.4,30000.0
3347,376,104,Chennai,2025-07-28,4,8000.0,0.15,27200.0
3348,618,110,Chennai,2025-08-16,4,45000.0,0.25,135000.0
3349,722,106,Bangalore,2025-10-30,3,80000.0,0.25,180000.0
3350,949,106,Bangalore,2026-12-02,1,80000.0,0.2,64000.0
3351,728,104,Chennai,2026-04-06,1,8000.0,0.1,7200.0
3352,733,107,Delhi,2025-10-08,4,50000.0,0.4,120000.0
3353,95,107,Bangalore,2026-02-24,4,50000.0,0.4,120000.0
3354,386,109,Chennai,2026-04-15,4,65000.0,0.15,221000.0
3356,162,101,Hyderabad,2025-09-15,5,250000.0,0.35,812500.0
3357,199,107,Chennai,2025-08-16,4,50000.0,0.3,140000.0
3358,410,103,Mumbai,2025-12-03,5,1300.0,0.35,4225.0
3359,237,104,Mumbai,2025-05-14,1,8000.0,0.25,6000.0
3360,113,109,Delhi,2026-03-24,1,65000.0,0.4,39000.0
3361,381,108,Hyderabad,2026-09-02,5,15000.0,0.15,63750.0
3362,903,106,Mumbai,2025-06-10,1,80000.0,0.25,60000.0
3363,299,105,Chennai,2025-09-07,3,45000.0,0.15,114750.0
3364,218,108,Chennai,2025-11-23,1,15000.0,0.35,9750.0
3365,97,109,Bangalore,2025-06-10,2,65000.0,0.4,78000.0
3366,231,106,Hyderabad,2025-08-07,5,80000.0,0.05,380000.0
3367,292,105,Delhi,2025-06-10,4,45000.0,0.05,171000.0
3368,68,108,Chennai,2025-05-14,3,15000.0,0.3,31500.0
3369,109,104,Mumbai,2025-08-27,4,8000.0,0.3,22400.0
3370,182,101,Hyderabad,2025-04-20,1,250000.0,0.05,237500.0
3371,839,102,Chennai,2026-01-28,1,70000.0,0.35,45500.0
3372,225,101,Chennai,2025-09-11,3,250000.0,0.25,562500.0
3373,104,109,Hyderabad,2026-01-16,1,65000.0,0.1,58500.0
3374,258,102,Chennai,2025-09-17,4,70000.0,0.4,168000.0
3375,666,106,Mumbai,2026-02-07,2,80000.0,0.2,128000.0
3376,981,103,Mumbai,2026-10-04,2,1300.0,0.3,1820.0
3377,912,106,Mumbai,2025-04-11,4,80000.0,0.2,256000.0
3378,611,107,Mumbai,2025-06-05,4,50000.0,0.3,140000.0
3379,399,101,Chennai,2025-08-03,5,250000.0,0.2,1000000.0
3380,309,101,Delhi,2025-09-13,2,250000.0,0.4,300000.0
3381,264,110,Bangalore,2025-05-24,4,45000.0,0.15,153000.0
3382,492,101,Bangalore,2026-02-02,4,250000.0,0.35,650000.0
3383,973,107,Mumbai,2025-06-15,3,50000.0,0.2,120000.0
3384,399,107,Chennai,2025-07-11,3,50000.0,0.3,105000.0
3385,703,108,Delhi,2025-08-17,2,15000.0,0.35,19500.0
3386,932,109,Hyderabad,2025-11-20,2,65000.0,0.05,123500.0
3387,98,101,Chennai,2025-12-07,2,250000.0,0.35,325000.0
3388,530,105,Delhi,2026-06-03,3,45000.0,0.25,101250.0
3389,542,105,Chennai,2025-09-29,2,45000.0,0.35,58500.0
3390,268,110,Mumbai,2026-03-31,5,45000.0,0.2,180000.0
3391,677,103,Mumbai,2025-12-18,1,1300.0,0.1,1170.0
3392,588,102,Delhi,2026-03-19,1,70000.0,0.1,63000.0
3393,956,101,Delhi,2026-01-22,2,250000.0,0.3,350000.0
3394,680,102,Delhi,2025-05-28,3,70000.0,0.2,168000.0
3395,714,109,Mumbai,2026-01-19,1,65000.0,0.4,39000.0
3396,148,102,Hyderabad,2025-10-01,2,70000.0,0.25,105000.0
3397,73,109,Mumbai,2025-09-29,5,65000.0,0.15,276250.0
3398,269,103,Chennai,2025-10-09,5,1300.0,0.3,4550.0
3399,870,104,Bangalore,2026-12-02,3,8000.0,0.05,22800.0
3400,868,102,Hyderabad,2025-07-04,2,70000.0,0.2,112000.0
3401,604,104,Chennai,2026-04-04,1,8000.0,0.15,6800.0
3402,567,105,Bangalore,2025-09-06,4,45000.0,0.1,162000.0
3403,643,108,Mumbai,2026-03-13,1,15000.0,0.35,9750.0
3404,226,106,Delhi,2025-06-22,1,80000.0,0.15,68000.0
3405,552,104,Hyderabad,2025-05-04,2,8000.0,0.2,12800.0
3406,747,101,Bangalore,2026-11-03,2,250000.0,0.2,400000.0
3407,6,108,Hyderabad,2025-09-09,5,15000.0,0.25,56250.0
3408,252,105,Hyderabad,2025-11-17,4,45000.0,0.15,153000.0
3409,158,106,Delhi,2025-12-19,3,80000.0,0.2,192000.0
3410,18,104,Mumbai,2026-01-12,3,8000.0,0.4,14400.0
3411,888,107,Hyderabad,2025-11-20,3,50000.0,0.3,105000.0
3412,36,108,Chennai,2026-03-12,4,15000.0,0.1,54000.0
3413,756,101,Bangalore,2025-05-22,2,250000.0,0.25,375000.0
3414,912,107,Mumbai,2025-04-17,4,50000.0,0.35,130000.0
3415,726,107,Mumbai,2025-05-23,1,50000.0,0.1,45000.0
3416,186,109,Chennai,2026-04-08,3,65000.0,0.05,185250.0
3417,788,101,Bangalore,2026-02-12,4,250000.0,0.25,750000.0
3418,218,102,Chennai,2025-08-17,2,70000.0,0.2,112000.0
3419,745,110,Hyderabad,2026-02-27,5,45000.0,0.15,191250.0
3420,91,101,Bangalore,2025-06-26,1,250000.0,0.1,225000.0
3421,799,105,Delhi,2025-06-08,5,45000.0,0.3,157500.0
3422,121,106,Delhi,2025-11-24,4,80000.0,0.15,272000.0
3423,665,105,Delhi,2025-07-20,1,45000.0,0.3,31500.0
3424,691,106,Mumbai,2025-02-07,1,80000.0,0.2,64000.0
3425,336,103,Chennai,2025-08-16,4,1300.0,0.1,4680.0
3426,498,107,Hyderabad,2025-04-28,4,50000.0,0.25,150000.0
3427,389,105,Bangalore,2025-07-11,5,45000.0,0.1,202500.0
3428,129,103,Bangalore,2026-01-26,1,1300.0,0.3,910.0
3429,982,109,Mumbai,2026-02-04,2,65000.0,0.05,123500.0
3430,290,103,Chennai,2025-08-24,2,1300.0,0.2,2080.0
3431,580,101,Chennai,2025-06-17,2,250000.0,0.2,400000.0
3432,15,101,Chennai,2025-10-26,2,250000.0,0.2,400000.0
3433,508,106,Bangalore,2025-07-21,3,80000.0,0.35,156000.0
3434,78,106,Chennai,2025-11-03,2,80000.0,0.25,120000.0
3435,656,105,Hyderabad,2025-12-20,1,45000.0,0.2,36000.0
3436,169,107,Mumbai,2025-07-31,5,50000.0,0.25,187500.0
3437,456,107,Chennai,2025-05-17,4,50000.0,0.1,180000.0
3438,194,107,Chennai,2025-10-11,2,50000.0,0.4,60000.0
3439,468,101,Mumbai,2025-11-23,5,250000.0,0.15,1062500.0
3440,843,101,Bangalore,2025-06-29,3,250000.0,0.25,562500.0
3441,764,107,Mumbai,2025-11-26,4,50000.0,0.35,130000.0
3443,57,106,Hyderabad,2025-07-22,4,80000.0,0.05,304000.0
3444,844,105,Delhi,2026-02-23,4,45000.0,0.05,171000.0
3445,631,104,Bangalore,2025-07-31,5,8000.0,0.15,34000.0
3446,686,110,Bangalore,2026-02-28,2,45000.0,0.2,72000.0
3447,950,110,Delhi,2026-03-23,1,45000.0,0.3,31500.0
3448,911,103,Delhi,2025-12-09,2,1300.0,0.2,2080.0
3449,565,105,Mumbai,2025-12-28,5,45000.0,0.15,191250.0
3450,134,107,Bangalore,2025-08-12,5,50000.0,0.15,212500.0
3451,270,108,Chennai,2025-10-09,3,15000.0,0.35,29250.0
3452,988,101,Delhi,2025-06-18,1,250000.0,0.2,200000.0
3453,477,101,Hyderabad,2025-07-21,5,250000.0,0.15,1062500.0
3454,357,102,Hyderabad,2025-07-02,2,70000.0,0.2,112000.0
3455,710,110,Mumbai,2026-07-02,4,45000.0,0.2,144000.0
3456,405,103,Bangalore,2025-06-05,2,1300.0,0.35,1690.0
3457,564,110,Chennai,2025-06-29,3,45000.0,0.35,87750.0
3458,323,105,Hyderabad,2025-04-11,4,45000.0,0.05,171000.0
3459,708,105,Mumbai,2026-02-27,2,45000.0,0.05,85500.0
3460,963,103,Chennai,2025-11-19,2,1300.0,0.1,2340.0
3461,36,103,Chennai,2025-12-09,4,1300.0,0.15,4420.0
3462,535,102,Bangalore,2026-05-03,3,70000.0,0.25,157500.0
3463,338,106,Delhi,2026-02-25,3,80000.0,0.25,180000.0
3464,40,106,Hyderabad,2025-05-31,4,80000.0,0.15,272000.0
3465,879,101,Mumbai,2026-01-11,3,250000.0,0.15,637500.0
3466,491,108,Hyderabad,2025-09-09,1,15000.0,0.1,13500.0
3467,983,104,Delhi,2025-09-15,5,8000.0,0.2,32000.0
3468,958,103,Hyderabad,2025-11-11,1,1300.0,0.15,1105.0
3469,813,104,Chennai,2025-05-26,1,8000.0,0.3,5600.0
3470,432,108,Mumbai,2025-11-14,2,15000.0,0.2,24000.0
3471,393,109,Mumbai,2025-06-03,3,65000.0,0.1,175500.0
3472,874,108,Mumbai,2025-12-29,3,15000.0,0.15,38250.0
3473,909,104,Chennai,2025-06-23,3,8000.0,0.15,20400.0
3474,115,108,Chennai,2025-11-07,3,15000.0,0.3,31500.0
3475,826,110,Mumbai,2025-10-12,2,45000.0,0.4,54000.0
3476,426,102,Bangalore,2025-10-16,4,70000.0,0.4,168000.0
3477,88,104,Chennai,2025-11-27,4,8000.0,0.3,22400.0
3478,1,102,Hyderabad,2026-01-03,3,70000.0,0.4,126000.0
3479,980,109,Delhi,2025-08-23,5,65000.0,0.25,243750.0
3480,952,103,Chennai,2026-12-03,3,1300.0,0.2,3120.0
3481,244,103,Chennai,2025-08-22,1,1300.0,0.1,1170.0
3482,459,107,Mumbai,2025-12-09,4,50000.0,0.25,150000.0
3483,673,110,Mumbai,2025-06-30,2,45000.0,0.05,85500.0
3484,384,108,Mumbai,2025-06-17,1,15000.0,0.35,9750.0
3485,305,105,Delhi,2026-01-06,1,45000.0,0.2,36000.0
3486,602,102,Mumbai,2026-02-15,5,70000.0,0.05,332500.0
3487,372,103,Mumbai,2026-04-07,3,1300.0,0.1,3510.0
3488,268,103,Mumbai,2026-02-11,1,1300.0,0.15,1105.0
3489,349,104,Bangalore,2026-02-28,4,8000.0,0.05,30400.0
3490,197,102,Mumbai,2025-07-02,2,70000.0,0.1,126000.0
3491,627,107,Bangalore,2025-06-06,2,50000.0,0.35,65000.0
3492,24,103,Chennai,2026-01-01,5,1300.0,0.25,4875.0
3493,956,105,Delhi,2025-09-07,2,45000.0,0.05,85500.0
3495,942,101,Chennai,2026-03-17,3,250000.0,0.35,487500.0
3496,685,105,Chennai,2025-12-13,1,45000.0,0.1,40500.0
3497,74,107,Delhi,2025-07-17,1,50000.0,0.05,47500.0
3498,372,106,Mumbai,2025-11-21,3,80000.0,0.2,192000.0
3499,104,107,Hyderabad,2025-06-13,3,50000.0,0.05,142500.0
3500,556,102,Mumbai,2026-02-12,1,70000.0,0.25,52500.0
3501,480,108,Hyderabad,2025-09-25,2,15000.0,0.25,22500.0
3502,423,106,Hyderabad,2025-06-30,1,80000.0,0.25,60000.0
3503,477,110,Hyderabad,2025-08-19,5,45000.0,0.35,146250.0
3504,307,108,Chennai,2025-12-16,5,15000.0,0.25,56250.0
3505,174,110,Hyderabad,2026-03-19,4,45000.0,0.3,126000.0
3506,671,104,Chennai,2025-10-26,2,8000.0,0.2,12800.0
3507,736,105,Delhi,2026-04-09,4,45000.0,0.2,144000.0
3508,876,107,Chennai,2025-08-11,5,50000.0,0.35,162500.0
3509,131,105,Bangalore,2025-04-29,4,45000.0,0.4,108000.0
3510,20,109,Chennai,2025-05-19,4,65000.0,0.25,195000.0
3511,111,110,Hyderabad,2025-12-02,3,45000.0,0.05,128250.0
3512,656,106,Hyderabad,2025-10-10,4,80000.0,0.1,288000.0
3513,576,104,Delhi,2025-11-07,2,8000.0,0.05,15200.0
3514,396,107,Hyderabad,2026-04-12,2,50000.0,0.25,75000.0
3515,765,103,Bangalore,2025-08-27,5,1300.0,0.25,4875.0
3516,838,103,Chennai,2025-07-23,3,1300.0,0.35,2535.0
3517,31,106,Bangalore,2025-04-26,5,80000.0,0.15,340000.0
3518,515,102,Chennai,2025-10-29,4,70000.0,0.05,266000.0
3519,494,108,Chennai,2025-04-16,1,15000.0,0.15,12750.0
3520,744,102,Chennai,2025-07-02,5,70000.0,0.05,332500.0
3522,356,107,Hyderabad,2025-12-13,4,50000.0,0.25,150000.0
3523,389,106,Bangalore,2026-02-15,2,80000.0,0.1,144000.0
3524,477,103,Hyderabad,2026-01-26,5,1300.0,0.3,4550.0
3525,601,107,Hyderabad,2026-07-04,3,50000.0,0.2,120000.0
3526,580,110,Chennai,2025-05-22,4,45000.0,0.1,162000.0
3527,568,108,Mumbai,2026-03-26,4,15000.0,0.15,51000.0
3528,586,103,Delhi,2026-01-24,3,1300.0,0.15,3315.0
3529,964,102,Mumbai,2025-08-22,1,70000.0,0.3,49000.0
3530,685,109,Chennai,2026-02-25,2,65000.0,0.05,123500.0
3531,565,107,Mumbai,2025-09-16,1,50000.0,0.05,47500.0
3532,52,106,Mumbai,2025-08-23,3,80000.0,0.05,228000.0
3533,721,104,Mumbai,2025-11-10,3,8000.0,0.2,19200.0
3534,893,106,Delhi,2025-07-21,2,80000.0,0.2,128000.0
3535,892,110,Mumbai,2026-04-16,5,45000.0,0.4,135000.0
3536,493,104,Hyderabad,2026-03-13,3,8000.0,0.3,16800.0
3537,948,108,Mumbai,2026-02-03,4,15000.0,0.15,51000.0
3538,64,109,Mumbai,2026-03-20,5,65000.0,0.2,260000.0
3539,969,105,Chennai,2025-12-22,2,45000.0,0.2,72000.0
3540,607,104,Hyderabad,2025-08-16,4,8000.0,0.1,28800.0
3541,258,104,Chennai,2026-01-05,3,8000.0,0.05,22800.0
3542,66,105,Bangalore,2025-04-21,2,45000.0,0.3,62999.99999999999
3543,662,110,Bangalore,2026-01-18,3,45000.0,0.15,114750.0
3544,428,110,Bangalore,2025-09-26,1,45000.0,0.3,31500.0
3545,811,106,Bangalore,2026-02-10,3,80000.0,0.35,156000.0
3546,558,107,Chennai,2025-05-10,2,50000.0,0.15,85000.0
3547,482,106,Chennai,2026-11-02,1,80000.0,0.3,56000.0
3548,694,104,Hyderabad,2026-01-03,4,8000.0,0.25,24000.0
3549,887,102,Bangalore,2025-09-19,4,70000.0,0.1,252000.0
3550,625,109,Mumbai,2025-07-24,2,65000.0,0.1,117000.0
3551,876,105,Chennai,2026-08-03,5,45000.0,0.2,180000.0
3552,276,102,Delhi,2026-01-03,5,70000.0,0.1,315000.0
3553,469,106,Delhi,2026-02-15,5,80000.0,0.1,360000.0
3554,559,108,Hyderabad,2025-07-31,2,15000.0,0.25,22500.0
3555,973,110,Mumbai,2025-09-13,5,45000.0,0.2,180000.0
3556,383,101,Mumbai,2025-11-15,3,250000.0,0.1,675000.0
3557,775,102,Chennai,2025-08-16,5,70000.0,0.4,210000.0
3558,539,101,Bangalore,2025-10-08,3,250000.0,0.1,675000.0
3559,442,110,Chennai,2026-01-31,4,45000.0,0.2,144000.0
3560,435,102,Delhi,2025-11-01,2,70000.0,0.05,133000.0
3561,353,105,Bangalore,2025-06-09,2,45000.0,0.05,85500.0
3562,640,107,Bangalore,2025-06-05,3,50000.0,0.05,142500.0
3563,390,105,Mumbai,2025-11-04,3,45000.0,0.3,94500.0
3564,674,110,Bangalore,2025-05-18,1,45000.0,0.3,31500.0
3565,592,105,Delhi,2025-08-14,2,45000.0,0.05,85500.0
3566,123,110,Mumbai,2025-04-06,5,45000.0,0.05,213750.0
3567,95,110,Bangalore,2025-08-07,1,45000.0,0.3,31500.0
3568,303,108,Chennai,2025-08-29,2,15000.0,0.2,24000.0
3569,951,108,Mumbai,2025-11-07,5,15000.0,0.1,67500.0
3570,584,105,Chennai,2025-05-23,3,45000.0,0.05,128250.0
3571,346,110,Bangalore,2025-06-08,3,45000.0,0.05,128250.0
3572,775,107,Chennai,2025-06-15,5,50000.0,0.2,200000.0
3573,700,102,Hyderabad,2025-09-24,2,70000.0,0.2,112000.0
3574,961,102,Hyderabad,2025-10-20,2,70000.0,0.4,84000.0
3575,626,103,Hyderabad,2025-08-02,4,1300.0,0.4,3120.0
3576,907,102,Hyderabad,2026-01-22,4,70000.0,0.4,168000.0
3577,352,109,Delhi,2025-07-17,4,65000.0,0.2,208000.0
3578,432,110,Mumbai,2025-02-07,3,45000.0,0.1,121500.0
3579,297,101,Delhi,2025-09-06,2,250000.0,0.25,375000.0
3580,759,105,Hyderabad,2025-04-20,5,45000.0,0.4,135000.0
3581,761,103,Chennai,2025-09-19,2,1300.0,0.4,1560.0
3582,789,108,Chennai,2026-01-12,3,15000.0,0.35,29250.0
3583,643,110,Mumbai,2026-01-10,1,45000.0,0.4,27000.0
3584,449,103,Delhi,2026-01-24,1,1300.0,0.25,975.0
3585,170,106,Mumbai,2025-03-11,2,80000.0,0.05,152000.0
3586,227,106,Bangalore,2025-10-14,3,80000.0,0.1,216000.0
3587,942,102,Chennai,2026-01-02,1,70000.0,0.4,42000.0
3588,936,101,Hyderabad,2025-09-05,4,250000.0,0.3,700000.0
3589,819,110,Chennai,2025-11-14,3,45000.0,0.05,128250.0
3590,991,108,Hyderabad,2026-01-20,5,15000.0,0.25,56250.0
3591,43,110,Chennai,2026-03-31,1,45000.0,0.2,36000.0
3592,695,106,Hyderabad,2025-05-26,1,80000.0,0.3,56000.0
3593,17,109,Bangalore,2025-06-03,4,65000.0,0.35,169000.0
3594,349,104,Bangalore,2026-02-09,4,8000.0,0.35,20800.0
3595,124,106,Mumbai,2025-05-09,2,80000.0,0.3,112000.0
3596,783,109,Hyderabad,2025-11-27,4,65000.0,0.2,208000.0
3597,398,109,Bangalore,2025-12-23,3,65000.0,0.4,117000.0
3598,311,106,Bangalore,2025-10-02,4,80000.0,0.25,240000.0
3599,104,101,Hyderabad,2026-02-06,1,250000.0,0.2,200000.0
3600,786,105,Chennai,2025-05-15,1,45000.0,0.2,36000.0
3601,112,107,Mumbai,2025-12-12,3,50000.0,0.2,120000.0
3602,43,104,Chennai,2025-10-19,1,8000.0,0.3,5600.0
3603,475,104,Mumbai,2025-09-02,1,8000.0,0.15,6800.0
3604,747,105,Bangalore,2025-06-26,4,45000.0,0.25,135000.0
3605,891,105,Hyderabad,2025-12-23,3,45000.0,0.15,114750.0
3606,869,104,Mumbai,2025-12-05,2,8000.0,0.15,13600.0
3607,145,109,Delhi,2026-02-05,5,65000.0,0.3,227500.0
3608,256,101,Chennai,2026-05-04,1,250000.0,0.2,200000.0
3609,22,105,Chennai,2025-09-04,3,45000.0,0.15,114750.0
3610,622,105,Chennai,2025-06-28,3,45000.0,0.15,114750.0
3611,715,105,Delhi,2025-11-10,2,45000.0,0.1,81000.0
3612,902,110,Mumbai,2025-05-02,4,45000.0,0.05,171000.0
3613,343,102,Bangalore,2026-03-17,4,70000.0,0.2,224000.0
3614,733,101,Delhi,2025-06-09,1,250000.0,0.05,237500.0
3615,874,109,Mumbai,2026-03-04,3,65000.0,0.1,175500.0
3616,104,108,Hyderabad,2025-08-08,2,15000.0,0.05,28500.0
3617,657,108,Hyderabad,2025-08-30,4,15000.0,0.4,36000.0
3618,615,106,Mumbai,2026-03-25,2,80000.0,0.15,136000.0
3619,557,109,Hyderabad,2025-02-07,5,65000.0,0.1,292500.0
3620,555,104,Bangalore,2025-06-20,4,8000.0,0.3,22400.0
3621,435,103,Delhi,2025-05-15,4,1300.0,0.15,4420.0
3622,628,102,Chennai,2026-01-17,1,70000.0,0.05,66500.0
3623,859,108,Delhi,2025-05-05,4,15000.0,0.4,36000.0
3624,781,110,Mumbai,2025-08-27,4,45000.0,0.05,171000.0
3625,25,103,Delhi,2025-05-26,2,1300.0,0.35,1690.0
3626,372,110,Mumbai,2025-07-28,3,45000.0,0.1,121500.0
3627,507,102,Delhi,2025-05-05,4,70000.0,0.3,196000.0
3628,930,104,Chennai,2025-05-05,1,8000.0,0.4,4800.0
3629,124,103,Mumbai,2026-02-20,5,1300.0,0.2,5200.0
3631,934,106,Hyderabad,2025-08-17,5,80000.0,0.15,340000.0
3632,906,106,Mumbai,2026-02-14,2,80000.0,0.05,152000.0
3633,40,108,Hyderabad,2025-05-22,4,15000.0,0.05,57000.0
3634,951,108,Mumbai,2025-10-08,2,15000.0,0.2,24000.0
3635,933,110,Bangalore,2025-06-24,4,45000.0,0.2,144000.0
3636,625,101,Mumbai,2025-11-06,2,250000.0,0.15,425000.0
3637,363,106,Delhi,2025-01-05,2,80000.0,0.15,136000.0
3638,193,104,Bangalore,2025-08-27,5,8000.0,0.25,30000.0
3639,458,102,Hyderabad,2025-11-20,5,70000.0,0.1,315000.0
3640,123,105,Mumbai,2025-10-07,2,45000.0,0.1,81000.0
3641,753,108,Delhi,2025-06-16,3,15000.0,0.3,31500.0
3642,49,106,Delhi,2025-10-09,1,80000.0,0.2,64000.0
3643,900,103,Bangalore,2026-12-02,1,1300.0,0.4,780.0
3644,39,107,Hyderabad,2026-03-30,2,50000.0,0.25,75000.0
3645,256,101,Chennai,2025-10-27,1,250000.0,0.05,237500.0
3646,345,110,Chennai,2025-05-26,3,45000.0,0.4,81000.0
3647,853,110,Mumbai,2025-09-19,1,45000.0,0.25,33750.0
3648,278,106,Delhi,2026-03-21,2,80000.0,0.15,136000.0
3649,131,102,Bangalore,2026-02-26,5,70000.0,0.3,245000.0
3650,606,104,Mumbai,2026-03-20,4,8000.0,0.15,27200.0
3651,776,108,Chennai,2025-05-14,5,15000.0,0.35,48750.0
3652,796,102,Bangalore,2026-03-06,1,70000.0,0.2,56000.0
3653,916,106,Chennai,2025-01-10,5,80000.0,0.15,340000.0
3654,211,108,Hyderabad,2025-10-19,4,15000.0,0.2,48000.0
3655,345,108,Chennai,2025-12-13,3,15000.0,0.05,42750.0
3656,883,103,Delhi,2025-05-11,1,1300.0,0.25,975.0
3657,578,108,Chennai,2025-08-28,3,15000.0,0.3,31500.0
3658,825,104,Bangalore,2025-04-23,1,8000.0,0.35,5200.0
3659,890,101,Chennai,2026-01-14,4,250000.0,0.1,900000.0
3660,50,109,Mumbai,2025-07-15,2,65000.0,0.05,123500.0
3661,745,106,Hyderabad,2025-12-11,1,80000.0,0.25,60000.0
3662,414,104,Delhi,2026-01-14,1,8000.0,0.2,6400.0
3663,949,110,Bangalore,2025-08-08,5,45000.0,0.25,168750.0
3664,553,101,Mumbai,2025-06-04,4,250000.0,0.15,850000.0
3665,323,101,Hyderabad,2025-11-09,2,250000.0,0.25,375000.0
3666,936,107,Hyderabad,2026-04-14,1,50000.0,0.3,35000.0
3667,298,109,Delhi,2025-06-25,2,65000.0,0.1,117000.0
3668,155,101,Hyderabad,2025-05-06,1,250000.0,0.2,200000.0
3669,697,106,Bangalore,2025-12-09,1,80000.0,0.05,76000.0
3670,25,102,Delhi,2025-05-16,5,70000.0,0.15,297500.0
3671,398,110,Bangalore,2025-11-23,3,45000.0,0.35,87750.0
3672,702,104,Delhi,2025-07-18,1,8000.0,0.35,5200.0
3673,853,110,Mumbai,2025-04-25,3,45000.0,0.2,108000.0
3674,877,106,Hyderabad,2025-05-04,4,80000.0,0.4,192000.0
3675,584,103,Chennai,2025-04-06,2,1300.0,0.2,2080.0
3676,254,110,Hyderabad,2025-09-20,4,45000.0,0.2,144000.0
3677,827,106,Delhi,2025-02-10,1,80000.0,0.35,52000.0
3678,51,110,Chennai,2025-10-09,4,45000.0,0.3,126000.0
3679,716,109,Delhi,2025-11-19,3,65000.0,0.2,156000.0
3680,837,108,Mumbai,2025-07-26,1,15000.0,0.1,13500.0
3681,230,102,Hyderabad,2026-08-02,5,70000.0,0.4,210000.0
3682,632,101,Hyderabad,2025-10-29,4,250000.0,0.15,850000.0
3683,248,106,Hyderabad,2026-04-02,3,80000.0,0.2,192000.0
3684,428,109,Bangalore,2025-08-28,4,65000.0,0.4,156000.0
3685,484,103,Bangalore,2025-10-12,1,1300.0,0.35,845.0
3686,965,104,Mumbai,2025-05-30,5,8000.0,0.15,34000.0
3687,364,105,Bangalore,2025-06-11,4,45000.0,0.15,153000.0
3688,395,108,Mumbai,2025-08-29,2,15000.0,0.15,25500.0
3689,471,102,Chennai,2025-11-11,2,70000.0,0.3,98000.0
3690,564,104,Chennai,2025-08-28,5,8000.0,0.3,28000.0
3691,209,102,Chennai,2025-06-21,1,70000.0,0.2,56000.0
3692,404,106,Delhi,2025-08-12,4,80000.0,0.4,192000.0
3693,130,101,Hyderabad,2026-01-21,4,250000.0,0.2,800000.0
3694,577,102,Hyderabad,2025-05-21,1,70000.0,0.2,56000.0
3695,509,103,Chennai,2026-02-26,2,1300.0,0.4,1560.0
3696,329,107,Mumbai,2025-12-19,3,50000.0,0.4,90000.0
3697,766,102,Mumbai,2026-04-15,4,70000.0,0.15,238000.0
3698,969,102,Chennai,2026-04-03,4,70000.0,0.4,168000.0
3699,633,108,Delhi,2025-10-16,3,15000.0,0.35,29250.0
3700,818,110,Mumbai,2026-02-02,2,45000.0,0.1,81000.0
3701,20,110,Chennai,2025-03-10,3,45000.0,0.15,114750.0
3702,472,103,Chennai,2025-12-07,3,1300.0,0.1,3510.0
3703,754,103,Mumbai,2025-10-13,5,1300.0,0.3,4550.0
3704,782,108,Chennai,2025-12-18,2,15000.0,0.2,24000.0
3705,285,106,Chennai,2025-04-17,4,80000.0,0.15,272000.0
3706,58,106,Hyderabad,2025-11-08,1,80000.0,0.35,52000.0
3707,607,109,Hyderabad,2025-06-15,3,65000.0,0.2,156000.0
3708,705,106,Hyderabad,2025-10-25,2,80000.0,0.3,112000.0
3709,961,102,Hyderabad,2025-09-30,3,70000.0,0.3,147000.0
3710,278,107,Delhi,2025-05-17,2,50000.0,0.25,75000.0
3712,912,107,Mumbai,2025-12-24,3,50000.0,0.35,97500.0
3713,840,109,Delhi,2025-11-16,5,65000.0,0.2,260000.0
3714,709,101,Hyderabad,2025-07-07,4,250000.0,0.05,950000.0
3715,855,105,Delhi,2025-11-29,4,45000.0,0.05,171000.0
3716,854,107,Hyderabad,2026-03-27,2,50000.0,0.25,75000.0
3717,260,101,Chennai,2025-06-16,4,250000.0,0.1,900000.0
3718,741,107,Hyderabad,2026-03-23,5,50000.0,0.25,187500.0
3719,996,106,Hyderabad,2026-03-22,1,80000.0,0.3,56000.0
3720,139,105,Mumbai,2026-03-17,4,45000.0,0.1,162000.0
3721,818,109,Mumbai,2026-01-18,5,65000.0,0.35,211250.0
3722,842,110,Hyderabad,2025-12-23,5,45000.0,0.2,180000.0
3723,269,105,Chennai,2026-01-22,2,45000.0,0.05,85500.0
3724,24,108,Chennai,2025-07-20,1,15000.0,0.2,12000.0
3725,29,110,Hyderabad,2025-10-15,3,45000.0,0.1,121500.0
3726,281,101,Bangalore,2026-04-09,3,250000.0,0.1,675000.0
3727,804,101,Bangalore,2025-08-31,3,250000.0,0.2,600000.0
3728,347,101,Delhi,2025-04-25,1,250000.0,0.4,150000.0
3729,446,102,Bangalore,2025-07-04,2,70000.0,0.15,119000.0
3730,238,102,Bangalore,2025-09-06,4,70000.0,0.3,196000.0
3731,89,105,Hyderabad,2025-07-21,1,45000.0,0.1,40500.0
3732,770,110,Mumbai,2025-09-09,4,45000.0,0.05,171000.0
3733,929,103,Delhi,2025-11-10,2,1300.0,0.35,1690.0
3734,250,105,Mumbai,2025-05-27,4,45000.0,0.05,171000.0
3735,947,101,Mumbai,2025-05-04,2,250000.0,0.2,400000.0
3736,239,105,Delhi,2026-01-19,2,45000.0,0.05,85500.0
3737,938,103,Hyderabad,2026-02-14,2,1300.0,0.3,1820.0
3738,69,106,Chennai,2025-05-23,2,80000.0,0.1,144000.0
3739,553,109,Mumbai,2025-10-19,5,65000.0,0.35,211250.0
3740,676,110,Bangalore,2026-02-19,2,45000.0,0.2,72000.0
3741,424,101,Chennai,2025-11-19,3,250000.0,0.25,562500.0
3742,446,108,Bangalore,2026-02-20,3,15000.0,0.2,36000.0
3743,870,103,Bangalore,2025-08-27,2,1300.0,0.1,2340.0
3744,946,110,Delhi,2025-04-20,2,45000.0,0.35,58500.0
3745,759,101,Hyderabad,2025-05-09,3,250000.0,0.15,637500.0
3746,774,108,Hyderabad,2025-11-23,3,15000.0,0.4,27000.0
3748,660,106,Hyderabad,2025-06-14,5,80000.0,0.1,360000.0
3749,185,106,Mumbai,2026-01-05,3,80000.0,0.05,228000.0
3750,482,109,Chennai,2025-04-21,1,65000.0,0.2,52000.0
3751,495,110,Hyderabad,2026-10-03,4,45000.0,0.35,117000.0
3752,389,101,Bangalore,2025-07-30,2,250000.0,0.15,425000.0
3753,288,110,Hyderabad,2025-10-18,2,45000.0,0.4,54000.0
3754,46,101,Delhi,2025-12-11,1,250000.0,0.2,200000.0
3755,280,107,Delhi,2025-12-26,5,50000.0,0.2,200000.0
3757,943,103,Chennai,2025-09-20,4,1300.0,0.1,4680.0
3758,109,106,Mumbai,2026-02-28,4,80000.0,0.35,208000.0
3759,671,106,Chennai,2025-11-27,1,80000.0,0.15,68000.0
3760,156,106,Chennai,2025-01-09,3,80000.0,0.2,192000.0
3761,913,102,Delhi,2026-09-02,2,70000.0,0.35,91000.0
3762,523,106,Chennai,2025-06-29,1,80000.0,0.1,72000.0
3763,276,103,Delhi,2025-09-22,1,1300.0,0.15,1105.0
3764,633,106,Delhi,2025-07-23,2,80000.0,0.05,152000.0
3765,168,105,Mumbai,2025-05-14,4,45000.0,0.35,117000.0
3766,646,110,Mumbai,2025-04-26,5,45000.0,0.1,202500.0
3767,368,107,Mumbai,2025-08-15,5,50000.0,0.4,150000.0
3768,15,108,Chennai,2025-10-24,1,15000.0,0.3,10500.0
3769,615,105,Mumbai,2025-11-14,3,45000.0,0.1,121500.0
3770,37,104,Mumbai,2025-05-16,5,8000.0,0.1,36000.0
3771,619,103,Mumbai,2026-01-12,4,1300.0,0.2,4160.0
3772,47,106,Bangalore,2026-03-28,2,80000.0,0.35,104000.0
3773,359,105,Delhi,2025-05-23,2,45000.0,0.25,67500.0
3774,220,110,Bangalore,2025-08-24,4,45000.0,0.3,126000.0
3775,788,102,Bangalore,2025-07-14,5,70000.0,0.4,210000.0
3776,569,110,Mumbai,2025-06-24,5,45000.0,0.15,191250.0
3777,240,109,Bangalore,2025-12-31,1,65000.0,0.35,42250.0
3778,104,104,Hyderabad,2025-10-08,1,8000.0,0.05,7600.0
3779,303,110,Chennai,2025-09-14,2,45000.0,0.1,81000.0
3780,2,106,Delhi,2025-11-09,5,80000.0,0.15,340000.0
3781,661,105,Chennai,2025-09-14,2,45000.0,0.25,67500.0
3782,77,106,Hyderabad,2025-10-31,4,80000.0,0.05,304000.0
3783,2,101,Delhi,2026-01-25,4,250000.0,0.15,850000.0
3784,177,102,Chennai,2025-06-11,5,70000.0,0.25,262500.0
3785,310,101,Mumbai,2025-05-03,2,250000.0,0.2,400000.0
3786,297,104,Delhi,2025-11-01,5,8000.0,0.15,34000.0
3787,612,103,Bangalore,2025-12-20,5,1300.0,0.15,5525.0
3788,817,109,Chennai,2025-12-25,4,65000.0,0.15,221000.0
3789,427,110,Delhi,2025-08-21,2,45000.0,0.2,72000.0
3790,955,106,Bangalore,2026-03-18,3,80000.0,0.35,156000.0
3791,161,102,Mumbai,2026-01-03,5,70000.0,0.3,245000.0
3792,414,103,Delhi,2025-10-17,3,1300.0,0.1,3510.0
3793,921,101,Mumbai,2025-11-16,4,250000.0,0.3,700000.0
3794,982,105,Mumbai,2026-12-01,5,45000.0,0.05,213750.0
3795,508,108,Bangalore,2025-12-27,2,15000.0,0.05,28500.0
3796,288,105,Hyderabad,2025-11-11,1,45000.0,0.4,27000.0
3797,507,109,Delhi,2025-10-05,2,65000.0,0.2,104000.0
3798,253,104,Delhi,2025-10-27,1,8000.0,0.05,7600.0
3799,239,109,Delhi,2025-06-21,4,65000.0,0.2,208000.0
3800,296,104,Bangalore,2026-04-02,4,8000.0,0.05,30400.0
3801,10,101,Delhi,2025-12-28,5,250000.0,0.4,750000.0
3802,980,109,Delhi,2025-10-31,2,65000.0,0.05,123500.0
3803,866,103,Hyderabad,2026-01-03,5,1300.0,0.1,5850.0
3804,549,102,Bangalore,2026-01-17,5,70000.0,0.3,245000.0
3805,137,102,Mumbai,2025-10-09,3,70000.0,0.25,157500.0
3806,525,110,Bangalore,2025-11-09,4,45000.0,0.2,144000.0
3807,585,104,Delhi,2025-05-18,1,8000.0,0.15,6800.0
3808,963,103,Chennai,2025-10-17,2,1300.0,0.05,2470.0
3809,404,110,Delhi,2025-12-26,2,45000.0,0.2,72000.0
3810,565,105,Mumbai,2025-12-15,4,45000.0,0.4,108000.0
3811,615,108,Mumbai,2025-10-29,4,15000.0,0.1,54000.0
3812,937,107,Mumbai,2025-08-02,5,50000.0,0.3,175000.0
3813,398,106,Bangalore,2025-09-20,5,80000.0,0.05,380000.0
3814,270,102,Chennai,2026-03-28,2,70000.0,0.2,112000.0
3815,865,105,Hyderabad,2025-01-07,3,45000.0,0.25,101250.0
3816,669,104,Chennai,2025-10-12,4,8000.0,0.15,27200.0
3817,930,103,Chennai,2025-07-06,5,1300.0,0.05,6175.0
3818,149,103,Chennai,2025-08-31,2,1300.0,0.15,2210.0
3819,181,106,Delhi,2025-08-31,3,80000.0,0.05,228000.0
3820,726,106,Mumbai,2026-02-23,5,80000.0,0.2,320000.0
3821,316,105,Delhi,2026-02-01,3,45000.0,0.3,94500.0
3822,365,107,Mumbai,2026-10-04,1,50000.0,0.1,45000.0
3823,539,102,Bangalore,2025-05-15,4,70000.0,0.15,238000.0
3824,350,104,Chennai,2025-04-27,1,8000.0,0.2,6400.0
3825,295,109,Mumbai,2025-12-11,2,65000.0,0.05,123500.0
3826,701,103,Mumbai,2025-11-02,1,1300.0,0.05,1235.0
3827,322,101,Bangalore,2025-07-11,1,250000.0,0.15,212500.0
3828,638,109,Bangalore,2025-09-19,5,65000.0,0.1,292500.0
3829,778,110,Mumbai,2025-04-30,4,45000.0,0.25,135000.0
3830,344,108,Chennai,2025-05-29,2,15000.0,0.05,28500.0
3831,574,109,Bangalore,2025-05-26,4,65000.0,0.15,221000.0
3832,828,104,Hyderabad,2026-10-02,3,8000.0,0.35,15600.0
3833,881,104,Bangalore,2025-05-04,3,8000.0,0.05,22800.0
3834,759,101,Hyderabad,2025-09-27,5,250000.0,0.15,1062500.0
3835,806,108,Chennai,2025-11-11,1,15000.0,0.15,12750.0
3836,678,106,Delhi,2025-07-13,2,80000.0,0.2,128000.0
3837,359,105,Delhi,2025-09-22,2,45000.0,0.1,81000.0
3838,620,108,Mumbai,2025-12-16,3,15000.0,0.15,38250.0
3839,119,101,Delhi,2025-09-12,1,250000.0,0.05,237500.0
3840,580,104,Chennai,2025-08-31,5,8000.0,0.3,28000.0
3841,757,110,Hyderabad,2025-08-27,4,45000.0,0.4,108000.0
3842,155,101,Hyderabad,2025-10-16,1,250000.0,0.3,175000.0
3843,694,105,Hyderabad,2025-12-14,3,45000.0,0.05,128250.0
3844,402,109,Bangalore,2025-08-27,1,65000.0,0.1,58500.0
3845,200,102,Delhi,2025-07-19,2,70000.0,0.15,119000.0
3846,935,106,Mumbai,2025-09-24,2,80000.0,0.05,152000.0
3847,988,102,Delhi,2025-08-18,1,70000.0,0.4,42000.0
3848,674,104,Bangalore,2025-06-24,5,8000.0,0.15,34000.0
3849,285,102,Chennai,2026-09-03,1,70000.0,0.15,59500.0
3850,454,103,Mumbai,2026-04-15,4,1300.0,0.25,3900.0
3851,810,102,Delhi,2026-01-14,5,70000.0,0.05,332500.0
3852,759,101,Hyderabad,2025-12-15,1,250000.0,0.35,162500.0
3853,495,101,Hyderabad,2025-06-17,1,250000.0,0.2,200000.0
3854,394,105,Mumbai,2026-11-04,5,45000.0,0.35,146250.0
3855,188,107,Hyderabad,2025-12-12,5,50000.0,0.05,237500.0
3856,494,107,Chennai,2026-07-02,1,50000.0,0.25,37500.0
3857,699,106,Mumbai,2026-04-08,4,80000.0,0.4,192000.0
3858,550,105,Chennai,2025-06-24,3,45000.0,0.25,101250.0
3859,994,106,Mumbai,2025-06-28,1,80000.0,0.3,56000.0
3860,911,108,Delhi,2025-11-21,5,15000.0,0.35,48750.0
3861,284,101,Chennai,2026-07-03,5,250000.0,0.05,1187500.0
3862,285,106,Chennai,2026-04-07,4,80000.0,0.3,224000.0
3863,131,101,Bangalore,2026-01-31,5,250000.0,0.3,875000.0
3864,27,105,Chennai,2026-01-12,2,45000.0,0.35,58500.0
3865,70,101,Delhi,2026-03-04,2,250000.0,0.2,400000.0
3866,323,110,Hyderabad,2026-03-08,5,45000.0,0.25,168750.0
3867,613,106,Hyderabad,2026-02-16,5,80000.0,0.15,340000.0
3868,960,110,Delhi,2025-06-25,4,45000.0,0.25,135000.0
3869,501,110,Bangalore,2025-10-13,5,45000.0,0.1,202500.0
3870,242,108,Hyderabad,2025-05-03,3,15000.0,0.35,29250.0
3871,899,101,Delhi,2026-03-25,1,250000.0,0.4,150000.0
3872,11,102,Delhi,2026-03-14,3,70000.0,0.05,199500.0
3873,458,107,Hyderabad,2026-02-01,3,50000.0,0.25,112500.0
3874,836,109,Chennai,2026-03-16,1,65000.0,0.4,39000.0
3875,916,109,Chennai,2025-09-08,3,65000.0,0.3,136500.0
3876,42,103,Hyderabad,2025-11-24,4,1300.0,0.05,4940.0
3877,387,105,Mumbai,2025-05-09,3,45000.0,0.35,87750.0
3878,835,102,Delhi,2026-11-04,1,70000.0,0.3,49000.0
3879,307,103,Chennai,2026-03-17,3,1300.0,0.15,3315.0
3880,237,102,Mumbai,2026-03-30,5,70000.0,0.05,332500.0
3881,476,107,Hyderabad,2026-02-03,2,50000.0,0.2,80000.0
3882,490,104,Chennai,2025-12-29,3,8000.0,0.4,14400.0
3883,460,108,Bangalore,2025-07-21,1,15000.0,0.3,10500.0
3884,489,101,Hyderabad,2025-09-06,3,250000.0,0.1,675000.0
3885,687,107,Hyderabad,2026-04-04,5,50000.0,0.2,200000.0
3886,335,101,Mumbai,2025-09-20,3,250000.0,0.05,712500.0
3887,368,104,Mumbai,2025-08-01,4,8000.0,0.2,25600.0
3888,712,102,Hyderabad,2026-02-22,5,70000.0,0.35,227500.0
3889,257,106,Mumbai,2025-07-27,2,80000.0,0.1,144000.0
3890,88,110,Chennai,2025-06-16,1,45000.0,0.3,31500.0
3891,316,106,Delhi,2026-02-18,5,80000.0,0.35,260000.0
3892,721,106,Mumbai,2026-02-11,4,80000.0,0.3,224000.0
3893,846,109,Hyderabad,2026-03-12,1,65000.0,0.2,52000.0
3894,80,103,Delhi,2026-01-22,2,1300.0,0.4,1560.0
3895,792,102,Delhi,2026-02-26,4,70000.0,0.4,168000.0
3896,149,104,Chennai,2026-04-14,1,8000.0,0.25,6000.0
3897,658,110,Bangalore,2025-09-12,5,45000.0,0.3,157500.0
3898,481,101,Chennai,2025-11-10,1,250000.0,0.15,212500.0
3899,82,105,Hyderabad,2025-06-07,3,45000.0,0.1,121500.0
3900,609,110,Delhi,2025-09-22,1,45000.0,0.2,36000.0
3901,313,110,Delhi,2026-03-13,1,45000.0,0.35,29250.0
3902,593,108,Delhi,2025-12-25,4,15000.0,0.05,57000.0
3903,950,110,Delhi,2026-03-07,4,45000.0,0.4,108000.0
3904,879,102,Mumbai,2025-04-30,4,70000.0,0.3,196000.0
3905,279,108,Hyderabad,2025-09-08,5,15000.0,0.1,67500.0
3906,554,101,Bangalore,2025-11-13,2,250000.0,0.15,425000.0
3907,797,106,Bangalore,2025-03-08,5,80000.0,0.05,380000.0
3908,838,102,Chennai,2025-06-07,1,70000.0,0.05,66500.0
3909,516,101,Hyderabad,2026-01-06,2,250000.0,0.1,450000.0
3910,501,105,Bangalore,2025-08-18,4,45000.0,0.1,162000.0
3911,67,108,Chennai,2026-02-05,2,15000.0,0.3,21000.0
3912,253,106,Delhi,2025-06-28,5,80000.0,0.05,380000.0
3913,558,109,Chennai,2025-07-20,5,65000.0,0.3,227500.0
3914,70,105,Delhi,2026-01-21,1,45000.0,0.35,29250.0
3915,652,108,Delhi,2025-09-17,2,15000.0,0.35,19500.0
3916,215,107,Mumbai,2025-05-15,3,50000.0,0.05,142500.0
3917,751,109,Hyderabad,2025-04-26,1,65000.0,0.2,52000.0
3918,54,105,Hyderabad,2025-06-17,5,45000.0,0.35,146250.0
3919,776,103,Chennai,2025-04-16,4,1300.0,0.15,4420.0
3920,935,103,Mumbai,2025-10-17,3,1300.0,0.15,3315.0
3921,946,102,Delhi,2025-12-26,5,70000.0,0.2,280000.0
3922,338,109,Delhi,2025-12-12,5,65000.0,0.1,292500.0
3923,397,102,Bangalore,2025-06-22,2,70000.0,0.1,126000.0
3924,740,101,Hyderabad,2025-07-21,1,250000.0,0.1,225000.0
3925,650,105,Hyderabad,2026-02-17,3,45000.0,0.15,114750.0
3926,207,101,Bangalore,2025-09-09,4,250000.0,0.15,850000.0
3927,161,103,Mumbai,2026-03-14,1,1300.0,0.25,975.0
3928,424,110,Chennai,2026-02-18,1,45000.0,0.05,42750.0
3929,723,103,Hyderabad,2025-12-06,5,1300.0,0.3,4550.0
3930,172,104,Delhi,2026-05-01,5,8000.0,0.05,38000.0
3931,37,110,Mumbai,2025-09-25,4,45000.0,0.2,144000.0
3932,815,101,Mumbai,2025-07-22,2,250000.0,0.4,300000.0
3933,370,104,Delhi,2025-12-29,2,8000.0,0.05,15200.0
3934,60,109,Bangalore,2025-05-30,1,65000.0,0.25,48750.0
3935,505,108,Chennai,2025-05-24,1,15000.0,0.15,12750.0
3936,771,106,Bangalore,2026-03-21,2,80000.0,0.15,136000.0
3937,91,102,Bangalore,2025-11-22,1,70000.0,0.35,45500.0
3938,177,105,Chennai,2026-08-04,1,45000.0,0.3,31500.0
3939,618,109,Chennai,2026-03-04,2,65000.0,0.3,91000.0
3940,923,104,Mumbai,2025-05-29,1,8000.0,0.1,7200.0
3941,130,106,Hyderabad,2025-09-28,5,80000.0,0.15,340000.0
3942,566,101,Mumbai,2025-08-21,5,250000.0,0.3,875000.0
3943,774,106,Hyderabad,2025-09-28,4,80000.0,0.05,304000.0
3944,845,101,Chennai,2026-03-01,3,250000.0,0.4,450000.0
3945,417,101,Delhi,2026-03-28,2,250000.0,0.35,325000.0
3946,504,102,Mumbai,2026-01-21,4,70000.0,0.3,196000.0
3947,394,105,Mumbai,2025-11-24,3,45000.0,0.35,87750.0
3948,836,109,Chennai,2025-07-02,2,65000.0,0.3,91000.0
3949,828,108,Hyderabad,2026-01-03,1,15000.0,0.1,13500.0
3950,909,110,Chennai,2025-09-26,2,45000.0,0.05,85500.0
3951,335,104,Mumbai,2025-10-15,2,8000.0,0.15,13600.0
3952,932,110,Hyderabad,2025-07-23,2,45000.0,0.1,81000.0
3953,847,108,Delhi,2025-05-17,4,15000.0,0.25,45000.0
3954,513,101,Chennai,2026-02-25,5,250000.0,0.1,1125000.0
3955,395,108,Mumbai,2025-06-10,5,15000.0,0.05,71250.0
3956,421,107,Delhi,2026-02-21,3,50000.0,0.15,127500.0
3957,797,103,Bangalore,2025-11-17,5,1300.0,0.15,5525.0
3958,742,110,Delhi,2025-05-12,4,45000.0,0.15,153000.0
3959,930,105,Chennai,2026-04-07,5,45000.0,0.2,180000.0
3960,736,106,Delhi,2025-10-23,3,80000.0,0.4,144000.0
3961,505,104,Chennai,2026-02-07,1,8000.0,0.4,4800.0
3962,920,110,Chennai,2025-11-29,2,45000.0,0.25,67500.0
3963,129,106,Bangalore,2025-11-25,2,80000.0,0.05,152000.0
3964,141,102,Bangalore,2025-07-19,4,70000.0,0.3,196000.0
3965,370,104,Delhi,2025-06-08,3,8000.0,0.1,21600.0
3966,766,105,Mumbai,2026-02-20,4,45000.0,0.1,162000.0
3967,334,104,Chennai,2025-11-04,2,8000.0,0.25,12000.0
3968,253,109,Delhi,2025-08-07,4,65000.0,0.15,221000.0
3969,876,108,Chennai,2025-09-19,3,15000.0,0.3,31500.0
3970,640,104,Bangalore,2025-07-26,1,8000.0,0.2,6400.0
3972,288,110,Hyderabad,2025-11-18,4,45000.0,0.4,108000.0
3973,114,102,Mumbai,2025-07-18,1,70000.0,0.1,63000.0
3974,445,102,Chennai,2025-08-06,5,70000.0,0.35,227500.0
3975,627,106,Bangalore,2025-09-11,2,80000.0,0.15,136000.0
3976,792,101,Delhi,2025-08-01,5,250000.0,0.2,1000000.0
3977,849,101,Bangalore,2025-08-28,5,250000.0,0.05,1187500.0
3978,534,102,Delhi,2026-01-09,4,70000.0,0.2,224000.0
3979,239,106,Delhi,2025-10-11,5,80000.0,0.3,280000.0
3980,336,101,Chennai,2025-10-30,4,250000.0,0.2,800000.0
3981,721,103,Mumbai,2025-04-25,2,1300.0,0.1,2340.0
3982,364,108,Bangalore,2026-01-15,4,15000.0,0.35,39000.0
3983,264,110,Bangalore,2025-05-21,5,45000.0,0.1,202500.0
3984,257,109,Mumbai,2025-05-26,4,65000.0,0.2,208000.0
3985,923,102,Mumbai,2025-05-13,2,70000.0,0.05,133000.0
3986,404,106,Delhi,2025-06-23,3,80000.0,0.15,204000.0
3987,691,108,Mumbai,2025-09-21,3,15000.0,0.35,29250.0
3988,933,104,Bangalore,2025-06-28,4,8000.0,0.05,30400.0
3989,940,104,Chennai,2026-03-15,3,8000.0,0.15,20400.0
3990,275,109,Bangalore,2025-04-19,3,65000.0,0.25,146250.0
3991,950,107,Delhi,2026-04-04,1,50000.0,0.35,32500.0
3992,551,109,Bangalore,2025-03-09,4,65000.0,0.1,234000.0
3993,694,107,Hyderabad,2025-06-15,2,50000.0,0.25,75000.0
3994,417,102,Delhi,2026-01-05,5,70000.0,0.4,210000.0
3995,966,102,Delhi,2025-04-22,5,70000.0,0.1,315000.0
3996,173,105,Delhi,2025-05-01,3,45000.0,0.1,121500.0
3997,654,105,Chennai,2026-02-18,4,45000.0,0.1,162000.0
3998,751,105,Hyderabad,2025-07-11,1,45000.0,0.35,29250.0
3999,727,107,Bangalore,2025-12-08,3,50000.0,0.05,142500.0
4000,184,107,Hyderabad,2026-01-18,5,50000.0,0.15,212500.0
4001,1112,106,Delhi,2025-12-18,2,80000.0,0.1,144000.0
4002,1125,105,Mumbai,2025-08-07,3,45000.0,0.1,121500.0
4003,1379,107,Delhi,2025-09-19,2,50000.0,0.3,70000.0
4004,1570,107,Delhi,2025-11-20,2,50000.0,0.4,60000.0
4005,1433,108,Bangalore,2025-09-29,5,15000.0,0.25,56250.0
4006,1307,101,Bangalore,2025-05-25,3,250000.0,0.4,450000.0
4007,1911,108,Delhi,2026-03-28,3,15000.0,0.15,38250.0
4008,1435,108,Hyderabad,2025-12-21,3,15000.0,0.3,31500.0
4009,1366,103,Bangalore,2025-09-16,1,1300.0,0.2,1040.0
4010,1428,107,Bangalore,2025-11-26,4,50000.0,0.3,140000.0
4011,1778,110,Hyderabad,2025-06-22,3,45000.0,0.05,128250.0
4012,1572,103,Hyderabad,2025-07-07,3,1300.0,0.3,2730.0
4013,1764,107,Mumbai,2025-11-21,4,50000.0,0.4,120000.0
4014,1320,102,Chennai,2025-08-27,5,70000.0,0.35,227500.0
4015,1153,108,Mumbai,2026-04-05,2,15000.0,0.2,24000.0
4016,1213,109,Delhi,2025-01-06,4,65000.0,0.1,234000.0
4017,1125,106,Mumbai,2026-01-07,2,80000.0,0.15,136000.0
4018,1086,108,Delhi,2025-08-07,3,15000.0,0.4,27000.0
4019,1857,106,Mumbai,2025-12-04,5,80000.0,0.05,380000.0
4020,1811,101,Hyderabad,2026-04-16,5,250000.0,0.4,750000.0
4021,1351,109,Hyderabad,2025-08-16,1,65000.0,0.35,42250.0
4022,1407,106,Bangalore,2025-05-07,5,80000.0,0.15,340000.0
4023,1534,102,Delhi,2026-02-04,3,70000.0,0.05,199500.0
4024,1365,103,Delhi,2025-09-17,1,1300.0,0.25,975.0
4025,1262,109,Delhi,2026-02-26,1,65000.0,0.4,39000.0
4026,1825,108,Delhi,2025-08-03,2,15000.0,0.3,21000.0
4027,1548,104,Hyderabad,2026-01-28,2,8000.0,0.3,11200.0
4028,1321,106,Hyderabad,2025-12-10,2,80000.0,0.1,144000.0
4029,1752,103,Hyderabad,2025-12-18,3,1300.0,0.2,3120.0
4030,1770,110,Chennai,2026-01-22,4,45000.0,0.25,135000.0
4031,1932,107,Hyderabad,2025-05-02,2,50000.0,0.4,60000.0
4032,1142,101,Hyderabad,2025-08-23,4,250000.0,0.25,750000.0
4033,1171,110,Bangalore,2026-02-12,2,45000.0,0.05,85500.0
4034,1663,109,Chennai,2026-01-22,5,65000.0,0.05,308750.0
4035,1182,106,Delhi,2025-07-23,4,80000.0,0.1,288000.0
4036,1753,104,Chennai,2025-04-19,1,8000.0,0.3,5600.0
4037,1034,108,Mumbai,2026-04-07,5,15000.0,0.05,71250.0
4038,1169,110,Bangalore,2025-01-09,4,45000.0,0.15,153000.0
4039,1504,104,Delhi,2026-02-03,3,8000.0,0.2,19200.0
4040,1208,110,Mumbai,2025-10-06,2,45000.0,0.3,62999.99999999999
4041,1463,101,Delhi,2025-11-21,1,250000.0,0.15,212500.0
4042,1403,102,Mumbai,2025-09-27,3,70000.0,0.3,147000.0
4043,1781,101,Bangalore,2025-10-24,3,250000.0,0.15,637500.0
4044,1245,102,Mumbai,2025-10-01,1,70000.0,0.05,66500.0
4045,1833,105,Chennai,2026-01-03,2,45000.0,0.3,62999.99999999999
4046,1503,110,Chennai,2026-03-26,5,45000.0,0.1,202500.0
4047,1746,110,Chennai,2025-09-13,2,45000.0,0.05,85500.0
4048,1408,106,Hyderabad,2025-11-07,3,80000.0,0.3,168000.0
4049,1368,110,Delhi,2025-01-07,3,45000.0,0.05,128250.0
4050,1799,107,Bangalore,2026-01-09,2,50000.0,0.1,90000.0
4051,1263,101,Chennai,2026-04-12,2,250000.0,0.3,350000.0
4052,1802,106,Mumbai,2025-05-07,3,80000.0,0.2,192000.0
4053,1731,105,Bangalore,2025-05-15,4,45000.0,0.1,162000.0
4054,1817,102,Chennai,2025-04-21,5,70000.0,0.2,280000.0
4055,1411,101,Mumbai,2025-04-16,5,250000.0,0.05,1187500.0
4056,1182,107,Delhi,2025-09-05,1,50000.0,0.25,37500.0
4057,1573,103,Delhi,2026-01-24,3,1300.0,0.05,3705.0
4058,1664,110,Bangalore,2025-11-13,3,45000.0,0.35,87750.0
4059,1184,102,Delhi,2025-05-07,1,70000.0,0.2,56000.0
4060,1311,107,Hyderabad,2025-05-22,2,50000.0,0.05,95000.0
4061,1285,101,Mumbai,2026-01-24,5,250000.0,0.3,875000.0
4062,1840,108,Hyderabad,2026-04-06,3,15000.0,0.1,40500.0
4063,1287,109,Mumbai,2025-07-08,4,65000.0,0.1,234000.0
4064,1573,103,Delhi,2025-04-19,5,1300.0,0.4,3900.0
4065,1074,101,Chennai,2025-07-19,1,250000.0,0.3,175000.0
4066,1678,102,Chennai,2025-10-28,2,70000.0,0.35,91000.0
4067,1601,109,Delhi,2025-07-01,1,65000.0,0.15,55250.0
4068,1059,107,Hyderabad,2025-06-13,2,50000.0,0.35,65000.0
4069,1185,101,Hyderabad,2025-01-11,2,250000.0,0.15,425000.0
4070,1088,102,Bangalore,2026-02-25,1,70000.0,0.1,63000.0
4071,1453,108,Mumbai,2025-11-06,1,15000.0,0.1,13500.0
4072,1829,107,Hyderabad,2025-07-21,1,50000.0,0.05,47500.0
4073,1724,103,Hyderabad,2025-12-13,5,1300.0,0.4,3900.0
4074,1540,107,Hyderabad,2026-01-14,2,50000.0,0.35,65000.0
4075,1349,105,Delhi,2025-11-15,1,45000.0,0.3,31500.0
4076,1281,103,Bangalore,2025-09-19,1,1300.0,0.3,910.0
4077,1291,103,Chennai,2026-04-04,5,1300.0,0.15,5525.0
4078,1217,105,Chennai,2025-09-27,4,45000.0,0.35,117000.0
4079,1322,110,Bangalore,2025-05-09,5,45000.0,0.4,135000.0
4080,1505,103,Mumbai,2025-10-30,5,1300.0,0.1,5850.0
4081,1294,102,Hyderabad,2025-08-22,4,70000.0,0.3,196000.0
4082,1472,109,Chennai,2026-02-19,5,65000.0,0.4,195000.0
4083,1872,110,Bangalore,2025-08-05,1,45000.0,0.4,27000.0
4084,1721,104,Chennai,2026-10-01,2,8000.0,0.2,12800.0
4085,1399,101,Bangalore,2025-11-08,2,250000.0,0.05,475000.0
4086,1893,102,Delhi,2025-12-14,5,70000.0,0.2,280000.0
4087,1745,103,Delhi,2026-01-03,3,1300.0,0.1,3510.0
4088,1540,105,Hyderabad,2026-01-20,3,45000.0,0.3,94500.0
4089,1293,103,Hyderabad,2025-06-15,3,1300.0,0.4,2340.0
4090,1687,104,Chennai,2025-08-31,5,8000.0,0.35,26000.0
4091,1502,102,Hyderabad,2025-11-26,1,70000.0,0.15,59500.0
4092,1438,101,Bangalore,2025-06-17,2,250000.0,0.15,425000.0
4093,1549,109,Hyderabad,2025-06-01,2,65000.0,0.25,97500.0
4094,1060,103,Mumbai,2026-03-13,5,1300.0,0.35,4225.0
4095,1605,109,Hyderabad,2025-11-08,2,65000.0,0.2,104000.0
4096,1511,110,Hyderabad,2025-12-08,1,45000.0,0.15,38250.0
4097,1037,105,Mumbai,2025-04-30,2,45000.0,0.2,72000.0
4098,1903,109,Mumbai,2026-12-01,2,65000.0,0.2,104000.0
4099,1080,107,Bangalore,2025-06-05,1,50000.0,0.05,47500.0
4100,1028,106,Hyderabad,2025-11-30,5,80000.0,0.1,360000.0
4101,1055,102,Delhi,2025-07-14,4,70000.0,0.4,168000.0
4102,1130,103,Delhi,2025-10-11,1,1300.0,0.05,1235.0
4103,1261,101,Hyderabad,2025-05-10,4,250000.0,0.15,850000.0
4104,1981,109,Chennai,2025-04-18,5,65000.0,0.2,260000.0
4105,1618,110,Chennai,2025-03-08,3,45000.0,0.1,121500.0
4106,1022,106,Mumbai,2025-06-30,3,80000.0,0.1,216000.0
4107,1023,107,Bangalore,2025-11-26,5,50000.0,0.2,200000.0
4108,1077,103,Mumbai,2025-10-27,2,1300.0,0.2,2080.0
4109,1803,105,Chennai,2026-01-24,2,45000.0,0.3,62999.99999999999
4110,1091,106,Mumbai,2025-05-18,2,80000.0,0.1,144000.0
4111,1309,107,Hyderabad,2026-03-04,2,50000.0,0.4,60000.0
4112,1154,104,Chennai,2025-11-30,2,8000.0,0.1,14400.0
4113,1670,108,Mumbai,2026-03-22,4,15000.0,0.35,39000.0
4114,1240,102,Bangalore,2025-10-08,5,70000.0,0.35,227500.0
4115,1988,107,Chennai,2025-12-15,1,50000.0,0.4,30000.0
4116,1089,102,Bangalore,2026-06-02,5,70000.0,0.4,210000.0
4117,1988,104,Chennai,2025-10-13,1,8000.0,0.4,4800.0
4118,1004,104,Mumbai,2025-07-17,1,8000.0,0.15,6800.0
4119,1119,101,Hyderabad,2025-12-26,2,250000.0,0.3,350000.0
4120,1335,109,Delhi,2025-04-05,5,65000.0,0.4,195000.0
4121,1708,102,Chennai,2026-03-10,4,70000.0,0.25,210000.0
4122,1137,105,Bangalore,2025-06-10,1,45000.0,0.05,42750.0
4123,1658,105,Delhi,2026-03-30,1,45000.0,0.4,27000.0
4124,1250,104,Delhi,2026-02-06,2,8000.0,0.4,9600.0
4125,1845,107,Bangalore,2025-01-05,1,50000.0,0.25,37500.0
4126,1922,104,Bangalore,2025-07-25,3,8000.0,0.4,14400.0
4127,1639,110,Delhi,2025-09-04,1,45000.0,0.35,29250.0
4128,1800,103,Hyderabad,2025-05-29,2,1300.0,0.15,2210.0
4129,1805,103,Chennai,2025-07-20,2,1300.0,0.35,1690.0
4130,1890,109,Chennai,2025-10-04,5,65000.0,0.15,276250.0
4131,1146,102,Mumbai,2025-06-28,3,70000.0,0.25,157500.0
4132,1936,103,Bangalore,2025-10-15,5,1300.0,0.1,5850.0
4133,1316,105,Bangalore,2026-01-23,4,45000.0,0.25,135000.0
4134,1607,102,Mumbai,2026-01-04,2,70000.0,0.25,105000.0
4135,1291,110,Chennai,2025-08-16,2,45000.0,0.05,85500.0
4136,1729,101,Bangalore,2025-06-16,5,250000.0,0.3,875000.0
4137,1514,101,Chennai,2025-12-17,5,250000.0,0.35,812500.0
4138,1834,102,Mumbai,2026-04-13,3,70000.0,0.35,136500.0
4139,1100,101,Mumbai,2026-03-16,5,250000.0,0.4,750000.0
4140,1900,106,Delhi,2026-01-23,1,80000.0,0.1,72000.0
4141,1741,110,Hyderabad,2025-08-15,1,45000.0,0.1,40500.0
4142,1946,101,Chennai,2025-08-13,1,250000.0,0.35,162500.0
4143,1784,107,Mumbai,2026-04-12,4,50000.0,0.25,150000.0
4144,1977,102,Hyderabad,2025-08-09,3,70000.0,0.35,136500.0
4145,1034,107,Mumbai,2025-05-03,4,50000.0,0.15,170000.0
4146,1978,105,Mumbai,2025-10-18,1,45000.0,0.4,27000.0
4147,1427,108,Hyderabad,2026-10-02,4,15000.0,0.05,57000.0
4148,1206,108,Delhi,2026-01-15,2,15000.0,0.3,21000.0
4149,1874,108,Delhi,2026-03-18,2,15000.0,0.25,22500.0
4150,1873,107,Delhi,2026-01-01,5,50000.0,0.1,225000.0
4151,1132,108,Chennai,2025-11-08,1,15000.0,0.35,9750.0
4152,1897,109,Delhi,2025-06-07,4,65000.0,0.05,247000.0
4153,1276,104,Mumbai,2026-04-06,2,8000.0,0.05,15200.0
4154,1854,109,Delhi,2025-10-24,4,65000.0,0.05,247000.0
4155,1506,102,Mumbai,2025-12-13,3,70000.0,0.05,199500.0
4156,1548,108,Hyderabad,2025-10-08,3,15000.0,0.25,33750.0
4157,1205,106,Bangalore,2026-01-14,3,80000.0,0.3,168000.0
4158,1283,110,Hyderabad,2026-02-18,3,45000.0,0.15,114750.0
4159,1453,109,Mumbai,2026-03-23,3,65000.0,0.4,117000.0
4160,1764,105,Mumbai,2026-04-02,5,45000.0,0.1,202500.0
4161,1185,108,Hyderabad,2025-04-20,4,15000.0,0.05,57000.0
4162,1845,110,Bangalore,2025-06-23,1,45000.0,0.4,27000.0
4163,1014,101,Delhi,2026-03-16,1,250000.0,0.15,212500.0
4164,1445,104,Chennai,2026-03-17,3,8000.0,0.3,16800.0
4165,1549,108,Hyderabad,2026-02-05,2,15000.0,0.15,25500.0
4166,1430,107,Delhi,2025-08-05,4,50000.0,0.4,120000.0
4167,1570,107,Delhi,2026-07-03,1,50000.0,0.2,40000.0
4168,1011,106,Mumbai,2026-01-07,2,80000.0,0.1,144000.0
4169,1480,108,Hyderabad,2026-04-10,4,15000.0,0.4,36000.0
4170,1798,110,Mumbai,2025-11-28,2,45000.0,0.35,58500.0
4171,1489,101,Hyderabad,2025-09-06,5,250000.0,0.4,750000.0
4172,1667,101,Delhi,2025-11-20,2,250000.0,0.1,450000.0
4173,1457,109,Chennai,2025-05-15,2,65000.0,0.3,91000.0
4174,1893,110,Delhi,2025-10-27,2,45000.0,0.1,81000.0
4175,1114,103,Chennai,2025-09-13,4,1300.0,0.25,3900.0
4176,1667,101,Delhi,2025-09-22,2,250000.0,0.25,375000.0
4177,1496,109,Bangalore,2025-11-07,3,65000.0,0.1,175500.0
4178,1468,109,Bangalore,2026-02-12,2,65000.0,0.3,91000.0
4179,1353,104,Delhi,2025-07-01,1,8000.0,0.2,6400.0
4180,1580,108,Hyderabad,2025-08-11,2,15000.0,0.4,18000.0
4181,1703,108,Bangalore,2025-05-25,1,15000.0,0.15,12750.0
4182,1861,103,Bangalore,2025-12-25,4,1300.0,0.35,3380.0
4183,1253,107,Mumbai,2026-03-26,1,50000.0,0.4,30000.0
4184,1101,107,Delhi,2026-02-20,3,50000.0,0.35,97500.0
4185,1880,110,Mumbai,2025-09-22,4,45000.0,0.15,153000.0
4186,1611,110,Delhi,2025-11-27,1,45000.0,0.1,40500.0
4187,1207,109,Hyderabad,2025-05-04,5,65000.0,0.2,260000.0
4188,1933,105,Chennai,2025-07-10,2,45000.0,0.35,58500.0
4189,1312,109,Mumbai,2025-07-01,1,65000.0,0.3,45500.0
4190,1271,108,Mumbai,2026-03-01,4,15000.0,0.25,45000.0
4191,1648,104,Delhi,2025-07-05,5,8000.0,0.05,38000.0
4192,1551,101,Bangalore,2025-09-22,3,250000.0,0.1,675000.0
4193,1370,109,Hyderabad,2026-03-07,2,65000.0,0.25,97500.0
4194,1995,107,Hyderabad,2025-06-15,3,50000.0,0.2,120000.0
4195,1936,107,Bangalore,2025-08-09,4,50000.0,0.1,180000.0
4196,1532,106,Delhi,2025-10-30,1,80000.0,0.15,68000.0
4197,1993,108,Bangalore,2026-03-06,2,15000.0,0.1,27000.0
4198,1686,104,Hyderabad,2025-12-21,4,8000.0,0.3,22400.0
4199,1461,108,Delhi,2025-12-01,5,15000.0,0.15,63750.0
4200,1915,109,Delhi,2025-01-08,1,65000.0,0.2,52000.0
4201,1507,102,Mumbai,2026-01-21,2,70000.0,0.35,91000.0
4202,1856,104,Delhi,2025-04-10,1,8000.0,0.3,5600.0
4203,1696,102,Chennai,2025-11-23,1,70000.0,0.05,66500.0
4204,1044,102,Hyderabad,2026-04-05,2,70000.0,0.15,119000.0
4205,1677,106,Delhi,2026-02-12,5,80000.0,0.3,280000.0
4206,1530,109,Hyderabad,2025-09-23,3,65000.0,0.05,185250.0
4207,1722,103,Bangalore,2025-06-09,5,1300.0,0.4,3900.0
4208,1616,103,Mumbai,2025-07-09,4,1300.0,0.2,4160.0
4209,1449,107,Delhi,2025-07-28,5,50000.0,0.1,225000.0
4210,1629,108,Hyderabad,2025-11-17,2,15000.0,0.05,28500.0
4211,1636,108,Hyderabad,2025-12-02,4,15000.0,0.1,54000.0
4212,1253,105,Mumbai,2025-06-24,2,45000.0,0.05,85500.0
4213,1640,105,Hyderabad,2025-05-16,4,45000.0,0.15,153000.0
4214,1799,101,Bangalore,2025-08-10,1,250000.0,0.05,237500.0
4215,1895,109,Bangalore,2025-05-07,1,65000.0,0.35,42250.0
4216,1064,105,Delhi,2025-12-31,3,45000.0,0.05,128250.0
4217,1386,103,Mumbai,2025-03-05,5,1300.0,0.05,6175.0
4218,1740,102,Hyderabad,2025-10-16,2,70000.0,0.1,126000.0
4219,1914,109,Chennai,2026-04-05,1,65000.0,0.2,52000.0
4220,1569,101,Mumbai,2026-02-11,4,250000.0,0.3,700000.0
4221,1326,102,Chennai,2025-08-16,2,70000.0,0.15,119000.0
4222,1620,108,Bangalore,2025-04-05,5,15000.0,0.3,52500.0
4223,1582,106,Delhi,2026-01-13,4,80000.0,0.15,272000.0
4224,1022,104,Mumbai,2025-06-14,5,8000.0,0.2,32000.0
4225,1846,102,Delhi,2026-01-06,1,70000.0,0.35,45500.0
4226,1773,106,Chennai,2025-10-26,1,80000.0,0.2,64000.0
4227,1691,101,Delhi,2026-01-20,3,250000.0,0.15,637500.0
4228,1818,109,Hyderabad,2025-08-14,2,65000.0,0.4,78000.0
4229,1779,108,Bangalore,2025-04-05,5,15000.0,0.15,63750.0
4230,1829,110,Hyderabad,2025-10-22,4,45000.0,0.1,162000.0
4231,1508,106,Delhi,2025-05-20,3,80000.0,0.25,180000.0
4232,1653,108,Mumbai,2025-05-29,2,15000.0,0.25,22500.0
4233,1406,106,Delhi,2025-09-07,4,80000.0,0.3,224000.0
4234,1724,104,Hyderabad,2026-01-25,4,8000.0,0.25,24000.0
4235,1375,103,Bangalore,2025-05-11,5,1300.0,0.3,4550.0
4236,1363,101,Mumbai,2025-09-09,3,250000.0,0.05,712500.0
4237,1641,104,Delhi,2026-09-02,4,8000.0,0.35,20800.0
4238,1670,102,Mumbai,2025-10-10,4,70000.0,0.3,196000.0
4239,1996,109,Chennai,2025-08-27,1,65000.0,0.2,52000.0
4240,1455,106,Mumbai,2025-06-19,5,80000.0,0.4,240000.0
4241,1054,109,Mumbai,2026-04-06,1,65000.0,0.25,48750.0
4242,1827,102,Delhi,2025-07-19,3,70000.0,0.1,189000.0
4243,1325,109,Delhi,2025-07-26,1,65000.0,0.15,55250.0
4244,1270,106,Mumbai,2025-06-30,4,80000.0,0.35,208000.0
4245,1182,101,Delhi,2025-09-26,4,250000.0,0.15,850000.0
4246,1380,110,Mumbai,2025-04-28,3,45000.0,0.05,128250.0
4247,1653,103,Mumbai,2025-05-19,3,1300.0,0.35,2535.0
4248,1428,106,Bangalore,2025-12-28,3,80000.0,0.25,180000.0
4249,1780,107,Bangalore,2025-06-14,3,50000.0,0.15,127500.0
4250,1222,101,Delhi,2025-05-03,3,250000.0,0.2,600000.0
4251,1517,108,Hyderabad,2025-09-24,4,15000.0,0.1,54000.0
4252,1402,105,Hyderabad,2026-06-04,2,45000.0,0.05,85500.0
4253,1107,109,Bangalore,2025-04-29,4,65000.0,0.35,169000.0
4254,1569,104,Mumbai,2025-11-23,1,8000.0,0.4,4800.0
4255,1128,103,Chennai,2026-04-03,4,1300.0,0.1,4680.0
4256,1058,107,Bangalore,2026-03-16,2,50000.0,0.25,75000.0
4257,1812,109,Delhi,2025-11-16,4,65000.0,0.05,247000.0
4258,1087,106,Mumbai,2025-06-04,2,80000.0,0.35,104000.0
4259,1354,102,Bangalore,2025-05-22,5,70000.0,0.2,280000.0
4260,1349,109,Delhi,2025-12-09,4,65000.0,0.3,182000.0
4261,1403,108,Mumbai,2025-05-24,2,15000.0,0.05,28500.0
4262,1157,102,Chennai,2025-11-14,2,70000.0,0.15,119000.0
4263,1068,106,Hyderabad,2025-07-03,1,80000.0,0.2,64000.0
4264,1390,101,Hyderabad,2025-01-06,3,250000.0,0.05,712500.0
4265,1367,109,Mumbai,2025-09-22,3,65000.0,0.2,156000.0
4266,1911,108,Delhi,2025-10-15,2,15000.0,0.05,28500.0
4267,1839,102,Hyderabad,2026-01-17,1,70000.0,0.1,63000.0
4268,1554,110,Mumbai,2026-03-07,4,45000.0,0.15,153000.0
4269,1155,101,Mumbai,2025-05-23,1,250000.0,0.15,212500.0
4270,1949,107,Hyderabad,2025-08-24,1,50000.0,0.3,35000.0
4271,1246,108,Hyderabad,2026-03-24,5,15000.0,0.3,52500.0
4272,1579,105,Hyderabad,2025-09-08,5,45000.0,0.05,213750.0
4273,1484,107,Delhi,2025-09-12,1,50000.0,0.35,32500.0
4274,1511,102,Hyderabad,2026-01-24,2,70000.0,0.05,133000.0
4275,1815,101,Mumbai,2025-11-22,4,250000.0,0.4,600000.0
4276,1720,107,Mumbai,2025-09-02,3,50000.0,0.3,105000.0
4277,1141,106,Delhi,2026-01-14,5,80000.0,0.15,340000.0
4278,1376,104,Delhi,2025-09-18,4,8000.0,0.4,19200.0
4279,1014,107,Delhi,2025-10-14,2,50000.0,0.35,65000.0
4280,1790,110,Mumbai,2026-01-03,5,45000.0,0.4,135000.0
4281,1548,101,Hyderabad,2026-02-26,3,250000.0,0.35,487500.0
4282,1049,106,Delhi,2025-05-11,3,80000.0,0.15,204000.0
4283,1477,110,Chennai,2025-09-06,2,45000.0,0.4,54000.0
4284,1093,108,Bangalore,2025-12-27,1,15000.0,0.4,9000.0
4285,1560,106,Mumbai,2025-12-21,5,80000.0,0.15,340000.0
4286,1183,102,Chennai,2026-04-13,3,70000.0,0.25,157500.0
4287,1333,104,Delhi,2025-09-01,4,8000.0,0.15,27200.0
4288,1816,101,Mumbai,2025-09-08,4,250000.0,0.2,800000.0
4289,1454,107,Mumbai,2025-10-30,2,50000.0,0.25,75000.0
4290,1129,109,Hyderabad,2025-11-28,4,65000.0,0.15,221000.0
4291,1344,104,Mumbai,2025-11-30,4,8000.0,0.2,25600.0
4292,1765,110,Mumbai,2025-11-16,2,45000.0,0.05,85500.0
4293,1850,104,Bangalore,2025-07-03,1,8000.0,0.4,4800.0
4294,1381,109,Bangalore,2025-09-28,3,65000.0,0.4,117000.0
4295,1304,108,Hyderabad,2025-02-08,4,15000.0,0.25,45000.0
4296,1421,106,Chennai,2025-06-24,3,80000.0,0.05,228000.0
4297,1436,107,Hyderabad,2025-04-26,3,50000.0,0.25,112500.0
4298,1538,104,Hyderabad,2025-12-04,1,8000.0,0.2,6400.0
4299,1365,108,Delhi,2025-08-17,2,15000.0,0.05,28500.0
4300,1974,104,Delhi,2025-01-07,4,8000.0,0.05,30400.0
4301,1711,108,Mumbai,2025-08-20,1,15000.0,0.35,9750.0
4302,1275,103,Delhi,2025-10-03,2,1300.0,0.2,2080.0
4303,1325,104,Delhi,2025-04-20,4,8000.0,0.4,19200.0
4304,1449,101,Delhi,2025-10-20,1,250000.0,0.2,200000.0
4305,1078,105,Delhi,2025-09-19,2,45000.0,0.3,62999.99999999999
4306,1718,101,Delhi,2025-08-13,3,250000.0,0.4,450000.0
4307,1235,109,Bangalore,2026-01-15,1,65000.0,0.05,61750.0
4308,1680,102,Delhi,2026-03-08,5,70000.0,0.25,262500.0
4309,1375,110,Bangalore,2026-01-19,1,45000.0,0.05,42750.0
4310,1964,104,Hyderabad,2025-09-07,3,8000.0,0.3,16800.0
4311,1366,104,Bangalore,2025-11-16,1,8000.0,0.25,6000.0
4312,1056,101,Hyderabad,2025-07-12,3,250000.0,0.4,450000.0
4313,1422,109,Bangalore,2025-09-20,3,65000.0,0.1,175500.0
4314,1179,106,Chennai,2025-08-18,4,80000.0,0.1,288000.0
4315,1700,105,Hyderabad,2026-04-04,2,45000.0,0.2,72000.0
4316,1036,107,Bangalore,2025-11-25,5,50000.0,0.4,150000.0
4317,1577,102,Bangalore,2025-04-07,5,70000.0,0.25,262500.0
4318,1035,104,Hyderabad,2025-10-19,5,8000.0,0.15,34000.0
4319,1402,107,Hyderabad,2025-06-12,5,50000.0,0.2,200000.0
4320,1054,107,Mumbai,2025-05-28,1,50000.0,0.05,47500.0
4321,1567,106,Delhi,2026-01-23,4,80000.0,0.05,304000.0
4322,1001,101,Bangalore,2025-04-20,1,250000.0,0.4,150000.0
4323,1775,106,Mumbai,2025-06-23,4,80000.0,0.4,192000.0
4324,1126,106,Bangalore,2025-05-24,1,80000.0,0.35,52000.0
4325,1262,102,Delhi,2025-08-30,5,70000.0,0.1,315000.0
4326,1606,101,Bangalore,2026-03-22,2,250000.0,0.4,300000.0
4327,1070,104,Delhi,2025-08-27,2,8000.0,0.4,9600.0
4328,1832,109,Hyderabad,2025-02-06,4,65000.0,0.3,182000.0
4329,1090,104,Chennai,2026-02-28,4,8000.0,0.1,28800.0
4330,1265,105,Chennai,2026-01-22,5,45000.0,0.3,157500.0
4331,1591,106,Hyderabad,2026-01-30,5,80000.0,0.15,340000.0
4332,1666,107,Hyderabad,2025-12-13,3,50000.0,0.1,135000.0
4333,1306,104,Delhi,2025-08-12,1,8000.0,0.35,5200.0
4334,1762,103,Mumbai,2025-07-18,3,1300.0,0.25,2925.0
4335,1665,105,Bangalore,2025-08-30,4,45000.0,0.2,144000.0
4336,1424,102,Hyderabad,2025-12-02,1,70000.0,0.35,45500.0
4337,1881,103,Mumbai,2026-02-09,4,1300.0,0.3,3640.0
4338,1324,104,Mumbai,2025-09-24,2,8000.0,0.3,11200.0
4339,1433,106,Bangalore,2026-02-19,5,80000.0,0.15,340000.0
4340,1127,108,Hyderabad,2026-02-28,3,15000.0,0.3,31500.0
4341,1707,105,Bangalore,2026-03-24,1,45000.0,0.05,42750.0
4342,1672,101,Delhi,2025-08-03,3,250000.0,0.3,525000.0
4343,1690,106,Delhi,2026-01-26,5,80000.0,0.35,260000.0
4344,1533,110,Mumbai,2025-06-26,5,45000.0,0.05,213750.0
4345,1269,104,Hyderabad,2025-05-10,5,8000.0,0.05,38000.0
4346,1355,106,Mumbai,2025-10-18,3,80000.0,0.35,156000.0
4347,1350,104,Hyderabad,2025-09-24,1,8000.0,0.2,6400.0
4348,1160,104,Delhi,2025-07-03,2,8000.0,0.25,12000.0
4349,1492,106,Chennai,2026-03-20,5,80000.0,0.15,340000.0
4350,1453,106,Mumbai,2025-08-26,5,80000.0,0.25,300000.0
4351,1228,104,Hyderabad,2025-06-28,5,8000.0,0.2,32000.0
4352,1808,102,Mumbai,2026-04-06,4,70000.0,0.3,196000.0
4353,1697,106,Bangalore,2025-07-29,3,80000.0,0.15,204000.0
4354,1375,103,Bangalore,2025-05-04,1,1300.0,0.05,1235.0
4355,1156,109,Delhi,2026-04-16,1,65000.0,0.25,48750.0
4356,1377,109,Delhi,2026-01-18,2,65000.0,0.1,117000.0
4357,1626,101,Chennai,2025-11-29,3,250000.0,0.35,487500.0
4358,1834,109,Mumbai,2025-09-11,3,65000.0,0.35,126750.0
4359,1058,105,Bangalore,2025-07-16,4,45000.0,0.15,153000.0
4360,1740,109,Hyderabad,2026-02-03,5,65000.0,0.05,308750.0
4361,1942,106,Chennai,2025-11-22,2,80000.0,0.1,144000.0
4362,1479,105,Chennai,2026-02-01,1,45000.0,0.25,33750.0
4363,1783,102,Delhi,2025-11-30,2,70000.0,0.2,112000.0
4364,1384,102,Mumbai,2026-03-25,3,70000.0,0.1,189000.0
4365,1907,108,Chennai,2025-12-18,2,15000.0,0.25,22500.0
4366,1666,104,Hyderabad,2026-02-23,1,8000.0,0.35,5200.0
4367,1435,107,Hyderabad,2025-11-14,5,50000.0,0.35,162500.0
4368,1746,108,Chennai,2025-06-15,2,15000.0,0.1,27000.0
4369,1860,107,Hyderabad,2025-11-03,5,50000.0,0.1,225000.0
4370,1138,104,Hyderabad,2025-08-29,5,8000.0,0.2,32000.0
4371,1086,108,Delhi,2025-07-17,4,15000.0,0.15,51000.0
4372,1321,105,Hyderabad,2025-12-16,1,45000.0,0.1,40500.0
4373,1802,109,Mumbai,2025-09-20,1,65000.0,0.2,52000.0
4374,1132,110,Chennai,2025-09-26,1,45000.0,0.15,38250.0
4375,1709,109,Bangalore,2025-05-28,1,65000.0,0.05,61750.0
4376,1583,101,Chennai,2025-05-07,3,250000.0,0.3,525000.0
4377,1939,105,Delhi,2025-04-27,2,45000.0,0.2,72000.0
4378,1287,107,Mumbai,2025-06-08,2,50000.0,0.1,90000.0
4379,1656,102,Chennai,2025-05-06,5,70000.0,0.35,227500.0
4380,1486,102,Mumbai,2026-10-04,1,70000.0,0.15,59500.0
4381,1769,103,Delhi,2026-02-20,2,1300.0,0.2,2080.0
4382,1398,110,Bangalore,2026-03-15,5,45000.0,0.15,191250.0
4384,1283,110,Hyderabad,2025-06-18,2,45000.0,0.15,76500.0
4385,1635,105,Mumbai,2025-11-09,2,45000.0,0.05,85500.0
4386,1571,110,Mumbai,2025-07-05,5,45000.0,0.1,202500.0
4388,1819,104,Hyderabad,2025-06-12,2,8000.0,0.05,15200.0
4389,1345,104,Mumbai,2025-11-14,5,8000.0,0.2,32000.0
4390,1592,104,Chennai,2026-11-02,5,8000.0,0.1,36000.0
4391,1163,104,Mumbai,2025-07-16,3,8000.0,0.15,20400.0
4392,1836,105,Chennai,2025-05-21,5,45000.0,0.25,168750.0
4393,1921,108,Delhi,2026-01-20,1,15000.0,0.3,10500.0
4394,1818,108,Hyderabad,2026-01-11,5,15000.0,0.25,56250.0
4395,1485,105,Mumbai,2025-08-17,1,45000.0,0.15,38250.0
4396,1890,102,Chennai,2025-07-06,2,70000.0,0.1,126000.0
4397,1607,108,Mumbai,2025-11-01,2,15000.0,0.3,21000.0
4398,1895,106,Bangalore,2025-03-05,4,80000.0,0.05,304000.0
4399,1759,104,Hyderabad,2026-03-27,2,8000.0,0.4,9600.0
4400,1467,108,Mumbai,2026-03-01,1,15000.0,0.35,9750.0
4401,1274,102,Mumbai,2025-08-05,3,70000.0,0.35,136500.0
4402,1006,102,Mumbai,2025-07-19,5,70000.0,0.2,280000.0
4403,1072,103,Hyderabad,2025-10-06,3,1300.0,0.2,3120.0
4404,1470,106,Chennai,2026-03-01,1,80000.0,0.25,60000.0
4405,1417,107,Chennai,2025-09-19,2,50000.0,0.35,65000.0
4406,1877,105,Mumbai,2026-03-18,3,45000.0,0.1,121500.0
4407,1118,110,Bangalore,2025-09-17,3,45000.0,0.2,108000.0
4408,1150,102,Bangalore,2025-05-17,5,70000.0,0.4,210000.0
4409,1865,101,Bangalore,2025-11-01,2,250000.0,0.4,300000.0
4410,1119,102,Hyderabad,2025-07-18,1,70000.0,0.3,49000.0
4411,1270,102,Mumbai,2025-04-26,5,70000.0,0.4,210000.0
4412,1489,101,Hyderabad,2025-08-22,1,250000.0,0.3,175000.0
4413,1317,104,Delhi,2025-05-05,4,8000.0,0.05,30400.0
4414,1859,110,Delhi,2025-10-11,4,45000.0,0.35,117000.0
4415,1270,109,Mumbai,2025-09-05,1,65000.0,0.05,61750.0
4416,1853,106,Delhi,2026-01-31,4,80000.0,0.4,192000.0
4417,1466,108,Hyderabad,2025-04-20,1,15000.0,0.3,10500.0
4418,1043,104,Bangalore,2025-06-03,2,8000.0,0.15,13600.0
4419,1603,107,Hyderabad,2025-12-28,2,50000.0,0.1,90000.0
4420,1885,109,Bangalore,2026-01-07,3,65000.0,0.2,156000.0
4421,1098,106,Bangalore,2026-02-28,1,80000.0,0.15,68000.0
4422,1761,108,Chennai,2025-12-01,4,15000.0,0.35,39000.0
4423,1117,101,Bangalore,2026-02-27,1,250000.0,0.4,150000.0
4424,1100,103,Mumbai,2025-07-28,1,1300.0,0.05,1235.0
4425,1515,108,Bangalore,2025-07-13,4,15000.0,0.3,42000.0
4426,1267,109,Bangalore,2026-04-15,1,65000.0,0.2,52000.0
4427,1058,109,Bangalore,2025-04-19,2,65000.0,0.05,123500.0
4428,1785,109,Chennai,2025-11-16,1,65000.0,0.3,45500.0
4429,1293,107,Hyderabad,2025-11-29,1,50000.0,0.3,35000.0
4430,1890,106,Chennai,2025-12-26,1,80000.0,0.4,48000.0
4431,1447,107,Bangalore,2026-01-25,2,50000.0,0.25,75000.0
4432,1540,108,Hyderabad,2025-11-04,5,15000.0,0.2,60000.0
4433,1685,102,Hyderabad,2025-11-19,4,70000.0,0.2,224000.0
4434,1555,106,Delhi,2025-10-27,5,80000.0,0.2,320000.0
4435,1499,105,Hyderabad,2026-03-04,4,45000.0,0.25,135000.0
4436,1253,102,Mumbai,2025-09-26,3,70000.0,0.05,199500.0
4437,1354,106,Bangalore,2025-12-28,5,80000.0,0.25,300000.0
4438,1575,107,Chennai,2026-01-20,5,50000.0,0.1,225000.0
4439,1584,101,Mumbai,2025-07-03,1,250000.0,0.25,187500.0
4440,1233,110,Bangalore,2025-12-29,1,45000.0,0.3,31500.0
4441,1373,106,Delhi,2025-01-07,1,80000.0,0.35,52000.0
4442,1306,110,Delhi,2025-10-18,4,45000.0,0.3,126000.0
4443,1141,108,Delhi,2026-08-02,3,15000.0,0.35,29250.0
4444,1492,101,Chennai,2025-06-23,4,250000.0,0.4,600000.0
4445,1333,109,Delhi,2025-06-28,2,65000.0,0.15,110500.0
4446,1961,105,Hyderabad,2026-02-26,4,45000.0,0.1,162000.0
4447,1965,101,Bangalore,2025-12-14,1,250000.0,0.2,200000.0
4448,1470,104,Chennai,2025-05-17,5,8000.0,0.1,36000.0
4449,1996,104,Chennai,2026-03-04,3,8000.0,0.35,15600.0
4450,1198,106,Delhi,2026-04-11,3,80000.0,0.2,192000.0
4451,1125,107,Mumbai,2026-01-19,2,50000.0,0.15,85000.0
4452,1109,105,Delhi,2025-06-14,4,45000.0,0.3,126000.0
4453,1378,105,Hyderabad,2025-01-05,2,45000.0,0.4,54000.0
4454,1901,108,Hyderabad,2025-12-04,1,15000.0,0.4,9000.0
4455,1454,104,Mumbai,2026-02-21,4,8000.0,0.25,24000.0
4456,1776,104,Chennai,2025-12-11,1,8000.0,0.4,4800.0
4457,1673,102,Bangalore,2025-08-17,4,70000.0,0.05,266000.0
4458,1286,109,Delhi,2025-12-19,4,65000.0,0.3,182000.0
4459,1465,105,Delhi,2025-07-14,5,45000.0,0.25,168750.0
4460,1147,104,Delhi,2025-07-16,5,8000.0,0.35,26000.0
4461,1806,109,Bangalore,2025-12-20,5,65000.0,0.25,243750.0
4462,1852,107,Delhi,2025-04-22,2,50000.0,0.4,60000.0
4463,1070,103,Delhi,2025-10-11,5,1300.0,0.4,3900.0
4464,1442,109,Bangalore,2025-08-24,4,65000.0,0.35,169000.0
4465,1661,110,Chennai,2025-12-30,1,45000.0,0.05,42750.0
4466,1353,110,Delhi,2025-06-04,5,45000.0,0.25,168750.0
4467,1494,101,Chennai,2025-11-08,1,250000.0,0.3,175000.0
4468,1708,106,Chennai,2025-07-31,3,80000.0,0.4,144000.0
4469,1090,106,Chennai,2025-05-06,1,80000.0,0.25,60000.0
4470,1618,108,Chennai,2025-08-23,3,15000.0,0.25,33750.0
4471,1729,106,Bangalore,2025-06-12,3,80000.0,0.4,144000.0
4472,1443,109,Bangalore,2025-05-02,5,65000.0,0.4,195000.0
4473,1981,107,Chennai,2026-01-13,3,50000.0,0.3,105000.0
4474,1441,101,Hyderabad,2026-02-17,4,250000.0,0.25,750000.0
4475,1748,104,Delhi,2025-06-04,2,8000.0,0.05,15200.0
4476,1791,104,Bangalore,2025-10-11,3,8000.0,0.4,14400.0
4477,1584,103,Mumbai,2025-11-15,1,1300.0,0.3,910.0
4478,1875,103,Chennai,2025-06-27,3,1300.0,0.3,2730.0
4479,1976,108,Hyderabad,2025-12-10,1,15000.0,0.1,13500.0
4480,1772,108,Mumbai,2025-08-17,3,15000.0,0.25,33750.0
4481,1369,104,Chennai,2026-03-04,2,8000.0,0.2,12800.0
4482,1084,103,Delhi,2025-07-10,1,1300.0,0.15,1105.0
4483,1233,110,Bangalore,2025-10-07,4,45000.0,0.15,153000.0
4484,1686,104,Hyderabad,2025-06-20,3,8000.0,0.05,22800.0
4485,1398,108,Bangalore,2025-08-13,3,15000.0,0.4,27000.0
4486,1321,107,Hyderabad,2025-12-07,1,50000.0,0.15,42500.0
4487,1294,102,Hyderabad,2025-10-23,4,70000.0,0.2,224000.0
4488,1287,106,Mumbai,2025-06-29,5,80000.0,0.3,280000.0
4489,1858,103,Delhi,2025-08-16,1,1300.0,0.25,975.0
4490,1392,101,Chennai,2026-02-03,4,250000.0,0.4,600000.0
4491,1340,106,Delhi,2026-03-19,1,80000.0,0.05,76000.0
4492,1075,101,Chennai,2025-11-05,3,250000.0,0.35,487500.0
4493,1930,107,Mumbai,2025-08-04,5,50000.0,0.25,187500.0
4494,1413,110,Delhi,2025-07-29,1,45000.0,0.4,27000.0
4495,1894,101,Delhi,2025-05-13,3,250000.0,0.25,562500.0
4496,1158,102,Chennai,2026-10-04,4,70000.0,0.05,266000.0
4497,1296,109,Mumbai,2025-06-19,1,65000.0,0.05,61750.0
4498,1033,102,Mumbai,2025-10-28,1,70000.0,0.4,42000.0
4499,1435,102,Hyderabad,2025-10-10,3,70000.0,0.1,189000.0
4500,1816,101,Mumbai,2025-05-20,1,250000.0,0.15,212500.0
4501,1703,110,Bangalore,2025-11-03,3,45000.0,0.15,114750.0
4502,1120,103,Mumbai,2026-02-28,5,1300.0,0.15,5525.0
4503,1092,110,Chennai,2025-09-06,2,45000.0,0.25,67500.0
4504,1693,101,Mumbai,2026-06-02,5,250000.0,0.4,750000.0
4505,1026,102,Delhi,2025-06-22,5,70000.0,0.2,280000.0
4506,1083,109,Delhi,2025-07-22,2,65000.0,0.3,91000.0
4507,1593,110,Hyderabad,2026-02-11,3,45000.0,0.15,114750.0
4508,1809,104,Delhi,2025-03-08,3,8000.0,0.1,21600.0
4509,1475,107,Delhi,2026-03-11,2,50000.0,0.25,75000.0
4510,1997,103,Delhi,2026-03-31,1,1300.0,0.05,1235.0
4511,1345,105,Mumbai,2025-09-10,5,45000.0,0.35,146250.0
4512,1983,104,Mumbai,2026-02-22,1,8000.0,0.35,5200.0
4513,1644,108,Delhi,2026-02-11,2,15000.0,0.05,28500.0
4514,1845,101,Bangalore,2026-01-04,1,250000.0,0.2,200000.0
4515,1859,109,Delhi,2025-08-01,1,65000.0,0.3,45500.0
4516,1019,107,Hyderabad,2026-04-10,3,50000.0,0.2,120000.0
4517,1994,104,Hyderabad,2025-11-20,5,8000.0,0.05,38000.0
4518,1605,104,Hyderabad,2026-12-01,1,8000.0,0.35,5200.0
4519,1139,102,Delhi,2025-09-16,4,70000.0,0.1,252000.0
4520,1092,102,Chennai,2026-01-30,3,70000.0,0.3,147000.0
4521,1220,105,Mumbai,2025-08-19,5,45000.0,0.35,146250.0
4522,1548,107,Hyderabad,2025-05-11,3,50000.0,0.35,97500.0
4523,1070,102,Delhi,2026-06-01,1,70000.0,0.05,66500.0
4524,1495,110,Mumbai,2025-06-13,5,45000.0,0.25,168750.0
4525,1109,110,Delhi,2025-07-28,3,45000.0,0.3,94500.0
4526,1504,104,Delhi,2025-05-22,1,8000.0,0.25,6000.0
4527,1132,108,Chennai,2026-01-26,1,15000.0,0.25,11250.0
4528,1675,106,Bangalore,2025-11-01,3,80000.0,0.35,156000.0
4529,1352,109,Chennai,2025-10-22,2,65000.0,0.25,97500.0
4530,1968,106,Hyderabad,2025-11-07,1,80000.0,0.2,64000.0
4531,1981,108,Chennai,2025-09-29,4,15000.0,0.15,51000.0
4532,1812,105,Delhi,2025-06-27,1,45000.0,0.35,29250.0
4533,1821,107,Hyderabad,2025-10-25,5,50000.0,0.25,187500.0
4534,1216,107,Mumbai,2025-10-13,3,50000.0,0.3,105000.0
4535,1279,101,Chennai,2026-01-22,1,250000.0,0.4,150000.0
4536,1042,107,Delhi,2025-05-18,5,50000.0,0.25,187500.0
4537,1567,105,Delhi,2026-02-21,3,45000.0,0.35,87750.0
4538,1926,107,Bangalore,2025-09-19,5,50000.0,0.25,187500.0
4539,1982,108,Chennai,2025-08-25,5,15000.0,0.35,48750.0
4540,1383,110,Delhi,2025-06-30,5,45000.0,0.25,168750.0
4541,1693,109,Mumbai,2026-10-04,3,65000.0,0.3,136500.0
4542,1760,106,Delhi,2026-02-23,4,80000.0,0.35,208000.0
4544,1690,110,Delhi,2025-06-26,3,45000.0,0.1,121500.0
4545,1502,105,Hyderabad,2026-04-07,2,45000.0,0.1,81000.0
4546,1953,102,Hyderabad,2025-12-02,2,70000.0,0.1,126000.0
4547,1968,106,Hyderabad,2025-10-15,4,80000.0,0.1,288000.0
4548,1205,102,Bangalore,2025-04-25,1,70000.0,0.35,45500.0
4549,1101,105,Delhi,2025-11-11,1,45000.0,0.1,40500.0
4550,1791,106,Bangalore,2026-03-04,1,80000.0,0.4,48000.0
4551,1834,109,Mumbai,2025-11-23,5,65000.0,0.15,276250.0
4553,1662,104,Mumbai,2025-10-29,2,8000.0,0.35,10400.0
4554,1217,107,Chennai,2025-11-17,3,50000.0,0.15,127500.0
4556,1765,104,Mumbai,2025-06-15,1,8000.0,0.1,7200.0
4557,1384,104,Mumbai,2025-09-21,3,8000.0,0.25,18000.0
4558,1179,109,Chennai,2026-04-14,2,65000.0,0.35,84500.0
4559,1012,103,Mumbai,2026-01-05,5,1300.0,0.4,3900.0
4560,1048,106,Delhi,2026-03-22,2,80000.0,0.25,120000.0
4561,1063,104,Delhi,2025-12-13,4,8000.0,0.1,28800.0
4562,1683,107,Bangalore,2026-03-22,2,50000.0,0.35,65000.0
4563,1007,104,Hyderabad,2025-10-14,4,8000.0,0.35,20800.0
4564,1870,105,Hyderabad,2025-12-22,1,45000.0,0.4,27000.0
4565,1651,109,Hyderabad,2025-07-09,1,65000.0,0.1,58500.0
4566,1990,108,Mumbai,2025-05-27,4,15000.0,0.35,39000.0
4567,1304,109,Hyderabad,2026-02-14,5,65000.0,0.1,292500.0
4568,1135,102,Hyderabad,2025-12-31,1,70000.0,0.2,56000.0
4569,1311,105,Hyderabad,2026-02-11,4,45000.0,0.15,153000.0
4570,1824,103,Hyderabad,2025-12-06,1,1300.0,0.3,910.0
4571,1451,105,Bangalore,2025-08-16,1,45000.0,0.15,38250.0
4572,1825,110,Delhi,2025-05-31,1,45000.0,0.1,40500.0
4573,1161,109,Delhi,2025-05-15,2,65000.0,0.1,117000.0
4574,1252,110,Bangalore,2025-11-17,2,45000.0,0.25,67500.0
4575,1325,108,Delhi,2025-08-07,5,15000.0,0.3,52500.0
4576,1643,104,Chennai,2025-11-11,1,8000.0,0.25,6000.0
4577,1434,108,Chennai,2025-06-26,4,15000.0,0.3,42000.0
4578,1021,110,Chennai,2026-01-15,1,45000.0,0.15,38250.0
4579,1618,105,Chennai,2025-04-28,2,45000.0,0.4,54000.0
4580,1201,104,Mumbai,2026-04-04,5,8000.0,0.25,30000.0
4581,1826,108,Chennai,2025-08-20,4,15000.0,0.25,45000.0
4582,1385,104,Hyderabad,2025-12-28,5,8000.0,0.05,38000.0
4583,1322,104,Bangalore,2025-09-21,5,8000.0,0.35,26000.0
4584,1864,102,Hyderabad,2025-08-10,4,70000.0,0.1,252000.0
4585,1135,101,Hyderabad,2025-04-10,1,250000.0,0.35,162500.0
4586,1636,105,Hyderabad,2026-04-15,1,45000.0,0.35,29250.0
4587,1179,104,Chennai,2025-07-22,3,8000.0,0.05,22800.0
4588,1905,106,Bangalore,2026-06-04,4,80000.0,0.1,288000.0
4589,1432,104,Hyderabad,2025-06-16,1,8000.0,0.15,6800.0
4590,1594,107,Mumbai,2026-02-23,3,50000.0,0.15,127500.0
4591,1268,102,Hyderabad,2025-10-09,5,70000.0,0.15,297500.0
4592,1672,108,Delhi,2025-10-10,2,15000.0,0.35,19500.0
4593,1664,101,Bangalore,2025-07-23,4,250000.0,0.35,650000.0
4594,1676,101,Delhi,2025-11-23,4,250000.0,0.1,900000.0
4595,1719,102,Chennai,2025-11-27,4,70000.0,0.35,182000.0
4596,1587,108,Bangalore,2025-07-08,3,15000.0,0.35,29250.0
4597,1081,102,Hyderabad,2025-06-06,1,70000.0,0.3,49000.0
4598,1770,108,Chennai,2025-09-24,2,15000.0,0.05,28500.0
4599,1794,107,Delhi,2025-08-31,2,50000.0,0.25,75000.0
4600,1950,105,Chennai,2025-12-08,1,45000.0,0.35,29250.0
4601,1920,105,Chennai,2025-06-13,5,45000.0,0.15,191250.0
4602,1856,107,Delhi,2025-12-13,4,50000.0,0.05,190000.0
4603,1553,103,Bangalore,2025-10-26,3,1300.0,0.15,3315.0
4604,1849,101,Delhi,2025-11-12,4,250000.0,0.15,850000.0
4605,1624,108,Chennai,2025-11-03,3,15000.0,0.25,33750.0
4606,1891,105,Chennai,2026-02-07,3,45000.0,0.1,121500.0
4607,1711,103,Mumbai,2025-10-16,5,1300.0,0.3,4550.0
4608,1103,108,Mumbai,2026-08-02,2,15000.0,0.35,19500.0
4609,1044,101,Hyderabad,2025-12-20,3,250000.0,0.4,450000.0
4610,1423,104,Chennai,2025-05-31,4,8000.0,0.2,25600.0
4611,1045,103,Chennai,2026-03-03,2,1300.0,0.05,2470.0
4612,1806,102,Bangalore,2026-02-18,5,70000.0,0.35,227500.0
4613,1129,110,Hyderabad,2026-03-24,3,45000.0,0.3,94500.0
4614,1019,104,Hyderabad,2025-12-02,5,8000.0,0.15,34000.0
4615,1289,103,Bangalore,2025-05-06,4,1300.0,0.1,4680.0
4616,1419,101,Bangalore,2025-06-23,2,250000.0,0.4,300000.0
4617,1455,106,Mumbai,2025-09-25,5,80000.0,0.15,340000.0
4618,1393,102,Mumbai,2025-12-26,5,70000.0,0.15,297500.0
4619,1110,101,Hyderabad,2025-09-02,2,250000.0,0.4,300000.0
4620,1446,102,Bangalore,2025-10-31,2,70000.0,0.35,91000.0
4621,1759,108,Hyderabad,2026-07-03,3,15000.0,0.3,31500.0
4622,1347,106,Chennai,2026-03-19,5,80000.0,0.2,320000.0
4624,1579,102,Hyderabad,2025-11-15,1,70000.0,0.35,45500.0
4625,1863,110,Bangalore,2025-11-22,5,45000.0,0.1,202500.0
4626,1761,103,Chennai,2025-07-14,1,1300.0,0.15,1105.0
4627,1402,109,Hyderabad,2025-07-27,2,65000.0,0.25,97500.0
4628,1118,106,Bangalore,2025-10-23,2,80000.0,0.1,144000.0
4629,1612,108,Bangalore,2025-04-25,2,15000.0,0.2,24000.0
4630,1099,109,Mumbai,2025-07-24,2,65000.0,0.2,104000.0
4631,1290,104,Bangalore,2025-11-10,3,8000.0,0.3,16800.0
4632,1063,102,Delhi,2025-05-29,3,70000.0,0.05,199500.0
4633,1610,107,Bangalore,2025-06-13,4,50000.0,0.3,140000.0
4634,1382,108,Chennai,2025-04-17,5,15000.0,0.05,71250.0
4635,1321,107,Hyderabad,2025-12-19,4,50000.0,0.25,150000.0
4636,1896,102,Chennai,2026-03-03,2,70000.0,0.4,84000.0
4637,1596,108,Bangalore,2026-04-13,1,15000.0,0.25,11250.0
4638,1377,107,Delhi,2025-09-21,3,50000.0,0.15,127500.0
4639,1407,101,Bangalore,2025-06-06,4,250000.0,0.3,700000.0
4640,1104,104,Hyderabad,2026-02-16,3,8000.0,0.35,15600.0
4641,1411,108,Mumbai,2025-06-12,4,15000.0,0.3,42000.0
4642,1048,102,Delhi,2025-10-31,3,70000.0,0.25,157500.0
4643,1176,101,Chennai,2025-10-24,5,250000.0,0.1,1125000.0
4644,1070,105,Delhi,2025-05-11,2,45000.0,0.2,72000.0
4645,1353,110,Delhi,2026-04-13,1,45000.0,0.35,29250.0
4647,1378,104,Hyderabad,2025-12-16,2,8000.0,0.15,13600.0
4648,1455,101,Mumbai,2025-07-13,4,250000.0,0.3,700000.0
4649,1541,105,Delhi,2026-01-21,2,45000.0,0.05,85500.0
4650,1512,103,Delhi,2025-10-25,1,1300.0,0.15,1105.0
4651,1223,102,Mumbai,2026-01-31,1,70000.0,0.05,66500.0
4652,1463,106,Delhi,2025-05-23,1,80000.0,0.05,76000.0
4653,1902,105,Chennai,2025-12-07,3,45000.0,0.25,101250.0
4654,1469,107,Mumbai,2026-01-20,4,50000.0,0.4,120000.0
4655,1287,104,Mumbai,2026-04-07,5,8000.0,0.25,30000.0
4656,1114,103,Chennai,2025-06-30,3,1300.0,0.15,3315.0
4657,1374,106,Hyderabad,2025-09-28,1,80000.0,0.3,56000.0
4658,1709,103,Bangalore,2026-03-17,2,1300.0,0.35,1690.0
4659,1891,105,Chennai,2025-07-05,4,45000.0,0.15,153000.0
4660,1279,109,Chennai,2025-07-09,3,65000.0,0.05,185250.0
4661,1354,101,Bangalore,2026-01-31,1,250000.0,0.4,150000.0
4662,1089,109,Bangalore,2025-06-04,2,65000.0,0.25,97500.0
4663,1298,109,Chennai,2025-08-24,1,65000.0,0.35,42250.0
4664,1640,107,Hyderabad,2025-06-25,3,50000.0,0.3,105000.0
4665,1824,103,Hyderabad,2025-07-29,5,1300.0,0.4,3900.0
4666,1613,105,Mumbai,2025-09-25,3,45000.0,0.15,114750.0
4667,1084,108,Delhi,2025-09-20,1,15000.0,0.4,9000.0
4668,1336,110,Hyderabad,2025-11-14,1,45000.0,0.1,40500.0
4669,1167,107,Mumbai,2026-08-01,3,50000.0,0.05,142500.0
4670,1996,104,Chennai,2025-11-23,3,8000.0,0.2,19200.0
4671,1463,110,Delhi,2025-06-05,3,45000.0,0.15,114750.0
4672,1576,104,Bangalore,2025-04-12,5,8000.0,0.05,38000.0
4673,1234,105,Mumbai,2025-12-08,5,45000.0,0.25,168750.0
4674,1414,106,Hyderabad,2025-05-30,4,80000.0,0.25,240000.0
4675,1967,107,Delhi,2025-10-01,3,50000.0,0.15,127500.0
4676,1131,104,Chennai,2025-11-20,2,8000.0,0.35,10400.0
4677,1536,107,Chennai,2026-04-14,1,50000.0,0.3,35000.0
4678,1631,108,Delhi,2025-10-22,2,15000.0,0.2,24000.0
4679,1083,109,Delhi,2025-09-13,4,65000.0,0.4,156000.0
4680,1955,110,Hyderabad,2026-01-13,1,45000.0,0.3,31500.0
4681,1391,106,Hyderabad,2025-12-30,2,80000.0,0.35,104000.0
4682,1876,107,Bangalore,2026-01-03,2,50000.0,0.05,95000.0
4683,1559,108,Delhi,2026-03-02,2,15000.0,0.15,25500.0
4684,1577,101,Bangalore,2025-06-04,1,250000.0,0.05,237500.0
4685,1985,101,Bangalore,2025-05-11,5,250000.0,0.3,875000.0
4686,1011,107,Mumbai,2025-07-24,2,50000.0,0.15,85000.0
4687,1374,102,Hyderabad,2025-09-14,2,70000.0,0.35,91000.0
4688,1257,104,Mumbai,2026-01-31,1,8000.0,0.4,4800.0
4689,1355,103,Mumbai,2025-04-27,5,1300.0,0.15,5525.0
4690,1486,104,Mumbai,2025-09-13,4,8000.0,0.25,24000.0
4691,1628,105,Hyderabad,2025-04-24,1,45000.0,0.15,38250.0
4692,1887,107,Delhi,2025-08-04,4,50000.0,0.25,150000.0
4693,1065,108,Chennai,2025-05-27,2,15000.0,0.2,24000.0
4694,1740,106,Hyderabad,2025-11-24,3,80000.0,0.35,156000.0
4695,1945,106,Mumbai,2025-05-24,3,80000.0,0.35,156000.0
4696,1410,106,Chennai,2025-09-13,4,80000.0,0.35,208000.0
4697,1971,101,Chennai,2025-11-26,5,250000.0,0.05,1187500.0
4698,1229,104,Bangalore,2025-07-28,1,8000.0,0.3,5600.0
4699,1527,103,Chennai,2025-05-07,3,1300.0,0.3,2730.0
4700,1486,104,Mumbai,2025-05-21,4,8000.0,0.15,27200.0
4701,1846,102,Delhi,2025-07-21,2,70000.0,0.05,133000.0
4702,1441,105,Hyderabad,2026-01-17,5,45000.0,0.15,191250.0
4703,1618,106,Chennai,2025-06-06,4,80000.0,0.2,256000.0
4704,1519,104,Bangalore,2025-06-28,3,8000.0,0.4,14400.0
4705,1997,102,Delhi,2025-12-22,1,70000.0,0.1,63000.0
4706,1948,104,Delhi,2025-10-08,2,8000.0,0.1,14400.0
4707,1518,107,Hyderabad,2025-05-26,5,50000.0,0.15,212500.0
4708,1569,106,Mumbai,2026-02-24,5,80000.0,0.2,320000.0
4709,1335,101,Delhi,2026-01-22,1,250000.0,0.15,212500.0
4710,1704,108,Mumbai,2025-04-18,5,15000.0,0.15,63750.0
4712,1702,105,Hyderabad,2026-03-11,3,45000.0,0.2,108000.0
4713,1532,107,Delhi,2026-03-01,5,50000.0,0.3,175000.0
4714,1271,106,Mumbai,2026-12-03,5,80000.0,0.35,260000.0
4715,1823,108,Bangalore,2025-06-01,2,15000.0,0.2,24000.0
4716,1619,106,Chennai,2025-10-11,4,80000.0,0.2,256000.0
4717,1901,105,Hyderabad,2025-06-06,3,45000.0,0.4,81000.0
4718,1809,104,Delhi,2025-11-15,2,8000.0,0.4,9600.0
4719,1984,104,Mumbai,2026-01-03,3,8000.0,0.2,19200.0
4720,1974,102,Delhi,2025-12-21,1,70000.0,0.05,66500.0
4721,1028,103,Hyderabad,2025-07-29,4,1300.0,0.2,4160.0
4722,1859,105,Delhi,2025-10-24,5,45000.0,0.35,146250.0
4723,1757,110,Chennai,2025-09-07,1,45000.0,0.4,27000.0
4724,1046,110,Mumbai,2025-12-17,5,45000.0,0.15,191250.0
4725,1947,101,Chennai,2025-11-08,5,250000.0,0.15,1062500.0
4726,1245,102,Mumbai,2025-05-11,4,70000.0,0.1,252000.0
4727,1772,104,Mumbai,2025-09-11,1,8000.0,0.1,7200.0
4728,1438,101,Bangalore,2025-07-28,3,250000.0,0.4,450000.0
4729,1983,101,Mumbai,2025-02-06,1,250000.0,0.15,212500.0
4730,1337,108,Chennai,2025-10-23,3,15000.0,0.05,42750.0
4731,1975,108,Bangalore,2025-12-12,5,15000.0,0.35,48750.0
4732,1421,102,Chennai,2025-05-04,1,70000.0,0.05,66500.0
4733,1248,108,Mumbai,2026-01-25,3,15000.0,0.1,40500.0
4734,1275,106,Delhi,2026-01-01,1,80000.0,0.3,56000.0
4735,1317,109,Delhi,2025-10-04,5,65000.0,0.2,260000.0
4736,1772,103,Mumbai,2026-01-19,4,1300.0,0.2,4160.0
4737,1736,104,Mumbai,2026-01-13,3,8000.0,0.35,15600.0
4738,1675,110,Bangalore,2026-02-09,5,45000.0,0.4,135000.0
4739,1461,107,Delhi,2025-10-30,5,50000.0,0.2,200000.0
4740,1706,107,Delhi,2025-05-06,5,50000.0,0.15,212500.0
4741,1977,101,Hyderabad,2025-12-15,5,250000.0,0.05,1187500.0
4742,1306,102,Delhi,2025-08-29,1,70000.0,0.2,56000.0
4743,1459,108,Delhi,2025-06-14,5,15000.0,0.25,56250.0
4744,1923,106,Hyderabad,2025-12-24,3,80000.0,0.05,228000.0
4745,1728,102,Chennai,2025-11-21,4,70000.0,0.1,252000.0
4746,1985,110,Bangalore,2025-12-18,5,45000.0,0.35,146250.0
4747,1175,103,Chennai,2025-07-13,4,1300.0,0.35,3380.0
4748,1429,105,Hyderabad,2025-11-03,2,45000.0,0.25,67500.0
4749,1137,107,Bangalore,2025-07-04,4,50000.0,0.25,150000.0
4750,1930,108,Mumbai,2025-12-15,1,15000.0,0.1,13500.0
4751,1074,110,Chennai,2025-04-26,2,45000.0,0.05,85500.0
4752,1738,107,Bangalore,2026-03-07,4,50000.0,0.35,130000.0
4753,1306,101,Delhi,2026-03-02,1,250000.0,0.35,162500.0
4754,1151,105,Mumbai,2025-07-25,1,45000.0,0.1,40500.0
4755,1131,107,Chennai,2025-09-20,4,50000.0,0.05,190000.0
4756,1880,106,Mumbai,2025-06-06,5,80000.0,0.25,300000.0
4757,1989,105,Bangalore,2025-11-20,3,45000.0,0.3,94500.0
4758,1875,106,Chennai,2025-11-07,3,80000.0,0.1,216000.0
4759,1267,104,Bangalore,2025-05-16,2,8000.0,0.15,13600.0
4760,1079,104,Mumbai,2025-11-20,1,8000.0,0.3,5600.0
4761,1078,106,Delhi,2025-08-06,3,80000.0,0.1,216000.0
4762,1566,103,Bangalore,2026-01-22,3,1300.0,0.15,3315.0
4763,1021,102,Chennai,2026-02-19,3,70000.0,0.25,157500.0
4764,1381,104,Bangalore,2026-01-17,3,8000.0,0.1,21600.0
4765,1708,106,Chennai,2025-09-29,2,80000.0,0.05,152000.0
4766,1694,108,Mumbai,2025-12-13,1,15000.0,0.2,12000.0
4767,1270,102,Mumbai,2025-07-24,3,70000.0,0.15,178500.0
4768,1197,106,Bangalore,2025-08-15,4,80000.0,0.15,272000.0
4769,1134,103,Mumbai,2025-10-06,2,1300.0,0.05,2470.0
4770,1258,107,Bangalore,2025-08-22,4,50000.0,0.3,140000.0
4771,1866,104,Mumbai,2026-03-09,2,8000.0,0.4,9600.0
4772,1784,102,Mumbai,2026-02-05,5,70000.0,0.05,332500.0
4773,1624,109,Chennai,2026-03-26,1,65000.0,0.05,61750.0
4774,1199,108,Hyderabad,2026-01-07,2,15000.0,0.05,28500.0
4775,1551,102,Bangalore,2025-05-10,4,70000.0,0.4,168000.0
4776,1254,106,Chennai,2025-03-05,5,80000.0,0.05,380000.0
4777,1704,107,Mumbai,2025-05-27,3,50000.0,0.05,142500.0
4779,1979,101,Mumbai,2025-05-06,4,250000.0,0.05,950000.0
4780,1866,109,Mumbai,2025-12-12,1,65000.0,0.25,48750.0
4781,1479,103,Chennai,2025-04-20,1,1300.0,0.25,975.0
4782,1779,108,Bangalore,2025-12-04,5,15000.0,0.15,63750.0
4783,1330,106,Hyderabad,2026-03-27,4,80000.0,0.15,272000.0
4784,1778,105,Hyderabad,2026-01-08,5,45000.0,0.1,202500.0
4785,1633,105,Bangalore,2025-11-05,5,45000.0,0.35,146250.0
4786,1802,104,Mumbai,2025-12-11,2,8000.0,0.2,12800.0
4787,1522,106,Mumbai,2026-02-22,3,80000.0,0.05,228000.0
4788,1908,101,Hyderabad,2025-07-19,3,250000.0,0.4,450000.0
4789,1691,105,Delhi,2025-12-08,1,45000.0,0.2,36000.0
4790,1933,107,Chennai,2026-01-19,4,50000.0,0.1,180000.0
4791,1572,103,Hyderabad,2025-05-23,4,1300.0,0.2,4160.0
4792,1816,103,Mumbai,2025-07-09,2,1300.0,0.4,1560.0
4793,1630,110,Hyderabad,2025-08-28,1,45000.0,0.4,27000.0
4794,1479,108,Chennai,2025-05-20,3,15000.0,0.1,40500.0
4795,1164,101,Bangalore,2025-11-18,2,250000.0,0.15,425000.0
4796,1437,110,Delhi,2026-02-14,3,45000.0,0.4,81000.0
4797,1457,108,Chennai,2026-10-03,4,15000.0,0.4,36000.0
4798,1491,108,Mumbai,2025-05-16,4,15000.0,0.35,39000.0
4799,1126,105,Bangalore,2026-04-08,2,45000.0,0.15,76500.0
4800,1543,109,Mumbai,2026-01-28,3,65000.0,0.1,175500.0
4801,1104,103,Hyderabad,2025-11-26,1,1300.0,0.35,845.0
4802,1787,107,Bangalore,2025-05-14,4,50000.0,0.4,120000.0
4803,1877,107,Mumbai,2025-12-12,2,50000.0,0.3,70000.0
4804,1125,110,Mumbai,2025-12-15,5,45000.0,0.35,146250.0
4805,1194,107,Chennai,2025-05-07,5,50000.0,0.25,187500.0
4806,1190,104,Hyderabad,2026-03-28,1,8000.0,0.1,7200.0
4807,1335,109,Delhi,2025-08-19,4,65000.0,0.25,195000.0
4808,1562,104,Chennai,2025-12-25,2,8000.0,0.3,11200.0
4809,1028,104,Hyderabad,2026-02-13,1,8000.0,0.1,7200.0
4810,1222,103,Delhi,2025-12-11,4,1300.0,0.05,4940.0
4811,1884,105,Delhi,2025-10-27,4,45000.0,0.3,126000.0
4812,1261,108,Hyderabad,2025-10-03,1,15000.0,0.05,14250.0
4813,1727,109,Mumbai,2026-02-14,4,65000.0,0.2,208000.0
4814,1124,101,Chennai,2025-08-24,1,250000.0,0.25,187500.0
4815,1036,104,Bangalore,2026-02-20,3,8000.0,0.2,19200.0
4816,1282,105,Delhi,2026-01-14,3,45000.0,0.4,81000.0
4817,1961,102,Hyderabad,2026-03-22,2,70000.0,0.3,98000.0
4818,1599,105,Hyderabad,2025-09-29,4,45000.0,0.35,117000.0
4819,1106,103,Hyderabad,2025-05-18,2,1300.0,0.2,2080.0
4820,1596,109,Bangalore,2025-07-15,1,65000.0,0.2,52000.0
4821,1219,106,Delhi,2026-07-04,1,80000.0,0.2,64000.0
4822,1711,102,Mumbai,2025-10-31,2,70000.0,0.15,119000.0
4823,1491,102,Mumbai,2025-10-13,4,70000.0,0.4,168000.0
4824,1977,103,Hyderabad,2025-05-07,3,1300.0,0.4,2340.0
4825,1613,104,Mumbai,2025-10-17,2,8000.0,0.4,9600.0
4826,1136,104,Chennai,2025-09-30,3,8000.0,0.35,15600.0
4827,1114,101,Chennai,2026-01-23,4,250000.0,0.1,900000.0
4828,1459,106,Delhi,2025-07-13,5,80000.0,0.35,260000.0
4829,1501,103,Chennai,2026-03-09,1,1300.0,0.1,1170.0
4830,1692,107,Delhi,2025-06-27,1,50000.0,0.35,32500.0
4831,1478,108,Bangalore,2026-03-08,2,15000.0,0.3,21000.0
4832,1090,107,Chennai,2026-02-14,2,50000.0,0.2,80000.0
4833,1726,110,Hyderabad,2025-05-04,3,45000.0,0.2,108000.0
4834,1394,105,Delhi,2026-03-23,1,45000.0,0.1,40500.0
4835,1868,106,Delhi,2025-04-17,3,80000.0,0.2,192000.0
4836,1126,108,Bangalore,2025-06-14,1,15000.0,0.05,14250.0
4837,1691,108,Delhi,2026-04-10,2,15000.0,0.35,19500.0
4838,1812,102,Delhi,2025-06-12,1,70000.0,0.1,63000.0
4839,1313,105,Delhi,2025-02-09,5,45000.0,0.1,202500.0
4840,1131,109,Chennai,2025-09-29,5,65000.0,0.05,308750.0
4841,1486,102,Mumbai,2025-12-06,1,70000.0,0.15,59500.0
4842,1029,104,Chennai,2026-01-30,4,8000.0,0.15,27200.0
4843,1837,104,Delhi,2026-01-17,2,8000.0,0.3,11200.0
4844,1319,106,Chennai,2025-09-06,4,80000.0,0.15,272000.0
4845,1174,101,Hyderabad,2026-02-18,2,250000.0,0.35,325000.0
4846,1034,109,Mumbai,2025-06-23,2,65000.0,0.25,97500.0
4847,1377,107,Delhi,2026-01-15,2,50000.0,0.05,95000.0
4848,1337,109,Chennai,2026-02-14,5,65000.0,0.3,227500.0
4849,1089,108,Bangalore,2026-03-10,5,15000.0,0.15,63750.0
4850,1346,110,Hyderabad,2026-02-04,2,45000.0,0.15,76500.0
4851,1477,109,Chennai,2025-10-12,4,65000.0,0.25,195000.0
4852,1230,102,Chennai,2025-05-06,5,70000.0,0.3,245000.0
4853,1379,101,Delhi,2025-01-05,2,250000.0,0.25,375000.0
4854,1830,110,Bangalore,2025-08-09,2,45000.0,0.1,81000.0
4855,1427,101,Hyderabad,2026-04-15,2,250000.0,0.05,475000.0
4856,1661,105,Chennai,2025-06-21,3,45000.0,0.4,81000.0
4857,1328,107,Hyderabad,2026-02-15,3,50000.0,0.15,127500.0
4858,1284,103,Delhi,2025-07-23,5,1300.0,0.2,5200.0
4859,1261,104,Hyderabad,2025-08-17,3,8000.0,0.25,18000.0
4860,1294,101,Hyderabad,2025-08-06,4,250000.0,0.4,600000.0
4861,1262,101,Delhi,2025-05-09,4,250000.0,0.1,900000.0
4862,1072,108,Hyderabad,2025-07-12,5,15000.0,0.35,48750.0
4863,1606,109,Bangalore,2025-10-23,1,65000.0,0.1,58500.0
4864,1734,105,Hyderabad,2025-05-12,3,45000.0,0.1,121500.0
4865,1834,103,Mumbai,2026-04-15,5,1300.0,0.2,5200.0
4866,1461,110,Delhi,2026-02-15,1,45000.0,0.1,40500.0
4867,1191,110,Bangalore,2025-08-31,2,45000.0,0.3,62999.99999999999
4868,1644,104,Delhi,2025-02-08,3,8000.0,0.05,22800.0
4869,1879,101,Hyderabad,2025-04-30,5,250000.0,0.1,1125000.0
4870,1711,105,Mumbai,2025-10-25,3,45000.0,0.1,121500.0
4871,1520,103,Chennai,2025-11-02,4,1300.0,0.4,3120.0
4872,1415,104,Mumbai,2025-12-12,4,8000.0,0.15,27200.0
4873,1747,103,Delhi,2025-10-22,4,1300.0,0.3,3640.0
4874,1524,110,Chennai,2026-02-03,4,45000.0,0.25,135000.0
4875,1600,104,Chennai,2026-02-12,5,8000.0,0.2,32000.0
4876,1101,105,Delhi,2025-04-22,3,45000.0,0.2,108000.0
4877,1605,110,Hyderabad,2025-10-30,5,45000.0,0.35,146250.0
4878,1714,104,Delhi,2025-07-29,2,8000.0,0.15,13600.0
4879,1818,103,Hyderabad,2025-11-28,3,1300.0,0.4,2340.0
4880,1911,108,Delhi,2025-10-22,5,15000.0,0.25,56250.0
4881,1027,104,Mumbai,2025-09-16,5,8000.0,0.25,30000.0
4882,1131,104,Chennai,2026-01-04,2,8000.0,0.3,11200.0
4883,1808,104,Mumbai,2025-04-22,4,8000.0,0.4,19200.0
4884,1010,104,Hyderabad,2025-10-07,1,8000.0,0.05,7600.0
4885,1149,101,Hyderabad,2025-08-10,3,250000.0,0.35,487500.0
4886,1986,106,Hyderabad,2025-06-01,4,80000.0,0.35,208000.0
4887,1809,101,Delhi,2025-10-06,2,250000.0,0.25,375000.0
4888,1901,106,Hyderabad,2025-08-09,5,80000.0,0.4,240000.0
4889,1034,104,Mumbai,2025-04-22,2,8000.0,0.35,10400.0
4890,1547,110,Mumbai,2026-08-03,2,45000.0,0.3,62999.99999999999
4891,1660,104,Delhi,2026-01-12,3,8000.0,0.25,18000.0
4892,1465,108,Delhi,2025-08-17,1,15000.0,0.05,14250.0
4893,1729,105,Bangalore,2025-10-16,5,45000.0,0.3,157500.0
4894,1235,106,Bangalore,2026-02-22,1,80000.0,0.1,72000.0
4895,1975,109,Bangalore,2025-10-20,4,65000.0,0.4,156000.0
4896,1683,101,Bangalore,2025-05-04,3,250000.0,0.1,675000.0
4897,1207,101,Hyderabad,2026-01-21,3,250000.0,0.4,450000.0
4898,1898,108,Chennai,2026-03-10,3,15000.0,0.3,31500.0
4900,1712,105,Chennai,2026-03-09,1,45000.0,0.25,33750.0
4901,1848,108,Hyderabad,2025-06-20,3,15000.0,0.25,33750.0
4902,1615,110,Bangalore,2025-08-27,3,45000.0,0.05,128250.0
4903,1804,105,Bangalore,2025-11-18,5,45000.0,0.2,180000.0
4904,1266,105,Mumbai,2026-01-30,1,45000.0,0.2,36000.0
4905,1728,102,Chennai,2026-02-17,4,70000.0,0.2,224000.0
4906,1981,107,Chennai,2026-02-17,5,50000.0,0.2,200000.0
4907,1232,103,Delhi,2025-10-15,1,1300.0,0.2,1040.0
4908,1354,105,Bangalore,2025-11-12,4,45000.0,0.05,171000.0
4909,1853,109,Delhi,2026-03-08,3,65000.0,0.3,136500.0
4910,1282,104,Delhi,2025-07-03,5,8000.0,0.3,28000.0
4911,1646,106,Delhi,2025-12-31,4,80000.0,0.05,304000.0
4912,1340,105,Delhi,2025-05-16,3,45000.0,0.3,94500.0
4913,1436,106,Hyderabad,2025-05-11,2,80000.0,0.05,152000.0
4914,1497,101,Bangalore,2025-07-02,5,250000.0,0.2,1000000.0
4915,1759,101,Hyderabad,2025-09-03,1,250000.0,0.2,200000.0
4916,1706,105,Delhi,2025-05-08,4,45000.0,0.3,126000.0
4917,1986,102,Hyderabad,2025-12-26,4,70000.0,0.25,210000.0
4918,1099,101,Mumbai,2026-01-02,4,250000.0,0.15,850000.0
4919,1285,104,Mumbai,2025-12-18,3,8000.0,0.2,19200.0
4920,1308,103,Hyderabad,2025-11-03,4,1300.0,0.05,4940.0
4921,1801,108,Chennai,2026-05-01,5,15000.0,0.05,71250.0
4922,1735,108,Bangalore,2026-01-20,2,15000.0,0.2,24000.0
4923,1764,109,Mumbai,2026-01-25,5,65000.0,0.4,195000.0
4924,1162,110,Mumbai,2026-03-03,1,45000.0,0.15,38250.0
4925,1210,110,Bangalore,2026-02-27,2,45000.0,0.4,54000.0
4926,1900,108,Delhi,2025-06-22,1,15000.0,0.2,12000.0
4927,1466,105,Hyderabad,2026-03-18,3,45000.0,0.3,94500.0
4928,1928,108,Delhi,2026-01-24,5,15000.0,0.1,67500.0
4929,1645,101,Chennai,2025-04-20,2,250000.0,0.3,350000.0
4930,1424,105,Hyderabad,2025-07-31,3,45000.0,0.3,94500.0
4931,1904,109,Delhi,2025-07-30,3,65000.0,0.15,165750.0
4932,1608,107,Delhi,2026-02-06,3,50000.0,0.1,135000.0
4933,1484,110,Delhi,2025-01-10,2,45000.0,0.25,67500.0
4934,1383,104,Delhi,2025-09-11,2,8000.0,0.2,12800.0
4935,1471,102,Mumbai,2025-11-23,3,70000.0,0.35,136500.0
4936,1757,108,Chennai,2025-10-30,1,15000.0,0.3,10500.0
4937,1898,101,Chennai,2025-11-11,3,250000.0,0.2,600000.0
4938,1190,109,Hyderabad,2026-01-02,4,65000.0,0.25,195000.0
4939,1428,109,Bangalore,2025-05-06,1,65000.0,0.35,42250.0
4940,1747,108,Delhi,2025-08-29,1,15000.0,0.15,12750.0
4941,1661,105,Chennai,2025-11-14,1,45000.0,0.3,31500.0
4942,1666,110,Hyderabad,2025-11-28,2,45000.0,0.05,85500.0
4943,1049,105,Delhi,2025-04-23,3,45000.0,0.2,108000.0
4944,1376,102,Delhi,2025-07-04,3,70000.0,0.3,147000.0
4945,1356,105,Chennai,2025-12-05,2,45000.0,0.3,62999.99999999999
4946,1431,110,Chennai,2026-03-23,3,45000.0,0.4,81000.0
4947,1538,105,Hyderabad,2025-09-07,4,45000.0,0.05,171000.0
4948,1074,108,Chennai,2026-03-04,5,15000.0,0.3,52500.0
4949,1780,110,Bangalore,2026-09-04,3,45000.0,0.3,94500.0
4950,1072,108,Hyderabad,2025-06-16,4,15000.0,0.2,48000.0
4951,1076,102,Hyderabad,2025-05-24,4,70000.0,0.2,224000.0
4952,1596,103,Bangalore,2025-11-07,5,1300.0,0.3,4550.0
4953,1608,110,Delhi,2026-02-02,5,45000.0,0.05,213750.0
4954,1915,107,Delhi,2025-06-27,5,50000.0,0.35,162500.0
4955,1554,103,Mumbai,2026-01-22,2,1300.0,0.1,2340.0
4956,1683,107,Bangalore,2025-07-21,3,50000.0,0.35,97500.0
4957,1287,105,Mumbai,2026-03-20,5,45000.0,0.2,180000.0
4958,1054,103,Mumbai,2026-04-04,5,1300.0,0.05,6175.0
4959,1723,110,Hyderabad,2025-05-21,1,45000.0,0.35,29250.0
4960,1657,104,Bangalore,2025-09-05,4,8000.0,0.1,28800.0
4961,1585,107,Mumbai,2026-03-09,4,50000.0,0.2,160000.0
4962,1430,108,Delhi,2025-05-10,2,15000.0,0.1,27000.0
4963,1613,102,Mumbai,2025-06-02,2,70000.0,0.05,133000.0
4964,1242,110,Mumbai,2025-12-12,2,45000.0,0.35,58500.0
4965,1951,105,Bangalore,2025-06-22,2,45000.0,0.15,76500.0
4966,1922,101,Bangalore,2025-08-18,3,250000.0,0.35,487500.0
4967,1831,106,Chennai,2026-02-26,3,80000.0,0.15,204000.0
4968,1596,101,Bangalore,2026-02-17,1,250000.0,0.05,237500.0
4969,1162,107,Mumbai,2025-10-21,3,50000.0,0.2,120000.0
4971,1610,105,Bangalore,2025-12-05,1,45000.0,0.35,29250.0
4972,1607,103,Mumbai,2025-12-24,5,1300.0,0.25,4875.0
4973,1723,108,Hyderabad,2026-04-07,5,15000.0,0.1,67500.0
4974,1032,104,Hyderabad,2025-07-19,4,8000.0,0.3,22400.0
4975,1212,101,Chennai,2025-11-16,2,250000.0,0.2,400000.0
4976,1722,102,Bangalore,2026-02-24,3,70000.0,0.35,136500.0
4977,1678,106,Chennai,2025-10-10,4,80000.0,0.15,272000.0
4978,1338,107,Chennai,2026-01-02,3,50000.0,0.4,90000.0
4979,1220,103,Mumbai,2026-01-03,4,1300.0,0.25,3900.0
4980,1270,108,Mumbai,2025-10-12,3,15000.0,0.4,27000.0
4981,1465,109,Delhi,2026-02-19,3,65000.0,0.4,117000.0
4982,1956,105,Hyderabad,2025-10-06,1,45000.0,0.35,29250.0
4983,1868,107,Delhi,2025-10-09,4,50000.0,0.35,130000.0
4984,1895,107,Bangalore,2025-05-27,3,50000.0,0.05,142500.0
4985,1956,101,Hyderabad,2025-05-28,5,250000.0,0.3,875000.0
4986,1575,102,Chennai,2025-10-09,4,70000.0,0.4,168000.0
4987,1420,107,Chennai,2025-06-07,3,50000.0,0.3,105000.0
4988,1328,102,Hyderabad,2025-09-30,5,70000.0,0.35,227500.0
4989,1454,110,Mumbai,2025-07-10,3,45000.0,0.4,81000.0
4990,1373,107,Delhi,2025-12-28,3,50000.0,0.4,90000.0
4991,1916,106,Chennai,2025-04-18,4,80000.0,0.3,224000.0
4992,1841,106,Chennai,2025-07-07,4,80000.0,0.25,240000.0
4993,1745,107,Delhi,2025-10-30,4,50000.0,0.2,160000.0
4994,1958,103,Hyderabad,2025-11-09,3,1300.0,0.2,3120.0
4995,1134,103,Mumbai,2026-08-01,1,1300.0,0.2,1040.0
4996,1970,105,Delhi,2025-11-27,2,45000.0,0.15,76500.0
4997,1247,110,Chennai,2026-07-04,5,45000.0,0.05,213750.0
4998,1774,101,Delhi,2026-02-27,5,250000.0,0.3,875000.0
4999,1705,101,Chennai,2025-09-21,5,250000.0,0.35,812500.0
5000,1978,107,Mumbai,2025-08-31,1,50000.0,0.2,40000.0
5001,1396,108,Hyderabad,2026-02-17,5,15000.0,0.1,67500.0
5002,1500,101,Mumbai,2025-10-15,1,250000.0,0.4,150000.0
5003,1583,102,Chennai,2025-09-10,4,70000.0,0.4,168000.0
5004,1286,101,Delhi,2026-07-04,5,250000.0,0.1,1125000.0
5005,1125,101,Mumbai,2026-03-03,3,250000.0,0.35,487500.0
5006,1527,103,Chennai,2025-08-24,4,1300.0,0.25,3900.0
5007,1133,104,Hyderabad,2025-11-14,2,8000.0,0.1,14400.0
5008,1145,109,Mumbai,2025-07-23,4,65000.0,0.35,169000.0
5009,1707,101,Bangalore,2026-06-02,1,250000.0,0.1,225000.0
5010,1132,104,Chennai,2026-02-08,4,8000.0,0.15,27200.0
5011,1540,108,Hyderabad,2025-09-03,1,15000.0,0.1,13500.0
5012,1103,101,Mumbai,2025-11-01,2,250000.0,0.15,425000.0
5013,1363,105,Mumbai,2025-10-05,5,45000.0,0.25,168750.0
5014,1520,109,Chennai,2025-06-15,4,65000.0,0.1,234000.0
5015,1278,109,Chennai,2025-07-23,2,65000.0,0.1,117000.0
5016,1848,108,Hyderabad,2025-10-12,5,15000.0,0.05,71250.0
5017,1563,101,Hyderabad,2025-12-11,3,250000.0,0.25,562500.0
5018,2000,110,Chennai,2026-03-28,1,45000.0,0.35,29250.0
5019,1077,106,Mumbai,2025-12-09,2,80000.0,0.05,152000.0
5020,1691,109,Delhi,2025-07-04,2,65000.0,0.25,97500.0
5021,1644,105,Delhi,2025-08-13,3,45000.0,0.35,87750.0
5022,1837,110,Delhi,2025-05-16,4,45000.0,0.3,126000.0
5023,1682,110,Bangalore,2025-09-14,3,45000.0,0.25,101250.0
5024,1869,105,Chennai,2025-04-25,5,45000.0,0.25,168750.0
5025,1277,103,Mumbai,2025-12-02,1,1300.0,0.05,1235.0
5026,1104,101,Hyderabad,2026-12-04,1,250000.0,0.3,175000.0
5027,1363,105,Mumbai,2025-08-23,4,45000.0,0.1,162000.0
5028,1480,104,Hyderabad,2025-11-17,5,8000.0,0.3,28000.0
5029,1136,106,Chennai,2025-08-09,2,80000.0,0.3,112000.0
5030,1080,103,Bangalore,2025-05-11,5,1300.0,0.25,4875.0
5031,1178,110,Mumbai,2025-11-18,1,45000.0,0.2,36000.0
5032,1074,108,Chennai,2025-07-08,5,15000.0,0.2,60000.0
5033,1274,102,Mumbai,2025-06-19,5,70000.0,0.3,245000.0
5034,1976,107,Hyderabad,2025-06-19,3,50000.0,0.05,142500.0
5035,1253,104,Mumbai,2025-08-09,3,8000.0,0.3,16800.0
5036,1210,102,Bangalore,2025-07-06,1,70000.0,0.15,59500.0
5037,1396,104,Hyderabad,2025-11-06,2,8000.0,0.35,10400.0
5038,1053,107,Chennai,2025-12-19,3,50000.0,0.4,90000.0
5039,1643,101,Chennai,2026-03-03,3,250000.0,0.15,637500.0
5040,1006,101,Mumbai,2025-11-14,5,250000.0,0.35,812500.0
5041,1805,102,Chennai,2026-02-22,3,70000.0,0.3,147000.0
5042,1452,103,Chennai,2026-01-09,2,1300.0,0.2,2080.0
5043,1924,107,Delhi,2025-05-07,4,50000.0,0.15,170000.0
5044,1619,101,Chennai,2025-11-16,5,250000.0,0.05,1187500.0
5045,1940,109,Mumbai,2026-03-18,3,65000.0,0.4,117000.0
5046,1428,104,Bangalore,2025-04-28,1,8000.0,0.4,4800.0
5047,1529,106,Delhi,2025-12-19,5,80000.0,0.15,340000.0
5048,1384,105,Mumbai,2026-04-14,4,45000.0,0.4,108000.0
5049,1452,104,Chennai,2025-10-03,4,8000.0,0.15,27200.0
5050,1207,108,Hyderabad,2025-04-27,2,15000.0,0.35,19500.0
5051,1741,105,Hyderabad,2026-03-11,1,45000.0,0.2,36000.0
5052,1170,110,Bangalore,2025-12-07,5,45000.0,0.4,135000.0
5053,1406,105,Delhi,2026-03-13,3,45000.0,0.4,81000.0
5054,1829,106,Hyderabad,2025-12-20,4,80000.0,0.4,192000.0
5055,1499,106,Hyderabad,2025-05-29,3,80000.0,0.3,168000.0
5056,1077,109,Mumbai,2026-04-10,1,65000.0,0.3,45500.0
5057,1932,107,Hyderabad,2026-04-02,5,50000.0,0.2,200000.0
5058,1562,110,Chennai,2025-09-14,5,45000.0,0.3,157500.0
5059,1082,104,Bangalore,2025-07-02,5,8000.0,0.4,24000.0
5060,1537,104,Delhi,2025-05-22,2,8000.0,0.2,12800.0
5061,1342,110,Hyderabad,2025-09-22,2,45000.0,0.1,81000.0
5062,1195,107,Bangalore,2026-02-01,1,50000.0,0.1,45000.0
5063,1214,105,Delhi,2025-06-27,5,45000.0,0.3,157500.0
5064,1524,106,Chennai,2025-08-26,2,80000.0,0.05,152000.0
5065,1201,110,Mumbai,2025-10-29,2,45000.0,0.4,54000.0
5066,1092,107,Chennai,2025-12-13,4,50000.0,0.15,170000.0
5067,1464,108,Delhi,2025-04-26,5,15000.0,0.4,45000.0
5068,1416,105,Delhi,2025-12-02,2,45000.0,0.15,76500.0
5069,1460,108,Chennai,2026-01-02,5,15000.0,0.3,52500.0
5070,1423,108,Chennai,2026-01-01,3,15000.0,0.25,33750.0
5071,1620,103,Bangalore,2025-11-12,2,1300.0,0.4,1560.0
5072,1187,105,Mumbai,2026-01-18,4,45000.0,0.05,171000.0
5073,1918,104,Delhi,2025-10-15,2,8000.0,0.3,11200.0
5074,1277,101,Mumbai,2026-06-01,3,250000.0,0.35,487500.0
5075,1234,108,Mumbai,2025-06-06,2,15000.0,0.05,28500.0
5076,1666,106,Hyderabad,2025-08-04,5,80000.0,0.25,300000.0
5077,1079,105,Mumbai,2025-10-26,5,45000.0,0.25,168750.0
5078,1407,107,Bangalore,2025-03-07,5,50000.0,0.35,162500.0
5079,1156,109,Delhi,2025-10-24,5,65000.0,0.2,260000.0
5080,1265,102,Chennai,2026-01-23,1,70000.0,0.35,45500.0
5081,1378,105,Hyderabad,2026-01-28,3,45000.0,0.2,108000.0
5082,1002,103,Mumbai,2026-03-18,5,1300.0,0.2,5200.0
5083,1140,110,Chennai,2025-09-22,1,45000.0,0.1,40500.0
5084,1883,101,Hyderabad,2025-08-17,2,250000.0,0.4,300000.0
5085,1887,109,Delhi,2025-07-17,3,65000.0,0.3,136500.0
5086,1896,103,Chennai,2025-08-22,5,1300.0,0.3,4550.0
5087,1066,107,Hyderabad,2025-06-14,4,50000.0,0.4,120000.0
5088,1649,101,Delhi,2026-02-17,1,250000.0,0.15,212500.0
5089,1186,108,Delhi,2025-08-27,2,15000.0,0.3,21000.0
5090,1786,110,Delhi,2025-10-15,3,45000.0,0.4,81000.0
5091,1848,102,Hyderabad,2026-01-16,1,70000.0,0.15,59500.0
5092,1360,110,Delhi,2026-02-28,3,45000.0,0.2,108000.0
5093,1557,103,Mumbai,2025-05-16,3,1300.0,0.1,3510.0
5094,1844,103,Bangalore,2026-01-02,1,1300.0,0.05,1235.0
5095,1539,105,Mumbai,2025-05-31,3,45000.0,0.4,81000.0
5096,1452,108,Chennai,2026-02-18,2,15000.0,0.15,25500.0
5097,1332,101,Bangalore,2026-01-29,3,250000.0,0.25,562500.0
5098,1643,105,Chennai,2026-01-08,1,45000.0,0.4,27000.0
5099,1377,104,Delhi,2025-03-05,3,8000.0,0.4,14400.0
5100,1685,109,Hyderabad,2025-06-27,5,65000.0,0.15,276250.0
5101,1102,108,Hyderabad,2025-04-25,2,15000.0,0.1,27000.0
5102,1648,110,Delhi,2025-12-01,4,45000.0,0.25,135000.0
5104,1984,109,Mumbai,2025-11-03,1,65000.0,0.05,61750.0
5105,1826,104,Chennai,2025-08-22,2,8000.0,0.2,12800.0
5106,1311,105,Hyderabad,2025-11-12,4,45000.0,0.4,108000.0
5107,1301,105,Mumbai,2026-08-03,3,45000.0,0.4,81000.0
5108,1449,102,Delhi,2025-10-25,5,70000.0,0.2,280000.0
5109,1398,107,Bangalore,2025-12-28,3,50000.0,0.4,90000.0
5110,1324,102,Mumbai,2025-06-09,5,70000.0,0.3,245000.0
5111,1434,110,Chennai,2025-12-01,5,45000.0,0.35,146250.0
5112,1942,109,Chennai,2025-07-24,1,65000.0,0.25,48750.0
5113,1495,110,Mumbai,2025-06-23,1,45000.0,0.2,36000.0
5114,1281,110,Bangalore,2026-02-18,5,45000.0,0.2,180000.0
5115,1887,101,Delhi,2026-03-23,1,250000.0,0.15,212500.0
5116,1053,104,Chennai,2026-01-08,4,8000.0,0.4,19200.0
5117,1472,103,Chennai,2025-11-08,1,1300.0,0.2,1040.0
5118,1856,110,Delhi,2025-09-09,1,45000.0,0.4,27000.0
5119,1831,110,Chennai,2025-11-18,4,45000.0,0.25,135000.0
5120,1199,110,Hyderabad,2025-08-26,1,45000.0,0.25,33750.0
5121,1940,105,Mumbai,2025-07-06,1,45000.0,0.3,31500.0
5122,1941,106,Hyderabad,2026-02-18,4,80000.0,0.05,304000.0
5123,1903,101,Mumbai,2025-09-30,5,250000.0,0.2,1000000.0
5124,1688,107,Mumbai,2025-09-23,3,50000.0,0.15,127500.0
5125,1054,104,Mumbai,2026-03-31,1,8000.0,0.3,5600.0
5126,1508,106,Delhi,2025-12-05,1,80000.0,0.4,48000.0
5127,1299,106,Chennai,2025-05-14,4,80000.0,0.1,288000.0
5128,1360,103,Delhi,2025-12-18,5,1300.0,0.4,3900.0
5129,1507,105,Mumbai,2026-01-21,4,45000.0,0.2,144000.0
5130,1925,110,Mumbai,2025-02-11,5,45000.0,0.15,191250.0
5131,1221,101,Hyderabad,2025-06-04,1,250000.0,0.05,237500.0
5132,1661,110,Chennai,2025-12-23,4,45000.0,0.05,171000.0
5133,1744,107,Hyderabad,2026-04-13,5,50000.0,0.25,187500.0
5134,1264,107,Delhi,2025-06-10,5,50000.0,0.05,237500.0
5135,1336,106,Hyderabad,2025-12-05,2,80000.0,0.2,128000.0
5136,1681,109,Chennai,2025-06-08,3,65000.0,0.1,175500.0
5137,1930,110,Mumbai,2025-08-11,4,45000.0,0.25,135000.0
5138,1512,103,Delhi,2025-05-18,4,1300.0,0.25,3900.0
5139,1570,101,Delhi,2025-08-18,2,250000.0,0.05,475000.0
5140,1378,102,Hyderabad,2026-01-23,4,70000.0,0.25,210000.0
5141,1276,108,Mumbai,2025-06-22,3,15000.0,0.4,27000.0
5142,1189,109,Bangalore,2025-10-25,1,65000.0,0.2,52000.0
5143,1671,103,Bangalore,2025-06-20,2,1300.0,0.2,2080.0
5144,1342,102,Hyderabad,2025-11-01,2,70000.0,0.4,84000.0
5145,1795,107,Chennai,2025-09-26,1,50000.0,0.25,37500.0
5146,1481,110,Hyderabad,2025-12-15,4,45000.0,0.25,135000.0
5147,1234,109,Mumbai,2026-03-02,4,65000.0,0.35,169000.0
5148,1598,101,Delhi,2025-06-27,2,250000.0,0.1,450000.0
5149,1238,103,Delhi,2026-03-05,2,1300.0,0.35,1690.0
5150,1853,103,Delhi,2025-10-20,1,1300.0,0.05,1235.0
5151,1764,104,Mumbai,2026-01-08,4,8000.0,0.25,24000.0
5152,1262,110,Delhi,2026-01-03,2,45000.0,0.4,54000.0
5153,1521,101,Delhi,2025-03-10,4,250000.0,0.3,700000.0
5154,1294,102,Hyderabad,2025-10-17,4,70000.0,0.25,210000.0
5155,1933,101,Chennai,2025-05-21,5,250000.0,0.35,812500.0
5156,1006,106,Mumbai,2026-01-23,4,80000.0,0.4,192000.0
5157,1558,101,Bangalore,2025-10-01,5,250000.0,0.4,750000.0
5158,1136,105,Chennai,2025-08-13,2,45000.0,0.35,58500.0
5159,1512,110,Delhi,2025-04-05,4,45000.0,0.35,117000.0
5160,1987,104,Hyderabad,2026-01-20,4,8000.0,0.4,19200.0
5161,1696,108,Chennai,2025-05-31,2,15000.0,0.35,19500.0
5162,1521,106,Delhi,2025-05-26,2,80000.0,0.1,144000.0
5163,1125,102,Mumbai,2025-12-12,1,70000.0,0.15,59500.0
5164,1035,103,Hyderabad,2025-09-11,1,1300.0,0.35,845.0
5165,1900,110,Delhi,2025-12-29,3,45000.0,0.1,121500.0
5166,1530,109,Hyderabad,2025-11-26,5,65000.0,0.1,292500.0
5167,1505,101,Mumbai,2025-07-14,2,250000.0,0.15,425000.0
5168,1826,102,Chennai,2025-07-29,5,70000.0,0.1,315000.0
5169,1884,103,Delhi,2025-09-15,3,1300.0,0.05,3705.0
5170,1303,110,Delhi,2026-01-05,2,45000.0,0.25,67500.0
5171,1293,110,Hyderabad,2025-12-08,2,45000.0,0.25,67500.0
5172,1852,102,Delhi,2025-09-10,5,70000.0,0.2,280000.0
5173,1510,107,Bangalore,2025-11-02,4,50000.0,0.05,190000.0
5174,1578,110,Chennai,2025-09-22,3,45000.0,0.1,121500.0
5175,1941,107,Hyderabad,2026-08-03,5,50000.0,0.15,212500.0
5176,1180,109,Mumbai,2025-01-09,1,65000.0,0.15,55250.0
5178,1977,109,Hyderabad,2025-10-26,3,65000.0,0.25,146250.0
5179,1992,101,Bangalore,2026-02-04,3,250000.0,0.05,712500.0
5180,1182,104,Delhi,2025-06-15,1,8000.0,0.3,5600.0
5181,1991,103,Chennai,2026-01-28,5,1300.0,0.05,6175.0
5182,1125,108,Mumbai,2026-03-30,1,15000.0,0.35,9750.0
5183,1988,108,Chennai,2026-01-02,4,15000.0,0.35,39000.0
5184,1872,105,Bangalore,2026-02-24,1,45000.0,0.15,38250.0
5185,1226,108,Hyderabad,2026-02-20,2,15000.0,0.35,19500.0
5186,1780,107,Bangalore,2025-07-25,5,50000.0,0.15,212500.0
5187,1098,109,Bangalore,2025-09-26,2,65000.0,0.2,104000.0
5188,1748,108,Delhi,2025-08-05,5,15000.0,0.15,63750.0
5189,1846,106,Delhi,2026-03-29,4,80000.0,0.1,288000.0
5190,1247,106,Chennai,2026-01-11,4,80000.0,0.15,272000.0
5191,1165,107,Delhi,2025-09-02,4,50000.0,0.3,140000.0
5192,1472,104,Chennai,2026-05-03,3,8000.0,0.2,19200.0
5193,1264,104,Delhi,2025-06-23,1,8000.0,0.2,6400.0
5194,1276,103,Mumbai,2025-04-28,2,1300.0,0.15,2210.0
5195,1962,101,Mumbai,2025-07-25,5,250000.0,0.25,937500.0
5196,1216,102,Mumbai,2025-07-28,1,70000.0,0.2,56000.0
5197,1447,108,Bangalore,2025-05-02,1,15000.0,0.25,11250.0
5198,1365,110,Delhi,2025-05-14,2,45000.0,0.1,81000.0
5199,1777,106,Delhi,2025-10-22,1,80000.0,0.1,72000.0
5200,1171,101,Bangalore,2025-07-27,3,250000.0,0.2,600000.0
5201,1391,103,Hyderabad,2026-04-07,5,1300.0,0.4,3900.0
5202,1734,107,Hyderabad,2026-03-17,5,50000.0,0.35,162500.0
5203,1661,101,Chennai,2025-09-06,3,250000.0,0.15,637500.0
5204,1482,107,Bangalore,2025-07-03,1,50000.0,0.35,32500.0
5205,1816,104,Mumbai,2025-09-05,4,8000.0,0.1,28800.0
5206,1720,104,Mumbai,2026-07-01,4,8000.0,0.25,24000.0
5207,1842,110,Mumbai,2026-04-01,5,45000.0,0.1,202500.0
5208,1137,109,Bangalore,2025-06-13,3,65000.0,0.1,175500.0
5209,1043,110,Bangalore,2025-09-22,2,45000.0,0.25,67500.0
5210,1140,103,Chennai,2025-04-16,4,1300.0,0.25,3900.0
5211,1397,107,Bangalore,2026-01-26,4,50000.0,0.15,170000.0
5212,1059,104,Hyderabad,2026-02-16,4,8000.0,0.35,20800.0
5213,1469,104,Mumbai,2025-05-28,5,8000.0,0.05,38000.0
5214,1460,108,Chennai,2025-07-21,5,15000.0,0.2,60000.0
5215,1751,110,Hyderabad,2026-02-02,3,45000.0,0.3,94500.0
5216,1534,104,Delhi,2025-05-31,3,8000.0,0.35,15600.0
5217,1140,110,Chennai,2026-10-01,5,45000.0,0.3,157500.0
5218,1231,101,Mumbai,2026-01-28,1,250000.0,0.2,200000.0
5219,1448,106,Hyderabad,2026-02-28,3,80000.0,0.4,144000.0
5220,1157,105,Chennai,2025-09-29,4,45000.0,0.35,117000.0
5221,1592,105,Chennai,2025-10-02,3,45000.0,0.3,94500.0
5222,1414,109,Hyderabad,2026-10-01,5,65000.0,0.3,227500.0
5223,1053,110,Chennai,2025-08-20,4,45000.0,0.25,135000.0
5224,1301,110,Mumbai,2025-10-23,5,45000.0,0.2,180000.0
5225,1233,103,Bangalore,2025-05-08,1,1300.0,0.35,845.0
5226,1846,104,Delhi,2025-08-26,4,8000.0,0.4,19200.0
5227,1544,104,Bangalore,2025-08-12,1,8000.0,0.3,5600.0
5228,1703,107,Bangalore,2026-02-02,4,50000.0,0.2,160000.0
5229,1619,108,Chennai,2026-12-01,2,15000.0,0.1,27000.0
5230,1027,102,Mumbai,2025-07-28,3,70000.0,0.1,189000.0
5231,1218,110,Hyderabad,2025-09-08,2,45000.0,0.3,62999.99999999999
5232,1912,103,Bangalore,2025-12-18,1,1300.0,0.25,975.0
5233,1931,101,Bangalore,2026-01-08,4,250000.0,0.1,900000.0
5234,1164,104,Bangalore,2025-11-16,3,8000.0,0.3,16800.0
5235,1872,110,Bangalore,2026-01-26,4,45000.0,0.2,144000.0
5236,1687,104,Chennai,2025-09-13,3,8000.0,0.2,19200.0
5237,1710,105,Chennai,2026-01-05,1,45000.0,0.15,38250.0
5238,1942,104,Chennai,2025-10-16,4,8000.0,0.35,20800.0
5239,1709,104,Bangalore,2025-08-11,3,8000.0,0.4,14400.0
5240,1990,106,Mumbai,2025-04-24,4,80000.0,0.05,304000.0
5241,1220,109,Mumbai,2026-01-12,3,65000.0,0.05,185250.0
5242,1385,105,Hyderabad,2026-04-12,1,45000.0,0.2,36000.0
5243,1455,105,Mumbai,2025-10-24,5,45000.0,0.1,202500.0
5244,1916,101,Chennai,2025-07-02,4,250000.0,0.35,650000.0
5245,1623,102,Mumbai,2025-08-08,5,70000.0,0.3,245000.0
5246,1980,103,Mumbai,2025-11-07,4,1300.0,0.3,3640.0
5247,1839,102,Hyderabad,2025-12-27,2,70000.0,0.1,126000.0
5248,1917,107,Delhi,2025-07-28,2,50000.0,0.3,70000.0
5249,1620,109,Bangalore,2026-01-02,2,65000.0,0.3,91000.0
5250,1412,101,Bangalore,2025-04-30,4,250000.0,0.15,850000.0
5251,1267,107,Bangalore,2025-12-08,1,50000.0,0.15,42500.0
5252,1941,105,Hyderabad,2026-02-01,2,45000.0,0.1,81000.0
5253,1405,107,Hyderabad,2025-12-31,4,50000.0,0.4,120000.0
5254,1661,105,Chennai,2025-10-18,3,45000.0,0.1,121500.0
5255,1937,104,Hyderabad,2025-07-21,5,8000.0,0.35,26000.0
5256,1687,109,Chennai,2025-01-08,5,65000.0,0.05,308750.0
5257,1085,110,Delhi,2025-07-08,5,45000.0,0.2,180000.0
5258,1055,108,Delhi,2025-10-05,1,15000.0,0.25,11250.0
5259,1049,101,Delhi,2025-12-14,4,250000.0,0.4,600000.0
5260,1773,101,Chennai,2025-05-23,4,250000.0,0.1,900000.0
5261,1349,107,Delhi,2025-08-11,5,50000.0,0.2,200000.0
5262,1639,103,Delhi,2025-12-24,5,1300.0,0.35,4225.0
5263,1211,109,Chennai,2025-06-10,4,65000.0,0.25,195000.0
5264,1309,101,Hyderabad,2026-03-30,5,250000.0,0.25,937500.0
5265,1893,101,Delhi,2025-09-02,3,250000.0,0.15,637500.0
5266,1778,102,Hyderabad,2025-08-17,5,70000.0,0.1,315000.0
5267,1068,108,Hyderabad,2026-01-22,2,15000.0,0.35,19500.0
5268,1817,104,Chennai,2026-03-18,4,8000.0,0.05,30400.0
5269,1013,107,Bangalore,2025-09-22,1,50000.0,0.05,47500.0
5270,1989,108,Bangalore,2025-04-26,2,15000.0,0.25,22500.0
5271,1139,109,Delhi,2025-10-23,1,65000.0,0.15,55250.0
5272,1293,104,Hyderabad,2025-08-28,2,8000.0,0.1,14400.0
5273,1343,107,Bangalore,2025-05-15,3,50000.0,0.4,90000.0
5274,1093,105,Bangalore,2025-08-23,2,45000.0,0.05,85500.0
5275,1556,105,Delhi,2025-10-25,3,45000.0,0.4,81000.0
5276,1036,110,Bangalore,2026-04-14,1,45000.0,0.2,36000.0
5277,1941,107,Hyderabad,2026-03-23,5,50000.0,0.05,237500.0
5278,1584,102,Mumbai,2025-06-14,1,70000.0,0.15,59500.0
5279,1265,110,Chennai,2026-02-04,4,45000.0,0.05,171000.0
5280,1678,103,Chennai,2025-11-21,4,1300.0,0.1,4680.0
5281,1453,102,Mumbai,2025-07-22,1,70000.0,0.3,49000.0
5282,1518,105,Hyderabad,2026-03-21,1,45000.0,0.35,29250.0
5283,1196,110,Bangalore,2025-12-10,4,45000.0,0.05,171000.0
5284,1881,108,Mumbai,2026-04-02,2,15000.0,0.3,21000.0
5285,1534,108,Delhi,2025-07-05,2,15000.0,0.1,27000.0
5286,1781,101,Bangalore,2025-05-18,5,250000.0,0.2,1000000.0
5287,1176,106,Chennai,2025-10-09,5,80000.0,0.2,320000.0
5288,1200,108,Mumbai,2025-06-09,3,15000.0,0.1,40500.0
5289,1526,103,Bangalore,2025-09-18,1,1300.0,0.1,1170.0
5290,1902,104,Chennai,2025-12-02,2,8000.0,0.4,9600.0
5291,1525,107,Bangalore,2025-09-07,3,50000.0,0.25,112500.0
5292,1363,107,Mumbai,2025-05-13,4,50000.0,0.35,130000.0
5293,1932,105,Hyderabad,2025-12-21,3,45000.0,0.05,128250.0
5294,1834,106,Mumbai,2025-12-02,2,80000.0,0.1,144000.0
5295,1794,107,Delhi,2026-02-21,4,50000.0,0.15,170000.0
5296,1524,107,Chennai,2026-01-21,1,50000.0,0.35,32500.0
5297,1979,102,Mumbai,2026-03-07,5,70000.0,0.05,332500.0
5298,1604,108,Delhi,2025-11-14,5,15000.0,0.05,71250.0
5299,1914,101,Chennai,2025-02-07,2,250000.0,0.35,325000.0
5300,1438,108,Bangalore,2025-09-04,2,15000.0,0.15,25500.0
5301,1151,109,Mumbai,2025-11-23,1,65000.0,0.25,48750.0
5302,1354,107,Bangalore,2026-03-18,2,50000.0,0.05,95000.0
5303,1932,108,Hyderabad,2025-06-11,2,15000.0,0.25,22500.0
5304,1740,107,Hyderabad,2025-08-26,3,50000.0,0.25,112500.0
5305,1960,107,Bangalore,2026-01-24,3,50000.0,0.3,105000.0
5306,1366,104,Bangalore,2025-06-23,1,8000.0,0.4,4800.0
5307,1568,108,Mumbai,2025-06-11,1,15000.0,0.2,12000.0
5308,1858,110,Delhi,2025-05-13,4,45000.0,0.05,171000.0
5309,1018,101,Delhi,2025-04-19,4,250000.0,0.3,700000.0
5310,1154,103,Chennai,2026-04-02,3,1300.0,0.4,2340.0
5311,1961,110,Hyderabad,2025-07-09,5,45000.0,0.35,146250.0
5312,1915,105,Delhi,2025-08-13,4,45000.0,0.35,117000.0
5313,1679,108,Mumbai,2025-11-13,2,15000.0,0.15,25500.0
5314,1504,107,Delhi,2025-11-26,4,50000.0,0.35,130000.0
5315,1854,110,Delhi,2025-07-02,5,45000.0,0.35,146250.0
5316,1574,108,Bangalore,2025-08-25,1,15000.0,0.3,10500.0
5317,1827,105,Delhi,2025-12-30,5,45000.0,0.2,180000.0
5318,1346,105,Hyderabad,2026-03-04,1,45000.0,0.25,33750.0
5319,1741,103,Hyderabad,2025-06-14,5,1300.0,0.15,5525.0
5320,1921,101,Delhi,2026-03-26,1,250000.0,0.25,187500.0
5321,1476,108,Chennai,2025-08-24,1,15000.0,0.3,10500.0
5322,1299,106,Chennai,2025-08-13,4,80000.0,0.3,224000.0
5323,1984,108,Mumbai,2025-06-18,4,15000.0,0.1,54000.0
5324,1872,105,Bangalore,2025-07-06,4,45000.0,0.05,171000.0
5325,1028,107,Hyderabad,2025-05-08,4,50000.0,0.05,190000.0
5327,1240,109,Bangalore,2025-07-07,3,65000.0,0.25,146250.0
5328,1513,102,Hyderabad,2025-09-02,4,70000.0,0.15,238000.0
5329,1343,105,Bangalore,2025-06-17,2,45000.0,0.4,54000.0
5330,1085,103,Delhi,2025-08-02,4,1300.0,0.2,4160.0
5331,1473,106,Delhi,2025-11-27,3,80000.0,0.3,168000.0
5332,1679,108,Mumbai,2025-06-12,5,15000.0,0.05,71250.0
5333,1374,101,Hyderabad,2026-02-23,5,250000.0,0.2,1000000.0
5334,1696,104,Chennai,2026-04-08,3,8000.0,0.35,15600.0
5335,1282,104,Delhi,2026-02-14,1,8000.0,0.25,6000.0
5336,1213,101,Delhi,2025-08-31,4,250000.0,0.2,800000.0
5337,1256,104,Bangalore,2025-09-20,4,8000.0,0.3,22400.0
5338,1665,101,Bangalore,2026-01-20,4,250000.0,0.4,600000.0
5339,1968,109,Hyderabad,2026-06-04,5,65000.0,0.1,292500.0
5340,1956,104,Hyderabad,2025-08-12,1,8000.0,0.2,6400.0
5341,1175,101,Chennai,2025-12-27,3,250000.0,0.2,600000.0
5342,1422,102,Bangalore,2026-03-17,4,70000.0,0.25,210000.0
5343,1732,104,Mumbai,2025-07-14,5,8000.0,0.15,34000.0
5345,1785,102,Chennai,2025-01-12,3,70000.0,0.15,178500.0
5346,1779,101,Bangalore,2025-08-26,5,250000.0,0.25,937500.0
5347,1654,103,Bangalore,2025-11-13,2,1300.0,0.15,2210.0
5348,1515,105,Bangalore,2025-05-28,3,45000.0,0.05,128250.0
5349,1335,105,Delhi,2026-03-24,1,45000.0,0.1,40500.0
5350,1014,103,Delhi,2025-06-14,1,1300.0,0.25,975.0
5351,1378,107,Hyderabad,2026-01-10,4,50000.0,0.3,140000.0
5352,1759,103,Hyderabad,2025-05-29,5,1300.0,0.25,4875.0
5353,1213,108,Delhi,2025-05-10,3,15000.0,0.1,40500.0
5354,1434,105,Chennai,2026-03-09,4,45000.0,0.3,126000.0
5355,1977,103,Hyderabad,2025-05-02,2,1300.0,0.35,1690.0
5356,1519,110,Bangalore,2026-01-06,1,45000.0,0.2,36000.0
5357,1814,106,Bangalore,2025-09-17,3,80000.0,0.05,228000.0
5358,1186,107,Delhi,2025-10-06,3,50000.0,0.2,120000.0
5359,1715,104,Hyderabad,2025-07-15,2,8000.0,0.3,11200.0
5360,1008,108,Mumbai,2025-11-04,1,15000.0,0.3,10500.0
5361,1024,109,Bangalore,2025-06-20,2,65000.0,0.2,104000.0
5362,1282,105,Delhi,2025-07-12,2,45000.0,0.15,76500.0
5363,1355,106,Mumbai,2026-02-26,2,80000.0,0.05,152000.0
5364,1824,104,Hyderabad,2026-02-14,1,8000.0,0.1,7200.0
5365,1869,106,Chennai,2026-01-10,1,80000.0,0.2,64000.0
5366,1159,101,Chennai,2025-08-07,2,250000.0,0.1,450000.0
5367,1863,101,Bangalore,2026-03-31,1,250000.0,0.35,162500.0
5368,1253,108,Mumbai,2025-10-09,4,15000.0,0.2,48000.0
5369,1513,104,Hyderabad,2025-05-30,3,8000.0,0.25,18000.0
5370,1362,107,Bangalore,2025-10-22,4,50000.0,0.1,180000.0
5371,1586,101,Hyderabad,2026-07-01,3,250000.0,0.1,675000.0
5372,1950,109,Chennai,2026-06-01,4,65000.0,0.1,234000.0
5373,1702,109,Hyderabad,2025-09-18,4,65000.0,0.25,195000.0
5374,1193,108,Hyderabad,2025-09-06,4,15000.0,0.15,51000.0
5375,1621,109,Bangalore,2026-01-13,4,65000.0,0.35,169000.0
5376,1662,105,Mumbai,2026-02-12,2,45000.0,0.4,54000.0
5377,1330,104,Hyderabad,2025-12-20,4,8000.0,0.25,24000.0
5378,1609,107,Chennai,2025-07-01,4,50000.0,0.15,170000.0
5379,1416,109,Delhi,2025-10-25,2,65000.0,0.05,123500.0
5380,1928,109,Delhi,2025-07-11,2,65000.0,0.2,104000.0
5381,1840,106,Hyderabad,2025-12-27,1,80000.0,0.3,56000.0
5382,1236,108,Mumbai,2026-01-10,5,15000.0,0.3,52500.0
5383,1449,107,Delhi,2025-11-07,2,50000.0,0.15,85000.0
5384,1058,109,Bangalore,2025-07-14,5,65000.0,0.25,243750.0
5385,1105,105,Hyderabad,2025-07-11,4,45000.0,0.35,117000.0
5386,1485,110,Mumbai,2026-01-24,2,45000.0,0.3,62999.99999999999
5387,1594,110,Mumbai,2026-01-09,3,45000.0,0.25,101250.0
5388,1233,106,Bangalore,2025-11-07,5,80000.0,0.4,240000.0
5389,1519,104,Bangalore,2025-12-21,1,8000.0,0.3,5600.0
5390,1147,107,Delhi,2025-06-06,3,50000.0,0.1,135000.0
5391,1743,108,Hyderabad,2025-07-18,4,15000.0,0.2,48000.0
5392,1675,101,Bangalore,2025-10-15,2,250000.0,0.15,425000.0
5393,1578,102,Chennai,2026-03-05,2,70000.0,0.15,119000.0
5394,1372,106,Chennai,2025-10-18,4,80000.0,0.4,192000.0
5395,1099,102,Mumbai,2026-03-05,1,70000.0,0.25,52500.0
5396,1358,102,Chennai,2025-09-12,4,70000.0,0.1,252000.0
5397,1199,102,Hyderabad,2025-11-26,5,70000.0,0.25,262500.0
5398,1025,108,Mumbai,2025-06-13,4,15000.0,0.1,54000.0
5399,1523,102,Hyderabad,2025-11-27,1,70000.0,0.25,52500.0
5400,1814,107,Bangalore,2026-03-08,3,50000.0,0.3,105000.0
5401,1944,108,Chennai,2026-04-11,5,15000.0,0.2,60000.0
5402,1251,109,Mumbai,2026-09-04,1,65000.0,0.25,48750.0
5403,1212,106,Chennai,2025-10-27,1,80000.0,0.2,64000.0
5404,1155,101,Mumbai,2025-09-26,4,250000.0,0.25,750000.0
5405,1740,105,Hyderabad,2026-03-31,1,45000.0,0.05,42750.0
5406,1134,108,Mumbai,2026-03-22,5,15000.0,0.15,63750.0
5407,1643,106,Chennai,2025-12-14,1,80000.0,0.35,52000.0
5408,1790,105,Mumbai,2025-07-09,3,45000.0,0.4,81000.0
5409,1373,104,Delhi,2025-12-28,4,8000.0,0.25,24000.0
5410,1321,105,Hyderabad,2025-09-26,1,45000.0,0.2,36000.0
5411,1029,105,Chennai,2025-12-24,4,45000.0,0.4,108000.0
5412,1090,104,Chennai,2025-05-01,3,8000.0,0.25,18000.0
5413,1830,103,Bangalore,2025-04-30,5,1300.0,0.4,3900.0
5414,1884,108,Delhi,2025-09-27,4,15000.0,0.05,57000.0
5415,1158,102,Chennai,2025-11-20,2,70000.0,0.1,126000.0
5416,1307,103,Bangalore,2025-04-07,5,1300.0,0.3,4550.0
5417,1592,104,Chennai,2025-05-09,5,8000.0,0.4,24000.0
5418,1989,108,Bangalore,2025-09-13,5,15000.0,0.4,45000.0
5419,1967,108,Delhi,2026-04-03,2,15000.0,0.15,25500.0
5420,1191,106,Bangalore,2025-05-06,4,80000.0,0.15,272000.0
5421,1714,103,Delhi,2026-01-05,2,1300.0,0.4,1560.0
5422,1041,103,Chennai,2025-12-14,4,1300.0,0.05,4940.0
5423,1239,104,Mumbai,2026-03-02,3,8000.0,0.2,19200.0
5424,1080,108,Bangalore,2025-06-01,5,15000.0,0.4,45000.0
5425,1624,103,Chennai,2026-01-15,4,1300.0,0.4,3120.0
5426,1346,106,Hyderabad,2026-03-18,2,80000.0,0.25,120000.0
5427,1051,104,Delhi,2025-06-01,5,8000.0,0.2,32000.0
5428,1566,106,Bangalore,2025-05-11,1,80000.0,0.3,56000.0
5429,1210,109,Bangalore,2025-06-08,2,65000.0,0.15,110500.0
5430,1680,108,Delhi,2025-04-23,4,15000.0,0.05,57000.0
5431,1589,104,Mumbai,2025-04-30,5,8000.0,0.25,30000.0
5432,1163,102,Mumbai,2025-06-08,4,70000.0,0.1,252000.0
5433,1412,106,Bangalore,2025-08-28,1,80000.0,0.2,64000.0
5434,1898,102,Chennai,2026-03-05,4,70000.0,0.4,168000.0
5435,1757,110,Chennai,2025-11-16,5,45000.0,0.15,191250.0
5436,1149,108,Hyderabad,2025-06-29,4,15000.0,0.4,36000.0
5437,1480,105,Hyderabad,2025-12-25,3,45000.0,0.3,94500.0
5438,1107,105,Bangalore,2025-06-14,1,45000.0,0.4,27000.0
5439,1002,106,Mumbai,2025-10-27,2,80000.0,0.35,104000.0
5440,1708,104,Chennai,2026-03-20,4,8000.0,0.35,20800.0
5441,1823,101,Bangalore,2025-04-29,4,250000.0,0.05,950000.0
5442,1005,102,Delhi,2025-05-08,3,70000.0,0.25,157500.0
5443,1752,105,Hyderabad,2026-02-24,5,45000.0,0.15,191250.0
5444,1395,101,Hyderabad,2025-11-30,3,250000.0,0.1,675000.0
5445,1860,105,Hyderabad,2025-07-28,5,45000.0,0.35,146250.0
5446,1853,107,Delhi,2025-06-17,3,50000.0,0.25,112500.0
5447,1367,102,Mumbai,2025-07-23,3,70000.0,0.1,189000.0
5448,1487,106,Hyderabad,2025-07-26,1,80000.0,0.2,64000.0
5449,1070,107,Delhi,2025-12-18,1,50000.0,0.2,40000.0
5450,1367,106,Mumbai,2026-04-08,4,80000.0,0.05,304000.0
5451,1849,109,Delhi,2026-01-02,2,65000.0,0.25,97500.0
5452,1816,103,Mumbai,2026-03-01,5,1300.0,0.1,5850.0
5453,1357,110,Mumbai,2025-03-12,2,45000.0,0.25,67500.0
5454,1308,102,Hyderabad,2025-09-02,3,70000.0,0.2,168000.0
5455,1641,103,Delhi,2025-08-13,3,1300.0,0.1,3510.0
5456,1898,107,Chennai,2025-12-09,1,50000.0,0.25,37500.0
5457,1613,104,Mumbai,2025-06-18,1,8000.0,0.05,7600.0
5458,1644,101,Delhi,2026-02-01,4,250000.0,0.35,650000.0
5459,1175,102,Chennai,2025-09-15,1,70000.0,0.15,59500.0
5460,1866,107,Mumbai,2025-05-01,2,50000.0,0.3,70000.0
5461,1723,105,Hyderabad,2025-08-14,3,45000.0,0.05,128250.0
5462,1427,108,Hyderabad,2025-07-15,1,15000.0,0.15,12750.0
5463,1196,103,Bangalore,2026-03-27,4,1300.0,0.05,4940.0
5464,1985,110,Bangalore,2026-01-30,4,45000.0,0.05,171000.0
5465,1420,107,Chennai,2026-01-06,5,50000.0,0.4,150000.0
5466,1957,105,Bangalore,2025-10-16,2,45000.0,0.1,81000.0
5467,1231,108,Mumbai,2025-09-10,5,15000.0,0.35,48750.0
5468,1028,101,Hyderabad,2025-05-01,5,250000.0,0.25,937500.0
5469,1957,108,Bangalore,2025-07-12,5,15000.0,0.4,45000.0
5470,1804,102,Bangalore,2026-02-21,5,70000.0,0.25,262500.0
5471,1265,110,Chennai,2026-04-14,4,45000.0,0.15,153000.0
5472,1008,109,Mumbai,2025-08-13,4,65000.0,0.3,182000.0
5473,1374,107,Hyderabad,2026-03-29,3,50000.0,0.1,135000.0
5474,1501,110,Chennai,2025-11-07,2,45000.0,0.05,85500.0
5475,1102,106,Hyderabad,2026-02-25,2,80000.0,0.05,152000.0
5476,1477,103,Chennai,2025-09-08,5,1300.0,0.2,5200.0
5477,1057,104,Mumbai,2025-12-27,4,8000.0,0.05,30400.0
5478,1047,106,Delhi,2025-05-04,5,80000.0,0.2,320000.0
5479,1836,110,Chennai,2026-01-17,2,45000.0,0.4,54000.0
5480,1442,109,Bangalore,2026-06-04,4,65000.0,0.05,247000.0
5481,1965,108,Bangalore,2026-03-13,5,15000.0,0.2,60000.0
5482,1715,105,Hyderabad,2025-07-25,3,45000.0,0.25,101250.0
5483,1866,110,Mumbai,2025-11-17,2,45000.0,0.2,72000.0
5484,1683,110,Bangalore,2025-06-08,5,45000.0,0.1,202500.0
5485,1783,106,Delhi,2025-10-10,3,80000.0,0.05,228000.0
5486,1575,103,Chennai,2025-09-08,4,1300.0,0.15,4420.0
5487,1140,107,Chennai,2025-10-07,3,50000.0,0.15,127500.0
5488,1836,105,Chennai,2026-02-28,5,45000.0,0.15,191250.0
5489,1954,108,Chennai,2025-09-01,5,15000.0,0.4,45000.0
5490,1505,103,Mumbai,2025-06-16,1,1300.0,0.1,1170.0
5491,1276,101,Mumbai,2026-03-26,4,250000.0,0.25,750000.0
5492,1128,105,Chennai,2025-10-14,1,45000.0,0.25,33750.0
5493,1799,105,Bangalore,2025-11-16,2,45000.0,0.4,54000.0
5494,1439,102,Chennai,2025-12-20,1,70000.0,0.35,45500.0
5495,1089,104,Bangalore,2025-09-04,5,8000.0,0.4,24000.0
5496,1879,107,Hyderabad,2025-04-27,4,50000.0,0.05,190000.0
5497,1978,110,Mumbai,2025-08-07,3,45000.0,0.4,81000.0
5498,1316,108,Bangalore,2025-11-05,2,15000.0,0.3,21000.0
5499,1926,107,Bangalore,2026-02-24,1,50000.0,0.35,32500.0
5500,1488,101,Bangalore,2025-07-07,1,250000.0,0.3,175000.0
5501,1497,108,Bangalore,2025-05-06,1,15000.0,0.05,14250.0
5502,1436,104,Hyderabad,2025-12-19,1,8000.0,0.1,7200.0
5503,1241,110,Bangalore,2025-07-30,2,45000.0,0.1,81000.0
5504,1139,101,Delhi,2026-07-02,5,250000.0,0.05,1187500.0
5505,1405,101,Hyderabad,2025-09-03,4,250000.0,0.35,650000.0
5506,1924,106,Delhi,2025-05-25,1,80000.0,0.15,68000.0
5507,1730,102,Delhi,2025-06-08,3,70000.0,0.4,126000.0
5508,1712,109,Chennai,2025-07-30,4,65000.0,0.4,156000.0
5509,1439,102,Chennai,2025-06-02,1,70000.0,0.05,66500.0
5510,1452,108,Chennai,2026-02-14,1,15000.0,0.2,12000.0
5511,1043,105,Bangalore,2025-04-26,2,45000.0,0.3,62999.99999999999
5512,1724,101,Hyderabad,2026-01-02,3,250000.0,0.15,637500.0
5513,1042,105,Delhi,2025-02-05,5,45000.0,0.3,157500.0
5514,1784,103,Mumbai,2025-06-30,3,1300.0,0.1,3510.0
5515,1969,101,Hyderabad,2025-08-27,4,250000.0,0.3,700000.0
5516,1885,102,Bangalore,2026-11-02,4,70000.0,0.4,168000.0
5517,1332,106,Bangalore,2025-08-14,2,80000.0,0.35,104000.0
5518,1724,101,Hyderabad,2025-07-22,1,250000.0,0.35,162500.0
5519,1949,101,Hyderabad,2026-04-02,2,250000.0,0.35,325000.0
5520,1866,103,Mumbai,2025-10-08,5,1300.0,0.15,5525.0
5521,1449,102,Delhi,2025-09-17,5,70000.0,0.15,297500.0
5522,1032,108,Hyderabad,2025-06-09,3,15000.0,0.1,40500.0
5523,1090,106,Chennai,2025-10-26,5,80000.0,0.25,300000.0
5524,1372,108,Chennai,2025-07-18,1,15000.0,0.15,12750.0
5525,1313,109,Delhi,2025-12-19,4,65000.0,0.05,247000.0
5526,1382,109,Chennai,2025-06-05,3,65000.0,0.4,117000.0
5527,1293,110,Hyderabad,2025-10-20,2,45000.0,0.4,54000.0
5528,1895,108,Bangalore,2025-04-18,4,15000.0,0.4,36000.0
5529,1094,103,Delhi,2026-07-02,5,1300.0,0.25,4875.0
5530,1484,109,Delhi,2025-07-19,4,65000.0,0.4,156000.0
5531,1023,110,Bangalore,2025-06-23,3,45000.0,0.2,108000.0
5533,1364,109,Delhi,2026-03-27,5,65000.0,0.2,260000.0
5534,1599,101,Hyderabad,2025-07-16,3,250000.0,0.05,712500.0
5535,1818,101,Hyderabad,2026-03-13,4,250000.0,0.3,700000.0
5536,1253,109,Mumbai,2025-09-17,2,65000.0,0.2,104000.0
5537,1553,104,Bangalore,2026-01-08,1,8000.0,0.3,5600.0
5538,1306,109,Delhi,2025-11-15,3,65000.0,0.05,185250.0
5539,1767,101,Bangalore,2025-09-06,1,250000.0,0.25,187500.0
5540,1710,106,Chennai,2025-03-09,3,80000.0,0.1,216000.0
5541,1763,107,Hyderabad,2025-12-18,4,50000.0,0.1,180000.0
5542,1263,108,Chennai,2026-04-04,2,15000.0,0.25,22500.0
5543,1391,104,Hyderabad,2026-01-26,1,8000.0,0.35,5200.0
5544,1578,102,Chennai,2026-02-09,3,70000.0,0.2,168000.0
5545,1936,110,Bangalore,2025-11-08,2,45000.0,0.25,67500.0
5546,1439,103,Chennai,2025-08-06,3,1300.0,0.4,2340.0
5547,1384,105,Mumbai,2025-05-09,2,45000.0,0.25,67500.0
5548,1518,101,Hyderabad,2026-04-15,1,250000.0,0.4,150000.0
5549,1786,103,Delhi,2025-08-09,2,1300.0,0.3,1820.0
5550,1456,107,Delhi,2026-02-22,1,50000.0,0.25,37500.0
5551,1004,107,Mumbai,2025-12-29,5,50000.0,0.15,212500.0
5552,1106,108,Hyderabad,2025-12-14,3,15000.0,0.05,42750.0
5553,1491,106,Mumbai,2026-01-25,1,80000.0,0.3,56000.0
5554,1491,106,Mumbai,2025-03-08,2,80000.0,0.35,104000.0
5555,1929,101,Chennai,2025-08-26,4,250000.0,0.05,950000.0
5557,1521,105,Delhi,2026-03-02,1,45000.0,0.3,31500.0
5558,1509,108,Mumbai,2026-01-23,4,15000.0,0.4,36000.0
5559,1815,105,Mumbai,2025-10-08,3,45000.0,0.15,114750.0
5560,1085,101,Delhi,2025-05-14,5,250000.0,0.35,812500.0
5561,1028,108,Hyderabad,2025-09-21,2,15000.0,0.3,21000.0
5562,1506,109,Mumbai,2025-10-11,5,65000.0,0.2,260000.0
5563,1571,101,Mumbai,2026-04-14,5,250000.0,0.35,812500.0
5564,1541,109,Delhi,2025-06-04,4,65000.0,0.15,221000.0
5565,1208,107,Mumbai,2025-10-10,2,50000.0,0.3,70000.0
5566,1061,103,Chennai,2025-08-13,1,1300.0,0.15,1105.0
5567,1221,109,Hyderabad,2025-09-22,1,65000.0,0.35,42250.0
5568,1875,108,Chennai,2026-05-01,5,15000.0,0.4,45000.0
5569,1875,101,Chennai,2025-06-19,4,250000.0,0.25,750000.0
5570,1649,109,Delhi,2025-08-04,5,65000.0,0.05,308750.0
5571,1108,109,Bangalore,2026-04-13,3,65000.0,0.1,175500.0
5572,1388,101,Hyderabad,2026-02-03,3,250000.0,0.15,637500.0
5573,1275,107,Delhi,2026-02-14,3,50000.0,0.2,120000.0
5574,1587,110,Bangalore,2026-03-19,3,45000.0,0.2,108000.0
5575,1279,107,Chennai,2025-12-18,5,50000.0,0.05,237500.0
5576,1909,107,Delhi,2026-02-23,3,50000.0,0.15,127500.0
5577,1838,105,Mumbai,2025-05-08,5,45000.0,0.05,213750.0
5578,1820,103,Chennai,2025-05-16,4,1300.0,0.05,4940.0
5579,1319,105,Chennai,2026-02-14,3,45000.0,0.4,81000.0
5580,1189,103,Bangalore,2025-10-07,2,1300.0,0.3,1820.0
5581,1229,107,Bangalore,2025-12-05,4,50000.0,0.15,170000.0
5582,1360,110,Delhi,2025-07-04,1,45000.0,0.25,33750.0
5583,1436,106,Hyderabad,2025-02-11,1,80000.0,0.3,56000.0
5584,1934,106,Bangalore,2025-05-01,5,80000.0,0.1,360000.0
5585,1896,105,Chennai,2026-01-13,3,45000.0,0.15,114750.0
5586,1597,105,Hyderabad,2026-02-18,4,45000.0,0.25,135000.0
5587,1741,107,Hyderabad,2026-04-13,5,50000.0,0.2,200000.0
5588,1559,104,Delhi,2026-01-30,5,8000.0,0.2,32000.0
5589,1080,104,Bangalore,2025-10-31,3,8000.0,0.1,21600.0
5590,1561,104,Delhi,2025-12-22,4,8000.0,0.35,20800.0
5591,1242,109,Mumbai,2026-03-28,2,65000.0,0.1,117000.0
5592,1442,106,Bangalore,2025-11-11,5,80000.0,0.2,320000.0
5593,1637,104,Mumbai,2025-05-14,3,8000.0,0.25,18000.0
5594,1774,110,Delhi,2025-08-06,2,45000.0,0.4,54000.0
5595,1600,109,Chennai,2025-11-17,4,65000.0,0.2,208000.0
5596,1455,107,Mumbai,2026-02-17,1,50000.0,0.05,47500.0
5597,1780,102,Bangalore,2025-10-13,4,70000.0,0.2,224000.0
5598,1852,101,Delhi,2026-02-16,5,250000.0,0.1,1125000.0
5599,1240,103,Bangalore,2026-03-17,2,1300.0,0.2,2080.0
5600,1984,103,Mumbai,2026-03-14,5,1300.0,0.25,4875.0
5601,1156,102,Delhi,2025-05-23,2,70000.0,0.15,119000.0
5602,1159,108,Chennai,2025-10-07,5,15000.0,0.1,67500.0
5603,1474,108,Bangalore,2025-05-07,1,15000.0,0.3,10500.0
5604,1032,108,Hyderabad,2025-10-25,1,15000.0,0.15,12750.0
5605,1415,109,Mumbai,2025-12-14,3,65000.0,0.4,117000.0
5606,1748,105,Delhi,2025-06-16,2,45000.0,0.4,54000.0
5607,1460,109,Chennai,2026-02-23,1,65000.0,0.05,61750.0
5608,1442,107,Bangalore,2025-09-21,4,50000.0,0.35,130000.0
5609,1277,109,Mumbai,2025-06-12,2,65000.0,0.1,117000.0
5610,1123,109,Bangalore,2025-12-27,5,65000.0,0.25,243750.0
5611,1797,101,Mumbai,2025-04-22,2,250000.0,0.15,425000.0
5612,1284,101,Delhi,2025-12-27,1,250000.0,0.2,200000.0
5613,1719,103,Chennai,2025-05-10,1,1300.0,0.35,845.0
5614,1916,106,Chennai,2025-02-08,1,80000.0,0.35,52000.0
5615,1912,107,Bangalore,2026-02-14,3,50000.0,0.2,120000.0
5616,1313,107,Delhi,2025-08-28,5,50000.0,0.4,150000.0
5617,1629,106,Hyderabad,2025-07-22,3,80000.0,0.05,228000.0
5618,1233,103,Bangalore,2025-04-09,1,1300.0,0.25,975.0
5619,1519,110,Bangalore,2025-06-14,1,45000.0,0.35,29250.0
5620,1824,105,Hyderabad,2026-03-31,4,45000.0,0.15,153000.0
5621,1446,110,Bangalore,2025-05-18,3,45000.0,0.4,81000.0
5622,1829,108,Hyderabad,2025-07-01,4,15000.0,0.25,45000.0
5623,1863,110,Bangalore,2025-11-08,4,45000.0,0.25,135000.0
5624,1788,103,Chennai,2025-10-26,1,1300.0,0.2,1040.0
5625,1126,108,Bangalore,2025-12-21,4,15000.0,0.1,54000.0
5626,1189,104,Bangalore,2025-05-05,4,8000.0,0.15,27200.0
5627,1785,109,Chennai,2026-01-25,2,65000.0,0.4,78000.0
5628,1617,107,Delhi,2025-12-21,4,50000.0,0.4,120000.0
5629,1323,103,Hyderabad,2025-05-27,3,1300.0,0.4,2340.0
5630,1983,103,Mumbai,2025-10-01,2,1300.0,0.2,2080.0
5631,1489,109,Hyderabad,2025-12-28,1,65000.0,0.4,39000.0
5632,1833,106,Chennai,2025-05-19,3,80000.0,0.2,192000.0
5633,1368,104,Delhi,2026-02-24,3,8000.0,0.05,22800.0
5634,1868,102,Delhi,2025-06-01,1,70000.0,0.05,66500.0
5635,1869,110,Chennai,2025-05-10,3,45000.0,0.05,128250.0
5636,1661,109,Chennai,2025-07-26,4,65000.0,0.25,195000.0
5637,1349,102,Delhi,2025-12-14,4,70000.0,0.2,224000.0
5638,1943,108,Delhi,2026-01-26,4,15000.0,0.4,36000.0
5639,1760,108,Delhi,2025-08-26,3,15000.0,0.35,29250.0
5640,1209,105,Mumbai,2025-06-22,2,45000.0,0.2,72000.0
5641,1146,107,Mumbai,2026-03-24,4,50000.0,0.2,160000.0
5642,1180,110,Mumbai,2026-01-03,3,45000.0,0.15,114750.0
5643,1600,102,Chennai,2026-02-24,4,70000.0,0.2,224000.0
5644,1241,104,Bangalore,2026-01-03,1,8000.0,0.05,7600.0
5645,1454,108,Mumbai,2026-04-06,3,15000.0,0.1,40500.0
5646,1585,103,Mumbai,2025-05-02,1,1300.0,0.05,1235.0
5647,1819,108,Hyderabad,2026-03-22,1,15000.0,0.35,9750.0
5648,1953,104,Hyderabad,2025-10-28,4,8000.0,0.05,30400.0
5649,1038,109,Hyderabad,2025-06-15,1,65000.0,0.2,52000.0
5650,1678,107,Chennai,2025-10-25,2,50000.0,0.05,95000.0
5651,1971,107,Chennai,2025-08-27,4,50000.0,0.25,150000.0
5652,1209,110,Mumbai,2025-07-24,1,45000.0,0.1,40500.0
5653,1001,109,Bangalore,2025-11-05,5,65000.0,0.4,195000.0
5654,1403,109,Mumbai,2025-06-13,3,65000.0,0.1,175500.0
5655,1179,107,Chennai,2025-12-08,5,50000.0,0.25,187500.0
5657,1857,105,Mumbai,2025-06-26,4,45000.0,0.25,135000.0
5658,1943,110,Delhi,2025-02-10,2,45000.0,0.4,54000.0
5659,1824,108,Hyderabad,2026-01-14,3,15000.0,0.1,40500.0
5660,1934,102,Bangalore,2026-02-16,1,70000.0,0.05,66500.0
5661,1066,107,Hyderabad,2025-10-14,2,50000.0,0.3,70000.0
5662,1481,102,Hyderabad,2025-06-27,5,70000.0,0.15,297500.0
5663,1732,102,Mumbai,2025-01-09,4,70000.0,0.25,210000.0
5664,1605,106,Hyderabad,2026-03-04,1,80000.0,0.4,48000.0
5665,1568,104,Mumbai,2025-10-25,1,8000.0,0.05,7600.0
5666,1286,105,Delhi,2025-10-21,4,45000.0,0.4,108000.0
5667,1924,106,Delhi,2026-02-11,4,80000.0,0.15,272000.0
5668,1513,107,Hyderabad,2026-05-04,2,50000.0,0.4,60000.0
5669,1712,102,Chennai,2025-04-08,3,70000.0,0.25,157500.0
5670,1047,102,Delhi,2025-01-09,1,70000.0,0.1,63000.0
5671,1042,110,Delhi,2025-08-17,1,45000.0,0.3,31500.0
5672,1968,105,Hyderabad,2025-08-22,1,45000.0,0.1,40500.0
5673,1063,108,Delhi,2025-08-02,1,15000.0,0.15,12750.0
5674,1342,101,Hyderabad,2025-08-17,4,250000.0,0.3,700000.0
5675,1469,105,Mumbai,2025-07-24,2,45000.0,0.15,76500.0
5676,1230,110,Chennai,2025-06-19,2,45000.0,0.1,81000.0
5677,1334,103,Delhi,2025-10-10,1,1300.0,0.35,845.0
5678,1189,110,Bangalore,2025-10-18,1,45000.0,0.1,40500.0
5679,1074,102,Chennai,2025-09-22,1,70000.0,0.3,49000.0
5680,1476,103,Chennai,2025-06-28,5,1300.0,0.1,5850.0
5681,1287,109,Mumbai,2025-05-30,4,65000.0,0.4,156000.0
5682,1004,101,Mumbai,2025-07-09,2,250000.0,0.15,425000.0
5683,1714,108,Delhi,2025-07-21,5,15000.0,0.25,56250.0
5684,1164,107,Bangalore,2025-11-14,4,50000.0,0.25,150000.0
5685,1550,101,Mumbai,2025-09-09,1,250000.0,0.15,212500.0
5686,1077,101,Mumbai,2025-09-10,4,250000.0,0.35,650000.0
5687,1806,102,Bangalore,2026-03-16,4,70000.0,0.2,224000.0
5688,1478,101,Bangalore,2025-06-08,2,250000.0,0.2,400000.0
5689,1578,103,Chennai,2025-06-23,1,1300.0,0.35,845.0
5690,1303,109,Delhi,2026-01-22,4,65000.0,0.2,208000.0
5691,1209,101,Mumbai,2026-02-03,4,250000.0,0.05,950000.0
5692,1352,109,Chennai,2025-04-27,3,65000.0,0.2,156000.0
5693,1413,106,Delhi,2026-03-14,4,80000.0,0.1,288000.0
5694,1058,109,Bangalore,2025-07-14,4,65000.0,0.25,195000.0
5695,1533,110,Mumbai,2026-02-12,2,45000.0,0.2,72000.0
5696,1325,105,Delhi,2025-11-09,5,45000.0,0.1,202500.0
5697,1894,102,Delhi,2026-03-28,3,70000.0,0.25,157500.0
5698,1165,109,Delhi,2025-08-14,4,65000.0,0.25,195000.0
5699,1862,104,Hyderabad,2026-03-15,3,8000.0,0.35,15600.0
5700,1687,108,Chennai,2026-01-09,1,15000.0,0.35,9750.0
5701,1540,105,Hyderabad,2025-11-27,1,45000.0,0.35,29250.0
5702,1827,106,Delhi,2025-12-09,1,80000.0,0.15,68000.0
5703,1059,103,Hyderabad,2025-07-27,3,1300.0,0.2,3120.0
5704,1226,110,Hyderabad,2025-11-24,1,45000.0,0.1,40500.0
5705,1686,102,Hyderabad,2025-11-09,4,70000.0,0.1,252000.0
5706,1102,104,Hyderabad,2025-09-29,1,8000.0,0.2,6400.0
5707,1426,104,Bangalore,2025-07-02,4,8000.0,0.1,28800.0
5708,1251,104,Mumbai,2025-07-21,1,8000.0,0.05,7600.0
5709,1626,109,Chennai,2025-08-06,2,65000.0,0.4,78000.0
5710,1910,103,Hyderabad,2026-01-11,2,1300.0,0.05,2470.0
5711,1587,110,Bangalore,2025-07-28,4,45000.0,0.4,108000.0
5712,1034,104,Mumbai,2026-03-09,2,8000.0,0.15,13600.0
5713,1349,104,Delhi,2026-02-18,5,8000.0,0.15,34000.0
5714,1904,105,Delhi,2025-10-11,2,45000.0,0.25,67500.0
5715,1311,103,Hyderabad,2025-09-05,4,1300.0,0.1,4680.0
5716,1543,103,Mumbai,2025-09-09,1,1300.0,0.4,780.0
5717,1357,103,Mumbai,2025-11-27,1,1300.0,0.35,845.0
5718,1412,101,Bangalore,2025-12-12,3,250000.0,0.2,600000.0
5719,1713,106,Mumbai,2025-12-10,1,80000.0,0.1,72000.0
5720,1165,108,Delhi,2025-10-03,5,15000.0,0.2,60000.0
5721,1002,110,Mumbai,2026-02-17,2,45000.0,0.15,76500.0
5722,1902,104,Chennai,2025-05-08,5,8000.0,0.1,36000.0
5723,1184,110,Delhi,2025-12-24,1,45000.0,0.4,27000.0
5724,1191,103,Bangalore,2025-09-22,3,1300.0,0.3,2730.0
5725,1516,104,Hyderabad,2025-08-04,1,8000.0,0.25,6000.0
5726,1267,103,Bangalore,2026-06-01,4,1300.0,0.15,4420.0
5727,1818,105,Hyderabad,2025-07-29,3,45000.0,0.4,81000.0
5728,1188,103,Hyderabad,2026-03-01,4,1300.0,0.1,4680.0
5729,1668,104,Bangalore,2025-06-05,3,8000.0,0.05,22800.0
5730,1642,103,Delhi,2026-01-03,1,1300.0,0.2,1040.0
5731,1410,101,Chennai,2026-02-01,5,250000.0,0.3,875000.0
5732,1010,105,Hyderabad,2025-11-23,3,45000.0,0.1,121500.0
5733,1249,101,Chennai,2026-04-02,2,250000.0,0.1,450000.0
5734,1279,104,Chennai,2025-05-16,1,8000.0,0.1,7200.0
5735,1833,108,Chennai,2026-02-13,5,15000.0,0.35,48750.0
5736,1604,101,Delhi,2025-06-08,1,250000.0,0.4,150000.0
5737,1047,109,Delhi,2025-12-06,4,65000.0,0.4,156000.0
5738,1309,106,Hyderabad,2026-04-16,5,80000.0,0.2,320000.0
5739,1684,106,Bangalore,2026-01-14,3,80000.0,0.1,216000.0
5740,1140,108,Chennai,2025-12-07,1,15000.0,0.25,11250.0
5741,1775,106,Mumbai,2026-02-01,2,80000.0,0.05,152000.0
5742,1457,106,Chennai,2025-06-05,5,80000.0,0.35,260000.0
5743,1037,108,Mumbai,2025-12-28,2,15000.0,0.15,25500.0
5744,1309,110,Hyderabad,2025-09-29,4,45000.0,0.05,171000.0
5746,1003,101,Bangalore,2025-04-21,2,250000.0,0.35,325000.0
5747,1147,101,Delhi,2026-03-26,1,250000.0,0.25,187500.0
5748,1717,102,Hyderabad,2025-09-19,5,70000.0,0.25,262500.0
5749,1417,107,Chennai,2025-09-25,1,50000.0,0.1,45000.0
5750,1424,104,Hyderabad,2026-03-24,5,8000.0,0.1,36000.0
5751,1620,102,Bangalore,2025-11-30,4,70000.0,0.4,168000.0
5752,1521,110,Delhi,2025-12-24,3,45000.0,0.35,87750.0
5753,1548,109,Hyderabad,2025-10-24,4,65000.0,0.25,195000.0
5754,1809,106,Delhi,2026-03-27,5,80000.0,0.3,280000.0
5755,1096,101,Mumbai,2025-07-11,4,250000.0,0.1,900000.0
5756,1546,102,Hyderabad,2025-04-30,2,70000.0,0.3,98000.0
5757,1063,108,Delhi,2025-05-30,4,15000.0,0.35,39000.0
5758,1260,108,Bangalore,2025-06-21,1,15000.0,0.2,12000.0
5759,1893,110,Delhi,2025-07-23,4,45000.0,0.35,117000.0
5760,1544,110,Bangalore,2025-07-06,5,45000.0,0.1,202500.0
5761,1475,101,Delhi,2026-03-18,3,250000.0,0.2,600000.0
5762,1336,102,Hyderabad,2026-03-17,2,70000.0,0.35,91000.0
5763,1296,102,Mumbai,2026-03-21,5,70000.0,0.1,315000.0
5764,1415,108,Mumbai,2025-05-02,5,15000.0,0.25,56250.0
5765,1258,101,Bangalore,2025-05-16,5,250000.0,0.2,1000000.0
5766,1742,107,Mumbai,2025-10-22,1,50000.0,0.05,47500.0
5767,1817,101,Chennai,2025-08-06,4,250000.0,0.1,900000.0
5768,1116,107,Delhi,2025-10-12,3,50000.0,0.35,97500.0
5769,1584,102,Mumbai,2026-03-27,2,70000.0,0.4,84000.0
5770,1843,102,Bangalore,2025-08-15,5,70000.0,0.1,315000.0
5771,1224,105,Chennai,2026-01-03,1,45000.0,0.35,29250.0
5772,1073,107,Hyderabad,2026-04-14,3,50000.0,0.25,112500.0
5773,1559,106,Delhi,2026-01-18,5,80000.0,0.3,280000.0
5774,1956,101,Hyderabad,2025-12-21,5,250000.0,0.25,937500.0
5775,1287,103,Mumbai,2025-05-01,1,1300.0,0.2,1040.0
5776,1521,110,Delhi,2025-09-29,3,45000.0,0.4,81000.0
5777,1790,103,Mumbai,2026-03-24,5,1300.0,0.2,5200.0
5778,1404,110,Mumbai,2025-06-05,4,45000.0,0.35,117000.0
5779,1493,102,Mumbai,2026-02-09,1,70000.0,0.05,66500.0
5780,1884,106,Delhi,2025-11-14,1,80000.0,0.05,76000.0
5781,1704,102,Mumbai,2025-04-19,2,70000.0,0.05,133000.0
5782,1768,109,Hyderabad,2025-10-16,4,65000.0,0.3,182000.0
5783,1276,105,Mumbai,2025-08-27,2,45000.0,0.15,76500.0
5784,1261,104,Hyderabad,2025-06-29,5,8000.0,0.1,36000.0
5785,1348,106,Delhi,2025-08-16,1,80000.0,0.4,48000.0
5786,1115,108,Hyderabad,2026-02-08,1,15000.0,0.05,14250.0
5787,1132,109,Chennai,2025-10-23,2,65000.0,0.15,110500.0
5788,1211,106,Chennai,2026-03-26,2,80000.0,0.25,120000.0
5789,1697,107,Bangalore,2025-11-13,2,50000.0,0.2,80000.0
5790,1103,109,Mumbai,2025-04-12,5,65000.0,0.1,292500.0
5791,1876,104,Bangalore,2025-12-21,1,8000.0,0.3,5600.0
5792,1978,105,Mumbai,2026-01-02,5,45000.0,0.1,202500.0
5793,1520,107,Chennai,2025-11-27,5,50000.0,0.15,212500.0
5794,1515,101,Bangalore,2025-10-04,2,250000.0,0.2,400000.0
5795,1683,108,Bangalore,2025-11-09,3,15000.0,0.35,29250.0
5796,1853,109,Delhi,2025-08-14,2,65000.0,0.1,117000.0
5797,1027,107,Mumbai,2026-02-12,3,50000.0,0.1,135000.0
5798,1993,106,Bangalore,2025-04-27,1,80000.0,0.4,48000.0
5799,1092,104,Chennai,2025-06-08,3,8000.0,0.35,15600.0
5800,1176,109,Chennai,2025-05-19,3,65000.0,0.05,185250.0
5801,1850,102,Bangalore,2026-01-24,3,70000.0,0.3,147000.0
5802,1907,105,Chennai,2025-08-17,3,45000.0,0.4,81000.0
5803,1099,109,Mumbai,2025-12-16,1,65000.0,0.15,55250.0
5804,1453,108,Mumbai,2025-10-09,2,15000.0,0.4,18000.0
5805,1046,107,Mumbai,2025-06-26,2,50000.0,0.3,70000.0
5806,1190,109,Hyderabad,2026-01-28,1,65000.0,0.4,39000.0
5807,1952,104,Chennai,2025-05-09,4,8000.0,0.2,25600.0
5808,1419,102,Bangalore,2025-05-26,1,70000.0,0.1,63000.0
5809,1715,108,Hyderabad,2025-04-16,4,15000.0,0.15,51000.0
5810,1060,109,Mumbai,2025-10-15,2,65000.0,0.4,78000.0
5811,1327,108,Delhi,2026-02-27,4,15000.0,0.1,54000.0
5812,1458,105,Hyderabad,2025-05-09,2,45000.0,0.25,67500.0
5813,1007,102,Hyderabad,2025-08-04,2,70000.0,0.4,84000.0
5814,1447,105,Bangalore,2026-04-15,5,45000.0,0.3,157500.0
5815,1851,110,Bangalore,2025-10-23,1,45000.0,0.25,33750.0
5816,1534,103,Delhi,2025-12-18,3,1300.0,0.3,2730.0
5817,1350,109,Hyderabad,2025-07-15,2,65000.0,0.1,117000.0
5818,1932,103,Hyderabad,2026-04-15,5,1300.0,0.2,5200.0
5819,1637,104,Mumbai,2025-10-09,2,8000.0,0.4,9600.0
5820,1711,106,Mumbai,2025-11-07,4,80000.0,0.35,208000.0
5821,1133,109,Hyderabad,2025-12-06,4,65000.0,0.2,208000.0
5822,1429,109,Hyderabad,2025-12-09,4,65000.0,0.25,195000.0
5823,1074,109,Chennai,2025-07-23,4,65000.0,0.15,221000.0
5824,1825,107,Delhi,2026-03-23,5,50000.0,0.4,150000.0
5825,1664,110,Bangalore,2026-02-14,3,45000.0,0.05,128250.0
5826,1248,104,Mumbai,2025-10-29,2,8000.0,0.25,12000.0
5827,1677,101,Delhi,2025-06-19,2,250000.0,0.05,475000.0
5828,1318,109,Delhi,2025-12-24,4,65000.0,0.05,247000.0
5829,1002,110,Mumbai,2026-02-10,3,45000.0,0.15,114750.0
5830,1377,110,Delhi,2026-02-13,1,45000.0,0.25,33750.0
5831,1490,103,Hyderabad,2025-11-30,5,1300.0,0.15,5525.0
5832,1207,110,Hyderabad,2025-04-26,4,45000.0,0.2,144000.0
5833,1135,110,Hyderabad,2025-12-28,5,45000.0,0.15,191250.0
5834,1637,104,Mumbai,2025-11-10,2,8000.0,0.05,15200.0
5835,1962,110,Mumbai,2025-12-15,5,45000.0,0.3,157500.0
5836,1144,103,Bangalore,2025-08-09,2,1300.0,0.35,1690.0
5837,1945,104,Mumbai,2026-04-04,3,8000.0,0.35,15600.0
5838,1529,106,Delhi,2025-07-21,1,80000.0,0.3,56000.0
5839,1422,107,Bangalore,2025-12-09,3,50000.0,0.25,112500.0
5840,1513,106,Hyderabad,2025-05-22,3,80000.0,0.2,192000.0
5841,1515,105,Bangalore,2025-09-19,2,45000.0,0.2,72000.0
5842,1917,104,Delhi,2025-09-04,1,8000.0,0.05,7600.0
5843,1471,109,Mumbai,2026-04-16,2,65000.0,0.2,104000.0
5844,1743,108,Hyderabad,2026-03-18,4,15000.0,0.35,39000.0
5845,1347,106,Chennai,2025-09-09,3,80000.0,0.3,168000.0
5846,1208,110,Mumbai,2025-12-30,4,45000.0,0.2,144000.0
5847,1379,101,Delhi,2026-09-03,5,250000.0,0.35,812500.0
5848,1191,102,Bangalore,2025-04-12,2,70000.0,0.1,126000.0
5849,1227,109,Chennai,2025-05-24,3,65000.0,0.3,136500.0
5850,1974,110,Delhi,2025-05-25,5,45000.0,0.3,157500.0
5851,1964,103,Hyderabad,2025-12-12,1,1300.0,0.15,1105.0
5852,1197,106,Bangalore,2025-04-12,5,80000.0,0.4,240000.0
5853,1030,101,Chennai,2025-06-06,3,250000.0,0.05,712500.0
5854,1835,106,Bangalore,2026-03-26,4,80000.0,0.3,224000.0
5855,1204,104,Mumbai,2026-04-03,5,8000.0,0.1,36000.0
5856,1857,107,Mumbai,2026-01-17,3,50000.0,0.35,97500.0
5857,1157,104,Chennai,2025-06-18,2,8000.0,0.35,10400.0
5858,1518,102,Hyderabad,2025-04-17,2,70000.0,0.15,119000.0
5859,1371,106,Chennai,2025-10-15,2,80000.0,0.2,128000.0
5860,1037,103,Mumbai,2025-04-29,1,1300.0,0.2,1040.0
5861,1478,101,Bangalore,2025-11-05,1,250000.0,0.2,200000.0
5862,1565,107,Mumbai,2025-08-27,3,50000.0,0.4,90000.0
5863,1243,106,Chennai,2025-09-30,2,80000.0,0.35,104000.0
5864,1828,108,Bangalore,2025-10-26,2,15000.0,0.1,27000.0
5865,1674,102,Delhi,2025-04-20,4,70000.0,0.3,196000.0
5866,1794,109,Delhi,2025-04-28,3,65000.0,0.15,165750.0
5867,1750,110,Chennai,2025-07-23,1,45000.0,0.35,29250.0
5868,1526,103,Bangalore,2025-06-09,4,1300.0,0.35,3380.0
5869,1807,104,Delhi,2026-03-28,4,8000.0,0.35,20800.0
5870,1494,104,Chennai,2025-10-15,5,8000.0,0.2,32000.0
5871,1135,104,Hyderabad,2026-02-25,5,8000.0,0.1,36000.0
5872,1325,107,Delhi,2025-12-26,3,50000.0,0.15,127500.0
5873,1216,103,Mumbai,2025-01-08,2,1300.0,0.15,2210.0
5874,1330,104,Hyderabad,2026-02-15,3,8000.0,0.3,16800.0
5875,1279,106,Chennai,2025-07-15,3,80000.0,0.25,180000.0
5876,1825,102,Delhi,2025-09-23,5,70000.0,0.25,262500.0
5877,1635,110,Mumbai,2025-07-15,4,45000.0,0.4,108000.0
5878,1566,108,Bangalore,2025-05-06,4,15000.0,0.4,36000.0
5879,1679,104,Mumbai,2025-12-27,2,8000.0,0.4,9600.0
5880,1518,106,Hyderabad,2025-05-27,2,80000.0,0.35,104000.0
5881,1460,107,Chennai,2025-07-20,4,50000.0,0.4,120000.0
5882,1079,103,Mumbai,2025-12-30,1,1300.0,0.4,780.0
5883,1319,105,Chennai,2026-02-14,4,45000.0,0.4,108000.0
5884,1368,102,Delhi,2025-08-29,3,70000.0,0.25,157500.0
5885,1616,109,Mumbai,2025-06-17,4,65000.0,0.35,169000.0
5886,1317,103,Delhi,2025-05-20,4,1300.0,0.35,3380.0
5887,1345,104,Mumbai,2025-06-15,3,8000.0,0.4,14400.0
5888,1526,104,Bangalore,2025-05-11,2,8000.0,0.3,11200.0
5889,1673,108,Bangalore,2025-10-11,3,15000.0,0.4,27000.0
5890,1408,108,Hyderabad,2026-11-04,3,15000.0,0.15,38250.0
5891,1486,109,Mumbai,2025-11-22,1,65000.0,0.05,61750.0
5892,1698,104,Hyderabad,2025-05-05,1,8000.0,0.2,6400.0
5893,1165,102,Delhi,2025-06-17,2,70000.0,0.3,98000.0
5894,1874,107,Delhi,2025-09-25,5,50000.0,0.25,187500.0
5895,1481,106,Hyderabad,2026-02-09,5,80000.0,0.1,360000.0
5896,1269,104,Hyderabad,2026-09-01,5,8000.0,0.3,28000.0
5897,1959,109,Hyderabad,2026-01-13,5,65000.0,0.4,195000.0
5898,1427,106,Hyderabad,2026-01-29,3,80000.0,0.15,204000.0
5899,1468,103,Bangalore,2025-09-01,1,1300.0,0.15,1105.0
5900,1185,103,Hyderabad,2025-11-12,4,1300.0,0.15,4420.0
5901,1778,108,Hyderabad,2025-10-03,5,15000.0,0.15,63750.0
5902,1218,110,Hyderabad,2026-04-05,5,45000.0,0.15,191250.0
5903,1141,108,Delhi,2025-08-21,2,15000.0,0.05,28500.0
5904,1921,104,Delhi,2025-04-27,3,8000.0,0.1,21600.0
5905,1838,107,Mumbai,2025-08-31,4,50000.0,0.05,190000.0
5906,1662,103,Mumbai,2025-07-05,5,1300.0,0.05,6175.0
5907,1686,101,Hyderabad,2025-10-24,3,250000.0,0.05,712500.0
5908,1213,104,Delhi,2025-12-06,2,8000.0,0.05,15200.0
5909,1595,107,Delhi,2026-03-02,3,50000.0,0.1,135000.0
5910,1952,109,Chennai,2026-03-03,4,65000.0,0.1,234000.0
5911,1373,104,Delhi,2025-11-22,5,8000.0,0.3,28000.0
5912,1431,110,Chennai,2026-01-21,5,45000.0,0.25,168750.0
5913,1725,108,Hyderabad,2025-06-24,5,15000.0,0.15,63750.0
5914,1273,109,Hyderabad,2026-01-09,4,65000.0,0.15,221000.0
5915,1860,105,Hyderabad,2025-05-31,1,45000.0,0.15,38250.0
5916,1974,109,Delhi,2025-09-25,4,65000.0,0.05,247000.0
5917,1348,104,Delhi,2025-06-08,3,8000.0,0.35,15600.0
5918,1411,109,Mumbai,2026-01-19,2,65000.0,0.3,91000.0
5919,1438,101,Bangalore,2026-03-07,1,250000.0,0.2,200000.0
5920,1807,104,Delhi,2026-06-03,3,8000.0,0.25,18000.0
5921,1487,110,Hyderabad,2025-08-12,2,45000.0,0.05,85500.0
5922,1363,102,Mumbai,2025-11-08,5,70000.0,0.05,332500.0
5923,1157,103,Chennai,2026-01-08,3,1300.0,0.3,2730.0
5924,1404,107,Mumbai,2025-06-07,3,50000.0,0.05,142500.0
5925,1674,103,Delhi,2025-06-05,1,1300.0,0.2,1040.0
5926,1363,109,Mumbai,2026-04-13,5,65000.0,0.15,276250.0
5927,1945,105,Mumbai,2025-09-10,2,45000.0,0.4,54000.0
5928,1165,101,Delhi,2025-09-22,5,250000.0,0.3,875000.0
5929,1745,104,Delhi,2025-05-22,5,8000.0,0.4,24000.0
5930,1748,101,Delhi,2025-10-08,1,250000.0,0.4,150000.0
5931,1245,101,Mumbai,2026-02-11,1,250000.0,0.35,162500.0
5932,1743,103,Hyderabad,2025-07-11,5,1300.0,0.2,5200.0
5933,1301,104,Mumbai,2026-01-28,2,8000.0,0.2,12800.0
5934,1399,104,Bangalore,2025-06-01,1,8000.0,0.3,5600.0
5935,1233,101,Bangalore,2025-10-26,4,250000.0,0.1,900000.0
5936,1168,102,Mumbai,2025-07-08,2,70000.0,0.25,105000.0
5937,1619,107,Chennai,2026-01-18,4,50000.0,0.2,160000.0
5938,1182,104,Delhi,2025-06-06,3,8000.0,0.4,14400.0
5939,1632,101,Hyderabad,2025-09-16,5,250000.0,0.25,937500.0
5940,1409,107,Bangalore,2025-11-09,1,50000.0,0.35,32500.0
5941,1473,110,Delhi,2025-07-18,4,45000.0,0.15,153000.0
5942,1461,101,Delhi,2025-09-28,2,250000.0,0.05,475000.0
5943,1029,106,Chennai,2025-06-11,1,80000.0,0.4,48000.0
5944,1930,104,Mumbai,2025-12-13,5,8000.0,0.05,38000.0
5945,1094,107,Delhi,2025-09-09,5,50000.0,0.3,175000.0
5946,1888,107,Hyderabad,2025-11-27,4,50000.0,0.4,120000.0
5947,1051,107,Delhi,2025-06-09,1,50000.0,0.3,35000.0
5948,1797,108,Mumbai,2025-06-25,5,15000.0,0.25,56250.0
5949,1272,110,Bangalore,2026-11-01,1,45000.0,0.35,29250.0
5950,1198,103,Delhi,2026-01-23,2,1300.0,0.3,1820.0
5951,1671,110,Bangalore,2025-08-16,3,45000.0,0.3,94500.0
5952,1601,109,Delhi,2025-09-30,4,65000.0,0.05,247000.0
5953,1374,104,Hyderabad,2025-11-10,4,8000.0,0.2,25600.0
5954,1774,103,Delhi,2025-05-14,1,1300.0,0.05,1235.0
5955,1360,109,Delhi,2025-10-23,2,65000.0,0.15,110500.0
5956,1436,102,Hyderabad,2025-08-31,2,70000.0,0.35,91000.0
5957,1827,102,Delhi,2025-12-07,2,70000.0,0.05,133000.0
5958,1424,103,Hyderabad,2026-02-03,1,1300.0,0.2,1040.0
5959,1430,108,Delhi,2025-08-21,2,15000.0,0.05,28500.0
5960,1487,101,Hyderabad,2025-08-14,1,250000.0,0.3,175000.0
5961,1397,109,Bangalore,2025-10-24,5,65000.0,0.25,243750.0
5962,1258,107,Bangalore,2025-08-07,5,50000.0,0.25,187500.0
5963,1089,104,Bangalore,2025-08-11,4,8000.0,0.1,28800.0
5964,1099,104,Mumbai,2026-01-18,1,8000.0,0.25,6000.0
5965,1113,108,Bangalore,2025-10-22,3,15000.0,0.05,42750.0
5966,1675,102,Bangalore,2026-06-01,4,70000.0,0.4,168000.0
5967,1084,101,Delhi,2026-04-08,1,250000.0,0.2,200000.0
5968,1183,104,Chennai,2025-07-11,3,8000.0,0.15,20400.0
5969,1383,101,Delhi,2026-01-31,4,250000.0,0.15,850000.0
5970,1661,110,Chennai,2026-03-11,4,45000.0,0.4,108000.0
5971,1997,101,Delhi,2026-03-23,3,250000.0,0.25,562500.0
5972,1596,106,Bangalore,2025-04-28,2,80000.0,0.1,144000.0
5973,1696,108,Chennai,2025-08-03,3,15000.0,0.25,33750.0
5974,1161,105,Delhi,2025-09-10,5,45000.0,0.4,135000.0
5975,1813,101,Chennai,2025-07-27,1,250000.0,0.35,162500.0
5976,1811,101,Hyderabad,2025-07-09,5,250000.0,0.35,812500.0
5977,1543,103,Mumbai,2025-12-12,1,1300.0,0.1,1170.0
5978,1333,107,Delhi,2025-11-16,3,50000.0,0.1,135000.0
5979,1244,103,Mumbai,2026-03-18,1,1300.0,0.3,910.0
5980,1027,107,Mumbai,2025-07-18,4,50000.0,0.3,140000.0
5981,1359,102,Chennai,2026-03-13,2,70000.0,0.4,84000.0
5982,1134,107,Mumbai,2025-12-04,1,50000.0,0.2,40000.0
5983,1956,110,Hyderabad,2025-10-09,2,45000.0,0.2,72000.0
5984,1929,105,Chennai,2026-03-04,4,45000.0,0.35,117000.0
5985,1541,110,Delhi,2026-02-18,5,45000.0,0.15,191250.0
5986,1307,108,Bangalore,2026-05-03,5,15000.0,0.4,45000.0
5987,1834,107,Mumbai,2025-07-08,3,50000.0,0.3,105000.0
5988,1879,109,Hyderabad,2026-10-01,5,65000.0,0.35,211250.0
5989,1128,103,Chennai,2026-01-24,4,1300.0,0.05,4940.0
5990,1702,104,Hyderabad,2025-11-14,2,8000.0,0.05,15200.0
5991,1596,104,Bangalore,2025-04-17,4,8000.0,0.3,22400.0
5992,1512,101,Delhi,2026-01-28,1,250000.0,0.4,150000.0
5993,1922,107,Bangalore,2025-05-31,2,50000.0,0.25,75000.0
5994,1679,106,Mumbai,2025-04-24,5,80000.0,0.4,240000.0
5995,1188,108,Hyderabad,2025-12-01,4,15000.0,0.3,42000.0
5996,1631,105,Delhi,2025-08-01,1,45000.0,0.05,42750.0
5997,1265,106,Chennai,2025-04-27,4,80000.0,0.15,272000.0
5998,1238,104,Delhi,2025-11-26,1,8000.0,0.4,4800.0
5999,1495,110,Mumbai,2025-12-12,3,45000.0,0.25,101250.0
6000,1899,103,Hyderabad,2025-11-15,5,1300.0,0.05,6175.0
6001,1440,101,Delhi,2025-11-16,2,250000.0,0.35,325000.0
6002,1558,102,Bangalore,2025-04-28,3,70000.0,0.05,199500.0
6003,1503,107,Chennai,2025-04-25,3,50000.0,0.05,142500.0
6004,1218,102,Hyderabad,2025-07-30,4,70000.0,0.3,196000.0
6005,1256,101,Bangalore,2026-02-11,1,250000.0,0.35,162500.0
6006,1914,106,Chennai,2025-06-06,1,80000.0,0.4,48000.0
6007,1853,107,Delhi,2025-10-22,3,50000.0,0.3,105000.0
6008,1842,105,Mumbai,2025-09-14,2,45000.0,0.15,76500.0
6009,1719,106,Chennai,2025-08-21,3,80000.0,0.1,216000.0
6010,1942,107,Chennai,2025-10-25,3,50000.0,0.3,105000.0
6011,1074,103,Chennai,2026-02-24,1,1300.0,0.05,1235.0
6012,1066,103,Hyderabad,2025-05-21,3,1300.0,0.2,3120.0
6013,1435,107,Hyderabad,2026-01-01,1,50000.0,0.15,42500.0
6014,1908,110,Hyderabad,2025-04-29,2,45000.0,0.25,67500.0
6015,1174,106,Hyderabad,2025-05-31,3,80000.0,0.35,156000.0
6016,1611,103,Delhi,2025-12-03,4,1300.0,0.4,3120.0
6017,1820,105,Chennai,2025-11-27,2,45000.0,0.35,58500.0
6019,1711,109,Mumbai,2025-09-26,4,65000.0,0.3,182000.0
6020,1858,104,Delhi,2025-09-08,4,8000.0,0.2,25600.0
6021,1950,106,Chennai,2025-09-24,2,80000.0,0.35,104000.0
6022,1599,103,Hyderabad,2025-08-09,5,1300.0,0.25,4875.0
6023,1470,108,Chennai,2025-08-14,5,15000.0,0.1,67500.0
6024,1821,108,Hyderabad,2025-11-04,4,15000.0,0.25,45000.0
6025,1649,102,Delhi,2026-01-03,3,70000.0,0.05,199500.0
6026,1816,103,Mumbai,2025-07-05,3,1300.0,0.35,2535.0
6027,1007,102,Hyderabad,2025-11-29,2,70000.0,0.35,91000.0
6028,1216,107,Mumbai,2025-06-26,4,50000.0,0.25,150000.0
6029,1670,106,Mumbai,2025-10-04,5,80000.0,0.4,240000.0
6030,1128,102,Chennai,2025-05-01,4,70000.0,0.15,238000.0
6031,1791,105,Bangalore,2026-08-03,4,45000.0,0.15,153000.0
6032,1546,106,Hyderabad,2025-11-21,1,80000.0,0.35,52000.0
6033,1250,104,Delhi,2025-06-25,3,8000.0,0.35,15600.0
6034,1616,103,Mumbai,2025-12-19,2,1300.0,0.4,1560.0
6035,1232,106,Delhi,2026-03-04,4,80000.0,0.4,192000.0
6036,1149,110,Hyderabad,2026-03-27,3,45000.0,0.3,94500.0
6037,1426,108,Bangalore,2025-07-01,3,15000.0,0.1,40500.0
6038,1828,104,Bangalore,2026-03-13,1,8000.0,0.3,5600.0
6039,1776,105,Chennai,2025-05-18,4,45000.0,0.3,126000.0
6040,1888,104,Hyderabad,2025-10-13,1,8000.0,0.1,7200.0
6041,1544,110,Bangalore,2025-06-01,5,45000.0,0.25,168750.0
6042,1562,104,Chennai,2025-05-27,5,8000.0,0.25,30000.0
6043,1724,106,Hyderabad,2025-12-18,4,80000.0,0.4,192000.0
6044,1152,110,Bangalore,2025-10-26,4,45000.0,0.2,144000.0
6045,1392,107,Chennai,2025-12-01,5,50000.0,0.3,175000.0
6046,1321,102,Hyderabad,2025-10-25,4,70000.0,0.3,196000.0
6047,1985,108,Bangalore,2025-05-03,2,15000.0,0.4,18000.0
6048,1857,104,Mumbai,2025-07-19,2,8000.0,0.05,15200.0
6049,1228,101,Hyderabad,2025-03-08,2,250000.0,0.35,325000.0
6050,1294,101,Hyderabad,2026-04-02,1,250000.0,0.35,162500.0
6051,1528,110,Hyderabad,2025-10-03,4,45000.0,0.15,153000.0
6052,1249,107,Chennai,2026-02-01,3,50000.0,0.25,112500.0
6053,1250,107,Delhi,2026-04-01,5,50000.0,0.35,162500.0
6054,1765,110,Mumbai,2025-05-24,3,45000.0,0.1,121500.0
6055,1237,109,Delhi,2025-08-23,4,65000.0,0.05,247000.0
6056,1615,110,Bangalore,2025-06-10,3,45000.0,0.4,81000.0
6057,1741,105,Hyderabad,2025-11-20,2,45000.0,0.2,72000.0
6058,1402,104,Hyderabad,2025-05-17,3,8000.0,0.35,15600.0
6059,1185,105,Hyderabad,2025-06-24,2,45000.0,0.15,76500.0
6060,1028,108,Hyderabad,2026-03-04,2,15000.0,0.25,22500.0
6061,1911,104,Delhi,2026-02-26,3,8000.0,0.1,21600.0
6062,1728,106,Chennai,2025-07-09,4,80000.0,0.4,192000.0
6063,1805,108,Chennai,2025-08-11,2,15000.0,0.15,25500.0
6064,1003,109,Bangalore,2026-03-30,4,65000.0,0.25,195000.0
6065,1276,105,Mumbai,2025-04-24,4,45000.0,0.3,126000.0
6066,1165,105,Delhi,2026-01-17,3,45000.0,0.4,81000.0
6067,1852,103,Delhi,2026-01-06,3,1300.0,0.05,3705.0
6068,1211,103,Chennai,2025-07-10,1,1300.0,0.1,1170.0
6069,1500,102,Mumbai,2025-12-01,5,70000.0,0.35,227500.0
6070,1710,102,Chennai,2025-12-17,2,70000.0,0.05,133000.0
6071,1675,110,Bangalore,2025-04-08,1,45000.0,0.15,38250.0
6072,1494,103,Chennai,2025-06-04,5,1300.0,0.2,5200.0
6073,1288,110,Hyderabad,2025-05-25,2,45000.0,0.4,54000.0
6074,1512,107,Delhi,2026-02-03,3,50000.0,0.15,127500.0
6075,1873,109,Delhi,2025-07-24,2,65000.0,0.3,91000.0
6076,1706,110,Delhi,2026-01-13,5,45000.0,0.15,191250.0
6077,1675,106,Bangalore,2025-08-15,4,80000.0,0.35,208000.0
6078,1722,104,Bangalore,2025-08-30,4,8000.0,0.2,25600.0
6079,1699,109,Hyderabad,2025-07-07,5,65000.0,0.1,292500.0
6080,1198,110,Delhi,2025-09-12,1,45000.0,0.2,36000.0
6081,1371,103,Chennai,2025-11-10,2,1300.0,0.05,2470.0
6082,1342,101,Hyderabad,2026-04-02,2,250000.0,0.2,400000.0
6083,1897,105,Delhi,2025-07-16,1,45000.0,0.4,27000.0
6084,1172,106,Delhi,2025-08-25,2,80000.0,0.2,128000.0
6085,1495,110,Mumbai,2025-07-12,1,45000.0,0.1,40500.0
6086,1473,104,Delhi,2025-12-17,5,8000.0,0.3,28000.0
6087,1285,107,Mumbai,2025-07-08,3,50000.0,0.15,127500.0
6088,1909,104,Delhi,2026-01-20,5,8000.0,0.05,38000.0
6089,1446,104,Bangalore,2025-05-22,3,8000.0,0.05,22800.0
6090,1025,109,Mumbai,2025-05-09,1,65000.0,0.4,39000.0
6091,1530,103,Hyderabad,2026-10-01,3,1300.0,0.05,3705.0
6092,1170,107,Bangalore,2025-11-03,3,50000.0,0.1,135000.0
6093,1140,102,Chennai,2025-10-19,4,70000.0,0.4,168000.0
6094,1619,107,Chennai,2026-02-21,4,50000.0,0.05,190000.0
6095,1375,109,Bangalore,2025-11-17,4,65000.0,0.3,182000.0
6096,1642,105,Delhi,2026-02-01,1,45000.0,0.35,29250.0
6097,1154,106,Chennai,2025-12-20,3,80000.0,0.4,144000.0
6098,1376,105,Delhi,2025-09-05,1,45000.0,0.15,38250.0
6099,1552,103,Chennai,2025-11-16,5,1300.0,0.1,5850.0
6100,1693,103,Mumbai,2025-09-18,1,1300.0,0.15,1105.0
6101,1266,103,Mumbai,2025-08-03,5,1300.0,0.3,4550.0
6102,1624,105,Chennai,2025-10-18,5,45000.0,0.35,146250.0
6103,1594,102,Mumbai,2025-05-30,1,70000.0,0.2,56000.0
6104,1321,109,Hyderabad,2025-05-15,2,65000.0,0.05,123500.0
6105,1398,105,Bangalore,2026-03-13,4,45000.0,0.4,108000.0
6106,1288,101,Hyderabad,2025-06-23,4,250000.0,0.05,950000.0
6107,1308,105,Hyderabad,2025-12-25,1,45000.0,0.1,40500.0
6108,1056,110,Hyderabad,2026-03-17,5,45000.0,0.3,157500.0
6109,1096,105,Mumbai,2025-11-26,3,45000.0,0.1,121500.0
6110,1086,101,Delhi,2025-10-19,1,250000.0,0.35,162500.0
6111,1599,107,Hyderabad,2025-07-25,4,50000.0,0.3,140000.0
6112,1563,108,Hyderabad,2025-10-03,3,15000.0,0.35,29250.0
6113,1778,110,Hyderabad,2025-06-28,5,45000.0,0.25,168750.0
6114,1153,105,Mumbai,2025-08-28,4,45000.0,0.15,153000.0
6115,1957,104,Bangalore,2025-11-17,2,8000.0,0.2,12800.0
6116,1299,105,Chennai,2026-02-23,2,45000.0,0.35,58500.0
6117,1092,102,Chennai,2025-12-12,2,70000.0,0.1,126000.0
6118,1551,102,Bangalore,2025-10-26,5,70000.0,0.15,297500.0
6119,1557,109,Mumbai,2025-11-01,5,65000.0,0.3,227500.0
6120,1494,110,Chennai,2025-08-12,1,45000.0,0.2,36000.0
6121,1775,104,Mumbai,2026-03-30,1,8000.0,0.15,6800.0
6122,1515,107,Bangalore,2026-02-07,2,50000.0,0.4,60000.0
6123,1090,106,Chennai,2025-04-27,3,80000.0,0.4,144000.0
6124,1832,104,Hyderabad,2026-02-17,1,8000.0,0.15,6800.0
6125,1297,102,Chennai,2026-03-22,5,70000.0,0.3,245000.0
6126,1650,103,Delhi,2026-03-03,5,1300.0,0.05,6175.0
6127,1005,107,Delhi,2026-03-25,4,50000.0,0.25,150000.0
6128,1821,108,Hyderabad,2026-04-11,4,15000.0,0.4,36000.0
6129,2000,102,Chennai,2025-10-07,2,70000.0,0.3,98000.0
6130,1543,102,Mumbai,2026-02-20,3,70000.0,0.1,189000.0
6131,1894,105,Delhi,2026-01-24,1,45000.0,0.1,40500.0
6132,1850,105,Bangalore,2025-10-27,3,45000.0,0.25,101250.0
6133,1667,104,Delhi,2026-02-21,4,8000.0,0.3,22400.0
6134,1763,107,Hyderabad,2025-07-10,4,50000.0,0.2,160000.0
6135,1129,104,Hyderabad,2025-05-29,2,8000.0,0.2,12800.0
6136,1192,105,Delhi,2026-02-17,4,45000.0,0.1,162000.0
6137,1830,106,Bangalore,2025-06-01,4,80000.0,0.25,240000.0
6138,1726,107,Hyderabad,2026-03-02,2,50000.0,0.25,75000.0
6139,1582,101,Delhi,2026-02-07,5,250000.0,0.1,1125000.0
6140,1022,102,Mumbai,2025-11-13,1,70000.0,0.1,63000.0
6141,1788,110,Chennai,2026-02-06,3,45000.0,0.4,81000.0
6142,1389,106,Delhi,2026-02-19,5,80000.0,0.25,300000.0
6143,1630,107,Hyderabad,2025-05-10,4,50000.0,0.2,160000.0
6144,1331,106,Bangalore,2025-07-06,5,80000.0,0.2,320000.0
6145,1120,106,Mumbai,2025-04-23,5,80000.0,0.4,240000.0
6146,1153,105,Mumbai,2026-05-01,2,45000.0,0.3,62999.99999999999
6147,1741,106,Hyderabad,2025-05-23,3,80000.0,0.1,216000.0
6148,1386,110,Mumbai,2025-09-21,3,45000.0,0.15,114750.0
6149,1791,108,Bangalore,2025-06-25,4,15000.0,0.25,45000.0
6150,1181,105,Mumbai,2025-08-22,4,45000.0,0.1,162000.0
6151,1524,101,Chennai,2025-05-28,5,250000.0,0.25,937500.0
6152,1312,103,Mumbai,2025-06-12,2,1300.0,0.3,1820.0
6153,1955,101,Hyderabad,2025-04-18,1,250000.0,0.05,237500.0
6154,1316,104,Bangalore,2025-10-23,2,8000.0,0.15,13600.0
6155,1793,105,Mumbai,2025-05-06,1,45000.0,0.3,31500.0
6156,1422,101,Bangalore,2025-10-24,2,250000.0,0.25,375000.0
6157,1796,101,Chennai,2025-08-29,4,250000.0,0.2,800000.0
6158,1737,109,Mumbai,2025-04-19,4,65000.0,0.05,247000.0
6159,1636,108,Hyderabad,2025-12-25,5,15000.0,0.1,67500.0
6160,1719,102,Chennai,2025-05-24,2,70000.0,0.15,119000.0
6161,1094,110,Delhi,2025-08-27,1,45000.0,0.3,31500.0
6162,1284,110,Delhi,2025-05-27,1,45000.0,0.35,29250.0
6163,1899,103,Hyderabad,2025-05-06,4,1300.0,0.4,3120.0
6164,1914,104,Chennai,2025-07-30,1,8000.0,0.2,6400.0
6165,1507,101,Mumbai,2025-11-22,4,250000.0,0.3,700000.0
6166,1037,104,Mumbai,2026-02-25,1,8000.0,0.4,4800.0
6167,1282,109,Delhi,2026-03-16,2,65000.0,0.35,84500.0
6168,1554,106,Mumbai,2025-05-16,3,80000.0,0.15,204000.0
6169,1662,105,Mumbai,2026-02-23,1,45000.0,0.05,42750.0
6171,1443,107,Bangalore,2025-09-08,4,50000.0,0.05,190000.0
6172,1363,107,Mumbai,2025-01-11,4,50000.0,0.3,140000.0
6173,1952,105,Chennai,2026-03-20,4,45000.0,0.25,135000.0
6174,1154,101,Chennai,2025-12-30,1,250000.0,0.2,200000.0
6175,1867,103,Chennai,2025-05-31,3,1300.0,0.35,2535.0
6176,1243,107,Chennai,2025-11-14,3,50000.0,0.05,142500.0
6177,1424,106,Hyderabad,2025-07-14,3,80000.0,0.2,192000.0
6178,1066,101,Hyderabad,2025-06-19,4,250000.0,0.2,800000.0
6179,1858,108,Delhi,2025-09-23,4,15000.0,0.2,48000.0
6180,1237,109,Delhi,2026-03-23,2,65000.0,0.35,84500.0
6181,1982,104,Chennai,2025-07-10,2,8000.0,0.05,15200.0
6182,1005,104,Delhi,2025-12-07,4,8000.0,0.4,19200.0
6183,1719,104,Chennai,2025-11-18,5,8000.0,0.15,34000.0
6184,1867,108,Chennai,2026-02-03,3,15000.0,0.3,31500.0
6185,1644,107,Delhi,2025-05-02,5,50000.0,0.2,200000.0
6186,1244,105,Mumbai,2025-08-13,1,45000.0,0.1,40500.0
6187,1431,102,Chennai,2026-01-29,3,70000.0,0.3,147000.0
6188,1293,102,Hyderabad,2025-06-18,1,70000.0,0.25,52500.0
6189,1888,102,Hyderabad,2025-06-29,1,70000.0,0.4,42000.0
6190,1340,102,Delhi,2025-09-11,5,70000.0,0.35,227500.0
6191,1719,107,Chennai,2025-08-23,5,50000.0,0.2,200000.0
6192,1844,109,Bangalore,2025-12-27,4,65000.0,0.25,195000.0
6193,1498,106,Delhi,2026-01-10,4,80000.0,0.4,192000.0
6195,1621,103,Bangalore,2025-05-07,1,1300.0,0.05,1235.0
6196,1181,107,Mumbai,2025-11-03,2,50000.0,0.4,60000.0
6197,1249,109,Chennai,2025-09-12,5,65000.0,0.05,308750.0
6198,1271,101,Mumbai,2025-06-24,2,250000.0,0.25,375000.0
6199,1496,104,Bangalore,2025-03-06,4,8000.0,0.15,27200.0
6200,1559,107,Delhi,2025-08-06,3,50000.0,0.05,142500.0
6201,1239,103,Mumbai,2025-11-10,1,1300.0,0.05,1235.0
6202,1070,107,Delhi,2025-05-19,3,50000.0,0.05,142500.0
6203,1054,107,Mumbai,2025-05-07,2,50000.0,0.1,90000.0
6204,1620,109,Bangalore,2025-05-06,3,65000.0,0.15,165750.0
6205,1445,104,Chennai,2025-12-11,3,8000.0,0.3,16800.0
6206,1264,102,Delhi,2025-10-22,2,70000.0,0.15,119000.0
6207,1265,106,Chennai,2025-10-31,5,80000.0,0.05,380000.0
6208,1351,101,Hyderabad,2025-09-08,2,250000.0,0.3,350000.0
6209,1154,103,Chennai,2025-11-22,4,1300.0,0.3,3640.0
6210,1929,103,Chennai,2025-05-31,2,1300.0,0.25,1950.0
6211,1782,108,Bangalore,2025-06-04,4,15000.0,0.3,42000.0
6212,1461,104,Delhi,2025-06-12,1,8000.0,0.2,6400.0
6213,1714,109,Delhi,2025-06-10,4,65000.0,0.35,169000.0
6214,1261,104,Hyderabad,2025-05-11,1,8000.0,0.4,4800.0
6215,1532,104,Delhi,2025-08-21,4,8000.0,0.35,20800.0
6216,1426,110,Bangalore,2025-11-12,4,45000.0,0.25,135000.0
6217,1810,108,Chennai,2025-05-12,4,15000.0,0.35,39000.0
6218,1334,102,Delhi,2026-01-05,5,70000.0,0.35,227500.0
6219,1526,108,Bangalore,2025-11-09,3,15000.0,0.15,38250.0
6220,1151,108,Mumbai,2026-03-29,2,15000.0,0.35,19500.0
6221,1296,108,Mumbai,2025-09-12,1,15000.0,0.05,14250.0
6222,1994,102,Hyderabad,2025-08-14,1,70000.0,0.15,59500.0
6223,1026,106,Delhi,2026-04-15,1,80000.0,0.35,52000.0
6224,1862,102,Hyderabad,2025-09-27,5,70000.0,0.2,280000.0
6225,1288,105,Hyderabad,2026-01-04,1,45000.0,0.3,31500.0
6226,1882,109,Mumbai,2026-01-08,1,65000.0,0.05,61750.0
6227,1244,109,Mumbai,2025-05-20,5,65000.0,0.3,227500.0
6228,1627,109,Delhi,2025-07-08,1,65000.0,0.35,42250.0
6229,1141,105,Delhi,2025-12-31,4,45000.0,0.2,144000.0
6230,1188,108,Hyderabad,2025-05-28,4,15000.0,0.2,48000.0
6231,1473,102,Delhi,2025-04-22,3,70000.0,0.2,168000.0
6232,1589,103,Mumbai,2026-08-03,2,1300.0,0.3,1820.0
6233,1769,102,Delhi,2025-07-22,2,70000.0,0.1,126000.0
6234,1890,105,Chennai,2025-10-29,4,45000.0,0.35,117000.0
6235,1511,102,Hyderabad,2025-04-20,4,70000.0,0.1,252000.0
6236,1753,101,Chennai,2025-09-12,5,250000.0,0.2,1000000.0
6237,1026,102,Delhi,2025-06-12,4,70000.0,0.25,210000.0
6238,1727,107,Mumbai,2025-07-02,2,50000.0,0.35,65000.0
6239,1226,107,Hyderabad,2025-10-05,1,50000.0,0.1,45000.0
6240,1689,108,Mumbai,2026-03-18,5,15000.0,0.05,71250.0
6241,1924,105,Delhi,2025-11-20,4,45000.0,0.3,126000.0
6242,1179,105,Chennai,2025-06-18,5,45000.0,0.4,135000.0
6243,1117,103,Bangalore,2025-10-31,5,1300.0,0.25,4875.0
6244,1621,101,Bangalore,2025-05-06,3,250000.0,0.2,600000.0
6245,1838,102,Mumbai,2025-06-27,2,70000.0,0.15,119000.0
6246,1314,110,Delhi,2025-05-23,4,45000.0,0.1,162000.0
6247,1899,106,Hyderabad,2026-01-27,5,80000.0,0.3,280000.0
6248,1956,104,Hyderabad,2026-01-23,3,8000.0,0.3,16800.0
6249,1988,105,Chennai,2025-12-27,3,45000.0,0.2,108000.0
6250,1388,103,Hyderabad,2025-08-21,1,1300.0,0.4,780.0
6251,1712,110,Chennai,2026-04-07,5,45000.0,0.4,135000.0
6252,1717,108,Hyderabad,2025-05-24,3,15000.0,0.15,38250.0
6253,1985,104,Bangalore,2025-04-22,1,8000.0,0.2,6400.0
6254,1101,102,Delhi,2025-06-09,4,70000.0,0.05,266000.0
6255,1058,102,Bangalore,2025-10-08,1,70000.0,0.1,63000.0
6256,1083,104,Delhi,2025-12-13,4,8000.0,0.25,24000.0
6257,1899,108,Hyderabad,2026-01-15,4,15000.0,0.2,48000.0
6258,1090,110,Chennai,2026-02-23,4,45000.0,0.1,162000.0
6260,1736,103,Mumbai,2025-06-04,4,1300.0,0.25,3900.0
6261,1122,104,Delhi,2026-03-06,2,8000.0,0.25,12000.0
6262,1579,105,Hyderabad,2025-12-02,3,45000.0,0.15,114750.0
6263,1459,103,Delhi,2025-06-28,4,1300.0,0.25,3900.0
6264,1365,107,Delhi,2025-11-13,3,50000.0,0.4,90000.0
6265,1252,101,Bangalore,2025-04-16,3,250000.0,0.25,562500.0
6266,1283,104,Hyderabad,2025-05-21,2,8000.0,0.3,11200.0
6267,1274,102,Mumbai,2025-12-07,2,70000.0,0.2,112000.0
6268,1204,104,Mumbai,2025-09-25,1,8000.0,0.35,5200.0
6269,1312,109,Mumbai,2025-08-12,4,65000.0,0.05,247000.0
6270,1433,108,Bangalore,2025-10-11,4,15000.0,0.2,48000.0
6271,1274,108,Mumbai,2025-11-09,1,15000.0,0.2,12000.0
6272,1348,108,Delhi,2025-05-02,3,15000.0,0.25,33750.0
6273,1573,108,Delhi,2026-03-16,3,15000.0,0.2,36000.0
6274,1138,104,Hyderabad,2025-06-22,2,8000.0,0.4,9600.0
6275,1607,110,Mumbai,2025-12-18,2,45000.0,0.15,76500.0
6276,1449,105,Delhi,2026-01-08,3,45000.0,0.25,101250.0
6277,1671,105,Bangalore,2026-03-01,1,45000.0,0.15,38250.0
6278,1555,108,Delhi,2025-11-09,1,15000.0,0.25,11250.0
6279,1407,107,Bangalore,2025-10-19,5,50000.0,0.35,162500.0
6280,1077,104,Mumbai,2025-11-06,1,8000.0,0.15,6800.0
6281,1650,101,Delhi,2025-10-01,2,250000.0,0.2,400000.0
6282,1301,107,Mumbai,2025-11-27,2,50000.0,0.15,85000.0
6283,1761,110,Chennai,2025-11-13,5,45000.0,0.35,146250.0
6284,1216,102,Mumbai,2025-10-12,5,70000.0,0.15,297500.0
6285,1944,105,Chennai,2025-09-09,5,45000.0,0.25,168750.0
6286,1037,108,Mumbai,2025-09-18,4,15000.0,0.05,57000.0
6287,1737,109,Mumbai,2025-07-08,1,65000.0,0.2,52000.0
6288,1385,107,Hyderabad,2026-10-03,4,50000.0,0.35,130000.0
6289,1602,108,Hyderabad,2026-01-26,1,15000.0,0.35,9750.0
6290,1406,109,Delhi,2025-04-23,1,65000.0,0.3,45500.0
6291,1410,101,Chennai,2026-01-02,1,250000.0,0.4,150000.0
6292,1603,104,Hyderabad,2025-10-27,1,8000.0,0.2,6400.0
6293,1551,107,Bangalore,2025-12-17,3,50000.0,0.3,105000.0
6294,1480,107,Hyderabad,2026-12-03,4,50000.0,0.4,120000.0
6295,1810,106,Chennai,2025-09-16,2,80000.0,0.4,96000.0
6296,1186,107,Delhi,2026-03-26,3,50000.0,0.3,105000.0
6297,1795,103,Chennai,2025-10-01,5,1300.0,0.05,6175.0
6298,1933,110,Chennai,2026-01-05,5,45000.0,0.4,135000.0
6299,1068,103,Hyderabad,2026-02-11,1,1300.0,0.4,780.0
6300,1153,103,Mumbai,2025-09-16,4,1300.0,0.4,3120.0
6301,1919,104,Delhi,2025-10-09,4,8000.0,0.4,19200.0
6302,1157,110,Chennai,2025-09-15,1,45000.0,0.25,33750.0
6303,1411,106,Mumbai,2026-03-22,1,80000.0,0.15,68000.0
6304,1344,108,Mumbai,2026-05-03,2,15000.0,0.05,28500.0
6305,1989,104,Bangalore,2025-03-12,1,8000.0,0.4,4800.0
6306,1730,107,Delhi,2025-07-30,1,50000.0,0.2,40000.0
6307,1278,103,Chennai,2025-10-06,4,1300.0,0.3,3640.0
6308,1116,101,Delhi,2025-08-18,2,250000.0,0.3,350000.0
6309,1247,107,Chennai,2026-03-21,2,50000.0,0.3,70000.0
6310,1222,110,Delhi,2025-09-08,3,45000.0,0.4,81000.0
6311,1092,103,Chennai,2025-09-20,1,1300.0,0.35,845.0
6312,1041,107,Chennai,2025-11-27,3,50000.0,0.15,127500.0
6313,1916,102,Chennai,2025-11-27,4,70000.0,0.3,196000.0
6314,1242,109,Mumbai,2025-11-06,3,65000.0,0.3,136500.0
6315,1170,107,Bangalore,2025-08-15,4,50000.0,0.3,140000.0
6316,1352,106,Chennai,2026-01-25,3,80000.0,0.05,228000.0
6317,1945,102,Mumbai,2025-07-30,4,70000.0,0.25,210000.0
6318,1978,107,Mumbai,2026-02-14,1,50000.0,0.15,42500.0
6319,1552,106,Chennai,2026-03-19,1,80000.0,0.35,52000.0
6320,1554,108,Mumbai,2025-11-18,1,15000.0,0.2,12000.0
6321,1104,106,Hyderabad,2025-06-16,2,80000.0,0.3,112000.0
6322,1861,104,Bangalore,2025-12-28,2,8000.0,0.2,12800.0
6323,1650,102,Delhi,2025-05-11,2,70000.0,0.4,84000.0
6324,1628,109,Hyderabad,2026-08-04,5,65000.0,0.25,243750.0
6325,1770,101,Chennai,2025-09-23,5,250000.0,0.2,1000000.0
6326,1299,104,Chennai,2025-07-28,1,8000.0,0.25,6000.0
6327,1646,110,Delhi,2025-09-01,5,45000.0,0.15,191250.0
6328,1900,109,Delhi,2025-07-09,1,65000.0,0.25,48750.0
6329,1746,105,Chennai,2025-07-02,3,45000.0,0.25,101250.0
6330,1195,106,Bangalore,2025-12-30,4,80000.0,0.15,272000.0
6331,1862,105,Hyderabad,2026-02-28,5,45000.0,0.1,202500.0
6332,1977,109,Hyderabad,2025-11-23,2,65000.0,0.1,117000.0
6333,1226,106,Hyderabad,2026-07-03,1,80000.0,0.25,60000.0
6334,1259,110,Mumbai,2025-09-04,3,45000.0,0.25,101250.0
6335,1431,108,Chennai,2025-08-21,4,15000.0,0.4,36000.0
6336,1615,109,Bangalore,2026-02-27,5,65000.0,0.05,308750.0
6337,1636,107,Hyderabad,2026-03-26,3,50000.0,0.4,90000.0
6338,1709,102,Bangalore,2025-09-30,1,70000.0,0.35,45500.0
6339,1494,106,Chennai,2025-08-19,2,80000.0,0.25,120000.0
6340,1411,102,Mumbai,2026-03-14,1,70000.0,0.35,45500.0
6341,1677,110,Delhi,2025-06-25,2,45000.0,0.3,62999.99999999999
6342,1062,102,Bangalore,2025-04-18,4,70000.0,0.25,210000.0
6343,1158,106,Chennai,2025-07-18,3,80000.0,0.25,180000.0
6344,1485,103,Mumbai,2026-05-01,5,1300.0,0.4,3900.0
6345,1199,101,Hyderabad,2025-11-28,3,250000.0,0.15,637500.0
6346,1462,110,Delhi,2025-12-13,3,45000.0,0.35,87750.0
6347,1571,102,Mumbai,2025-07-18,3,70000.0,0.4,126000.0
6348,1624,107,Chennai,2025-12-15,4,50000.0,0.35,130000.0
6349,1119,106,Hyderabad,2025-09-09,5,80000.0,0.15,340000.0
6350,1623,102,Mumbai,2025-06-18,3,70000.0,0.15,178500.0
6351,1590,105,Hyderabad,2025-06-25,4,45000.0,0.2,144000.0
6352,1048,101,Delhi,2026-01-04,1,250000.0,0.3,175000.0
6353,1120,108,Mumbai,2026-02-15,2,15000.0,0.4,18000.0
6354,1652,109,Mumbai,2025-11-23,3,65000.0,0.4,117000.0
6355,1092,107,Chennai,2025-07-25,2,50000.0,0.35,65000.0
6356,1131,105,Chennai,2025-10-02,1,45000.0,0.15,38250.0
6357,1871,108,Hyderabad,2025-10-04,4,15000.0,0.1,54000.0
6358,1793,103,Mumbai,2026-03-13,3,1300.0,0.3,2730.0
6359,1514,106,Chennai,2026-01-20,5,80000.0,0.3,280000.0
6360,1533,103,Mumbai,2025-10-12,5,1300.0,0.25,4875.0
6361,1751,101,Hyderabad,2026-02-08,5,250000.0,0.4,750000.0
6362,1564,106,Mumbai,2025-11-13,5,80000.0,0.2,320000.0
6363,1775,109,Mumbai,2025-08-05,4,65000.0,0.25,195000.0
6364,1433,104,Bangalore,2026-01-21,5,8000.0,0.35,26000.0
6365,1134,105,Mumbai,2025-09-15,1,45000.0,0.2,36000.0
6366,1973,106,Bangalore,2026-01-26,3,80000.0,0.05,228000.0
6367,1874,105,Delhi,2025-09-03,2,45000.0,0.1,81000.0
6368,1821,108,Hyderabad,2026-02-06,1,15000.0,0.4,9000.0
6369,1399,105,Bangalore,2026-03-08,3,45000.0,0.25,101250.0
6370,1223,107,Mumbai,2025-09-22,5,50000.0,0.15,212500.0
6371,1311,109,Hyderabad,2026-01-11,5,65000.0,0.25,243750.0
6372,1665,110,Bangalore,2026-01-31,5,45000.0,0.3,157500.0
6373,1968,101,Hyderabad,2025-09-14,1,250000.0,0.3,175000.0
6374,1032,110,Hyderabad,2025-06-18,2,45000.0,0.35,58500.0
6375,1751,109,Hyderabad,2026-02-22,3,65000.0,0.3,136500.0
6376,1025,101,Mumbai,2025-06-14,3,250000.0,0.25,562500.0
6377,1661,106,Chennai,2025-08-09,2,80000.0,0.25,120000.0
6378,1592,102,Chennai,2025-08-31,5,70000.0,0.1,315000.0
6379,1897,108,Delhi,2025-12-28,5,15000.0,0.05,71250.0
6380,1157,106,Chennai,2025-04-21,2,80000.0,0.1,144000.0
6381,1171,107,Bangalore,2026-01-30,5,50000.0,0.25,187500.0
6382,1333,108,Delhi,2025-04-16,5,15000.0,0.4,45000.0
6383,1599,103,Hyderabad,2025-10-30,2,1300.0,0.1,2340.0
6384,1406,105,Delhi,2025-12-04,3,45000.0,0.25,101250.0
6385,1380,110,Mumbai,2026-03-04,5,45000.0,0.3,157500.0
6386,1645,107,Chennai,2025-11-25,1,50000.0,0.3,35000.0
6387,1463,103,Delhi,2025-09-10,2,1300.0,0.3,1820.0
6388,1085,103,Delhi,2025-06-06,2,1300.0,0.4,1560.0
6389,1038,110,Hyderabad,2025-04-21,2,45000.0,0.1,81000.0
6390,1060,102,Mumbai,2025-08-06,4,70000.0,0.35,182000.0
6391,1743,109,Hyderabad,2026-03-30,5,65000.0,0.05,308750.0
6392,1376,103,Delhi,2025-08-10,3,1300.0,0.15,3315.0
6393,1831,104,Chennai,2026-01-31,3,8000.0,0.1,21600.0
6394,1845,102,Bangalore,2025-07-06,4,70000.0,0.25,210000.0
6395,1121,109,Bangalore,2025-06-03,5,65000.0,0.15,276250.0
6396,1818,104,Hyderabad,2025-08-24,3,8000.0,0.15,20400.0
6397,1283,105,Hyderabad,2026-02-21,4,45000.0,0.05,171000.0
6398,1779,104,Bangalore,2026-04-14,2,8000.0,0.1,14400.0
6399,1151,104,Mumbai,2025-04-19,4,8000.0,0.15,27200.0
6400,1404,103,Mumbai,2025-05-17,4,1300.0,0.25,3900.0
6401,1649,102,Delhi,2025-07-23,3,70000.0,0.4,126000.0
6402,1881,108,Mumbai,2025-01-05,5,15000.0,0.25,56250.0
6403,1453,102,Mumbai,2025-07-14,3,70000.0,0.1,189000.0
6404,1304,107,Hyderabad,2025-02-08,5,50000.0,0.35,162500.0
6405,1284,102,Delhi,2025-04-20,1,70000.0,0.25,52500.0
6406,1289,101,Bangalore,2026-02-18,3,250000.0,0.4,450000.0
6407,1869,106,Chennai,2026-05-02,2,80000.0,0.35,104000.0
6408,1504,109,Delhi,2026-03-31,1,65000.0,0.1,58500.0
6409,1990,109,Mumbai,2026-02-24,1,65000.0,0.35,42250.0
6410,1898,101,Chennai,2025-09-14,4,250000.0,0.2,800000.0
6411,1132,103,Chennai,2025-07-03,4,1300.0,0.4,3120.0
6412,1096,106,Mumbai,2025-04-20,5,80000.0,0.4,240000.0
6413,1015,108,Hyderabad,2026-03-03,2,15000.0,0.35,19500.0
6414,1683,107,Bangalore,2025-12-31,5,50000.0,0.35,162500.0
6415,1703,101,Bangalore,2025-10-18,2,250000.0,0.05,475000.0
6416,1387,101,Bangalore,2025-08-15,5,250000.0,0.4,750000.0
6417,1214,109,Delhi,2025-06-17,3,65000.0,0.35,126750.0
6418,1545,102,Bangalore,2026-03-15,1,70000.0,0.1,63000.0
6419,1372,101,Chennai,2025-08-18,1,250000.0,0.2,200000.0
6420,1857,107,Mumbai,2026-01-06,4,50000.0,0.25,150000.0
6421,1069,109,Bangalore,2026-02-24,1,65000.0,0.15,55250.0
6422,1585,109,Mumbai,2026-02-01,5,65000.0,0.25,243750.0
6423,1053,104,Chennai,2025-08-11,5,8000.0,0.4,24000.0
6424,1137,107,Bangalore,2025-06-25,1,50000.0,0.35,32500.0
6425,1828,110,Bangalore,2025-11-01,4,45000.0,0.2,144000.0
6426,1755,109,Hyderabad,2025-05-13,3,65000.0,0.25,146250.0
6427,1413,109,Delhi,2026-03-19,2,65000.0,0.35,84500.0
6428,1679,106,Mumbai,2026-01-01,2,80000.0,0.1,144000.0
6429,1522,109,Mumbai,2025-05-08,4,65000.0,0.05,247000.0
6430,1488,103,Bangalore,2025-12-16,2,1300.0,0.05,2470.0
6431,1477,104,Chennai,2025-04-09,2,8000.0,0.3,11200.0
6432,1916,107,Chennai,2025-05-13,3,50000.0,0.25,112500.0
6433,1559,107,Delhi,2025-10-18,1,50000.0,0.4,30000.0
6434,1147,102,Delhi,2025-09-11,4,70000.0,0.15,238000.0
6435,1981,109,Chennai,2025-01-12,2,65000.0,0.2,104000.0
6436,1634,107,Mumbai,2025-09-11,3,50000.0,0.3,105000.0
6437,1477,102,Chennai,2026-01-21,3,70000.0,0.35,136500.0
6438,1676,108,Delhi,2025-12-09,2,15000.0,0.4,18000.0
6439,1311,104,Hyderabad,2025-02-10,4,8000.0,0.2,25600.0
6440,1287,109,Mumbai,2025-06-21,1,65000.0,0.3,45500.0
6441,1208,110,Mumbai,2026-01-11,3,45000.0,0.1,121500.0
6442,1924,108,Delhi,2025-09-07,5,15000.0,0.1,67500.0
6444,1179,105,Chennai,2025-05-02,1,45000.0,0.25,33750.0
6445,1067,110,Mumbai,2025-07-26,1,45000.0,0.15,38250.0
6446,1884,108,Delhi,2026-04-05,2,15000.0,0.25,22500.0
6447,1191,107,Bangalore,2025-05-16,1,50000.0,0.3,35000.0
6448,1245,110,Mumbai,2026-03-31,5,45000.0,0.25,168750.0
6449,1024,101,Bangalore,2025-06-15,3,250000.0,0.4,450000.0
6450,1050,102,Chennai,2025-07-30,5,70000.0,0.15,297500.0
6451,1308,110,Hyderabad,2025-08-12,4,45000.0,0.35,117000.0
6452,1432,102,Hyderabad,2025-11-01,1,70000.0,0.15,59500.0
6453,1327,106,Delhi,2026-02-27,5,80000.0,0.05,380000.0
6454,1624,108,Chennai,2026-03-29,1,15000.0,0.25,11250.0
6455,1355,101,Mumbai,2025-07-03,1,250000.0,0.05,237500.0
6456,1904,109,Delhi,2025-12-12,3,65000.0,0.35,126750.0
6457,1220,107,Mumbai,2025-01-12,1,50000.0,0.1,45000.0
6458,1631,101,Delhi,2026-03-31,3,250000.0,0.1,675000.0
6459,1063,103,Delhi,2025-05-10,4,1300.0,0.25,3900.0
6460,1428,109,Bangalore,2025-09-19,5,65000.0,0.25,243750.0
6461,1988,103,Chennai,2026-01-29,1,1300.0,0.05,1235.0
6462,1577,102,Bangalore,2025-05-01,1,70000.0,0.4,42000.0
6463,1135,109,Hyderabad,2025-05-13,5,65000.0,0.3,227500.0
6464,1498,103,Delhi,2025-05-01,1,1300.0,0.3,910.0
6465,1987,107,Hyderabad,2025-11-05,3,50000.0,0.4,90000.0
6466,1931,103,Bangalore,2025-07-15,1,1300.0,0.15,1105.0
6467,1128,109,Chennai,2026-03-22,1,65000.0,0.35,42250.0
6468,1304,108,Hyderabad,2026-02-02,2,15000.0,0.25,22500.0
6469,1677,101,Delhi,2025-11-03,3,250000.0,0.2,600000.0
6470,1582,110,Delhi,2026-09-04,3,45000.0,0.35,87750.0
6471,1396,102,Hyderabad,2025-09-30,1,70000.0,0.1,63000.0
6472,1503,103,Chennai,2025-10-04,4,1300.0,0.05,4940.0
6473,1818,102,Hyderabad,2026-02-23,5,70000.0,0.1,315000.0
6474,1631,107,Delhi,2025-09-21,1,50000.0,0.2,40000.0
6475,1858,102,Delhi,2025-08-23,2,70000.0,0.3,98000.0
6476,1354,109,Bangalore,2025-06-02,2,65000.0,0.35,84500.0
6477,1133,108,Hyderabad,2025-10-21,1,15000.0,0.25,11250.0
6478,1254,106,Chennai,2026-04-03,2,80000.0,0.2,128000.0
6479,1873,108,Delhi,2026-03-01,5,15000.0,0.15,63750.0
6480,1640,105,Hyderabad,2025-12-15,2,45000.0,0.35,58500.0
6481,1565,109,Mumbai,2025-07-30,5,65000.0,0.1,292500.0
6482,1534,110,Delhi,2026-02-17,1,45000.0,0.25,33750.0
6483,1985,102,Bangalore,2025-09-09,3,70000.0,0.4,126000.0
6484,1774,104,Delhi,2025-08-13,3,8000.0,0.3,16800.0
6485,1975,107,Bangalore,2026-02-23,5,50000.0,0.15,212500.0
6486,1750,102,Chennai,2025-10-27,1,70000.0,0.25,52500.0
6487,1361,107,Bangalore,2025-08-03,4,50000.0,0.2,160000.0
6488,1588,104,Delhi,2026-03-29,3,8000.0,0.05,22800.0
6489,1512,105,Delhi,2025-08-05,2,45000.0,0.25,67500.0
6490,1689,107,Mumbai,2025-06-01,4,50000.0,0.35,130000.0
6491,1167,109,Mumbai,2026-01-18,3,65000.0,0.35,126750.0
6492,1273,104,Hyderabad,2025-08-26,1,8000.0,0.4,4800.0
6493,1395,106,Hyderabad,2026-02-17,4,80000.0,0.4,192000.0
6494,1420,108,Chennai,2025-10-22,3,15000.0,0.3,31500.0
6495,1100,105,Mumbai,2025-11-26,2,45000.0,0.15,76500.0
6496,1499,106,Hyderabad,2026-01-24,1,80000.0,0.3,56000.0
6497,1450,107,Chennai,2025-04-23,2,50000.0,0.35,65000.0
6498,1917,106,Delhi,2025-06-20,5,80000.0,0.3,280000.0
6499,1018,107,Delhi,2026-04-01,4,50000.0,0.4,120000.0
6500,1171,101,Bangalore,2025-04-18,3,250000.0,0.15,637500.0
6501,1601,101,Delhi,2025-08-23,2,250000.0,0.2,400000.0
6502,1469,106,Mumbai,2026-02-24,5,80000.0,0.4,240000.0
6503,1167,110,Mumbai,2025-07-21,2,45000.0,0.05,85500.0
6504,1767,105,Bangalore,2025-05-30,4,45000.0,0.35,117000.0
6505,1161,104,Delhi,2025-07-15,2,8000.0,0.1,14400.0
6506,1409,102,Bangalore,2025-08-17,3,70000.0,0.25,157500.0
6507,1395,103,Hyderabad,2025-10-12,1,1300.0,0.35,845.0
6508,1799,107,Bangalore,2026-11-04,1,50000.0,0.1,45000.0
6509,1407,103,Bangalore,2025-11-06,4,1300.0,0.2,4160.0
6510,1626,102,Chennai,2026-09-03,3,70000.0,0.05,199500.0
6511,1607,107,Mumbai,2025-08-07,1,50000.0,0.1,45000.0
6512,1025,106,Mumbai,2025-11-02,4,80000.0,0.15,272000.0
6513,1386,101,Mumbai,2025-06-07,1,250000.0,0.15,212500.0
6514,1060,102,Mumbai,2025-06-04,2,70000.0,0.35,91000.0
6515,1389,105,Delhi,2026-02-23,5,45000.0,0.3,157500.0
6516,1294,104,Hyderabad,2025-05-17,4,8000.0,0.4,19200.0
6517,1922,106,Bangalore,2025-12-24,4,80000.0,0.1,288000.0
6518,1467,102,Mumbai,2025-06-06,1,70000.0,0.25,52500.0
6519,1123,109,Bangalore,2025-10-10,2,65000.0,0.15,110500.0
6520,1551,108,Bangalore,2025-09-02,2,15000.0,0.4,18000.0
6521,1581,109,Delhi,2026-01-18,3,65000.0,0.2,156000.0
6522,1557,109,Mumbai,2026-01-20,4,65000.0,0.2,208000.0
6523,1319,109,Chennai,2025-11-25,2,65000.0,0.05,123500.0
6524,1966,108,Chennai,2025-04-28,4,15000.0,0.2,48000.0
6525,1899,103,Hyderabad,2025-08-07,2,1300.0,0.4,1560.0
6526,1621,101,Bangalore,2026-01-22,4,250000.0,0.2,800000.0
6527,1631,103,Delhi,2025-04-23,5,1300.0,0.05,6175.0
6528,1124,106,Chennai,2025-05-05,2,80000.0,0.1,144000.0
6529,1772,105,Mumbai,2025-12-06,3,45000.0,0.4,81000.0
6530,1663,110,Chennai,2025-11-05,1,45000.0,0.3,31500.0
6531,1306,110,Delhi,2026-01-08,1,45000.0,0.1,40500.0
6532,1148,103,Mumbai,2026-03-02,3,1300.0,0.35,2535.0
6533,1178,109,Mumbai,2026-06-01,2,65000.0,0.15,110500.0
6534,1366,105,Bangalore,2025-06-08,5,45000.0,0.3,157500.0
6535,1611,107,Delhi,2025-10-24,4,50000.0,0.1,180000.0
6536,1861,103,Bangalore,2025-12-14,3,1300.0,0.35,2535.0
6537,1752,107,Hyderabad,2026-03-24,2,50000.0,0.1,90000.0
6538,1896,106,Chennai,2025-10-31,1,80000.0,0.25,60000.0
6539,1472,107,Chennai,2025-10-24,3,50000.0,0.1,135000.0
6540,1521,104,Delhi,2026-03-22,1,8000.0,0.25,6000.0
6541,1723,102,Hyderabad,2026-03-19,5,70000.0,0.25,262500.0
6543,1992,104,Bangalore,2025-06-27,2,8000.0,0.35,10400.0
6544,1109,104,Delhi,2025-11-22,2,8000.0,0.1,14400.0
6545,1099,104,Mumbai,2026-02-02,4,8000.0,0.1,28800.0
6546,1903,102,Mumbai,2025-08-21,4,70000.0,0.1,252000.0
6547,1003,105,Bangalore,2026-04-14,2,45000.0,0.35,58500.0
6548,1877,101,Mumbai,2026-02-22,2,250000.0,0.2,400000.0
6549,1109,108,Delhi,2025-07-19,1,15000.0,0.25,11250.0
6550,1073,103,Hyderabad,2026-03-14,1,1300.0,0.3,910.0
6551,1010,104,Hyderabad,2025-07-18,2,8000.0,0.25,12000.0
6552,1273,102,Hyderabad,2025-10-19,5,70000.0,0.05,332500.0
6553,1160,108,Delhi,2025-11-30,3,15000.0,0.15,38250.0
6554,1660,110,Delhi,2025-10-12,3,45000.0,0.25,101250.0
6555,1652,104,Mumbai,2026-01-10,4,8000.0,0.1,28800.0
6556,1344,102,Mumbai,2025-11-16,1,70000.0,0.4,42000.0
6557,1853,106,Delhi,2025-06-30,1,80000.0,0.25,60000.0
6558,1565,108,Mumbai,2025-12-12,1,15000.0,0.2,12000.0
6559,1561,105,Delhi,2026-03-31,3,45000.0,0.4,81000.0
6560,1552,103,Chennai,2025-08-02,2,1300.0,0.1,2340.0
6561,1487,102,Hyderabad,2026-02-26,3,70000.0,0.2,168000.0
6562,1048,106,Delhi,2025-05-15,2,80000.0,0.05,152000.0
6563,1516,106,Hyderabad,2025-09-02,3,80000.0,0.1,216000.0
6564,1638,110,Delhi,2025-02-05,1,45000.0,0.25,33750.0
6565,1917,101,Delhi,2025-08-03,3,250000.0,0.25,562500.0
6566,1992,104,Bangalore,2026-03-11,2,8000.0,0.15,13600.0
6567,1592,110,Chennai,2025-05-23,5,45000.0,0.4,135000.0
6568,1912,107,Bangalore,2025-09-06,1,50000.0,0.4,30000.0
6569,1042,101,Delhi,2025-07-16,2,250000.0,0.15,425000.0
6570,1105,104,Hyderabad,2025-09-27,4,8000.0,0.4,19200.0
6571,1002,106,Mumbai,2026-03-03,2,80000.0,0.1,144000.0
6572,1202,104,Hyderabad,2025-08-17,3,8000.0,0.1,21600.0
6573,1399,106,Bangalore,2025-11-13,3,80000.0,0.4,144000.0
6574,1135,104,Hyderabad,2025-06-08,5,8000.0,0.2,32000.0
6575,1393,102,Mumbai,2025-12-27,1,70000.0,0.35,45500.0
6576,1278,107,Chennai,2025-12-30,2,50000.0,0.05,95000.0
6577,1916,107,Chennai,2025-06-12,4,50000.0,0.3,140000.0
6578,1087,105,Mumbai,2025-11-03,3,45000.0,0.4,81000.0
6579,1494,110,Chennai,2025-11-09,2,45000.0,0.1,81000.0
6580,1069,102,Bangalore,2026-02-04,4,70000.0,0.1,252000.0
6581,1852,105,Delhi,2026-05-01,5,45000.0,0.15,191250.0
6582,1343,102,Bangalore,2025-07-28,3,70000.0,0.25,157500.0
6583,1616,101,Mumbai,2026-03-19,2,250000.0,0.2,400000.0
6584,1002,109,Mumbai,2026-01-28,1,65000.0,0.25,48750.0
6586,1289,103,Bangalore,2026-01-23,2,1300.0,0.05,2470.0
6587,1688,108,Mumbai,2025-04-24,5,15000.0,0.15,63750.0
6588,1092,101,Chennai,2026-01-19,3,250000.0,0.1,675000.0
6589,1244,105,Mumbai,2026-03-10,2,45000.0,0.3,62999.99999999999
6590,1565,110,Mumbai,2025-09-18,2,45000.0,0.1,81000.0
6591,1198,107,Delhi,2025-05-13,5,50000.0,0.35,162500.0
6592,1001,101,Bangalore,2026-03-15,3,250000.0,0.4,450000.0
6593,1930,101,Mumbai,2026-01-13,2,250000.0,0.4,300000.0
6594,1384,105,Mumbai,2025-11-04,1,45000.0,0.2,36000.0
6595,1643,106,Chennai,2026-01-24,5,80000.0,0.15,340000.0
6596,1006,106,Mumbai,2025-04-06,2,80000.0,0.25,120000.0
6597,1307,104,Bangalore,2025-10-18,4,8000.0,0.05,30400.0
6598,1288,110,Hyderabad,2025-12-12,3,45000.0,0.4,81000.0
6599,1261,101,Hyderabad,2025-05-28,5,250000.0,0.4,750000.0
6600,1128,103,Chennai,2025-09-25,2,1300.0,0.05,2470.0
6601,1686,106,Hyderabad,2025-04-25,1,80000.0,0.2,64000.0
6602,1596,103,Bangalore,2025-05-27,2,1300.0,0.25,1950.0
6603,1583,104,Chennai,2025-12-19,2,8000.0,0.35,10400.0
6604,1896,103,Chennai,2025-12-19,5,1300.0,0.1,5850.0
6605,1574,108,Bangalore,2025-04-22,3,15000.0,0.2,36000.0
6606,1264,107,Delhi,2025-12-26,5,50000.0,0.35,162500.0
6607,1732,103,Mumbai,2025-09-30,2,1300.0,0.4,1560.0
6608,1080,110,Bangalore,2025-06-22,4,45000.0,0.35,117000.0
6609,1807,106,Delhi,2025-12-31,4,80000.0,0.15,272000.0
6610,1708,110,Chennai,2026-03-27,3,45000.0,0.4,81000.0
6611,1763,107,Hyderabad,2025-05-17,5,50000.0,0.2,200000.0
6612,1004,102,Mumbai,2025-09-28,2,70000.0,0.35,91000.0
6613,1964,102,Hyderabad,2026-02-19,2,70000.0,0.35,91000.0
6614,1633,105,Bangalore,2025-12-14,3,45000.0,0.3,94500.0
6615,1595,110,Delhi,2025-10-09,2,45000.0,0.2,72000.0
6616,1888,102,Hyderabad,2025-12-16,4,70000.0,0.25,210000.0
6617,1505,104,Mumbai,2025-08-31,3,8000.0,0.35,15600.0
6618,1327,110,Delhi,2025-08-17,4,45000.0,0.05,171000.0
6619,1578,104,Chennai,2026-01-12,1,8000.0,0.15,6800.0
6620,1683,105,Bangalore,2026-02-13,3,45000.0,0.1,121500.0
6621,1517,106,Hyderabad,2026-01-20,2,80000.0,0.3,112000.0
6622,1336,101,Hyderabad,2025-05-09,5,250000.0,0.4,750000.0
6623,1045,104,Chennai,2026-03-13,2,8000.0,0.4,9600.0
6624,1710,108,Chennai,2025-11-29,1,15000.0,0.1,13500.0
6625,1508,108,Delhi,2025-08-21,4,15000.0,0.4,36000.0
6626,1666,103,Hyderabad,2025-10-12,4,1300.0,0.05,4940.0
6627,1854,102,Delhi,2025-10-22,5,70000.0,0.1,315000.0
6628,1062,102,Bangalore,2025-04-23,1,70000.0,0.3,49000.0
6629,1561,110,Delhi,2026-02-03,3,45000.0,0.1,121500.0
6630,1400,102,Hyderabad,2025-04-12,3,70000.0,0.05,199500.0
6631,1052,107,Bangalore,2025-07-07,4,50000.0,0.25,150000.0
6632,1644,107,Delhi,2026-03-22,5,50000.0,0.2,200000.0
6633,1824,101,Hyderabad,2025-07-18,1,250000.0,0.05,237500.0
6634,1371,106,Chennai,2025-11-25,4,80000.0,0.1,288000.0
6635,1837,101,Delhi,2025-08-26,3,250000.0,0.1,675000.0
6636,1684,105,Bangalore,2026-02-26,3,45000.0,0.35,87750.0
6637,1669,102,Delhi,2025-07-06,4,70000.0,0.05,266000.0
6638,1220,104,Mumbai,2025-08-06,1,8000.0,0.1,7200.0
6639,1992,101,Bangalore,2025-08-06,3,250000.0,0.3,525000.0
6640,1171,102,Bangalore,2025-06-09,4,70000.0,0.2,224000.0
6641,1087,101,Mumbai,2025-10-07,2,250000.0,0.15,425000.0
6642,1129,104,Hyderabad,2026-11-04,2,8000.0,0.2,12800.0
6643,1863,105,Bangalore,2025-08-18,4,45000.0,0.05,171000.0
6644,1828,106,Bangalore,2025-11-08,2,80000.0,0.05,152000.0
6645,1960,101,Bangalore,2025-04-21,5,250000.0,0.25,937500.0
6646,1559,108,Delhi,2025-09-14,3,15000.0,0.35,29250.0
6647,1789,101,Chennai,2026-04-03,2,250000.0,0.15,425000.0
6648,1908,103,Hyderabad,2025-08-12,4,1300.0,0.2,4160.0
6649,1504,110,Delhi,2025-06-21,4,45000.0,0.1,162000.0
6650,1744,103,Hyderabad,2026-02-24,5,1300.0,0.3,4550.0
6651,1266,101,Mumbai,2025-09-30,3,250000.0,0.05,712500.0
6652,1889,105,Hyderabad,2026-02-03,3,45000.0,0.05,128250.0
6653,1352,106,Chennai,2026-05-04,4,80000.0,0.25,240000.0
6654,1920,109,Chennai,2025-08-20,3,65000.0,0.2,156000.0
6655,1592,110,Chennai,2025-10-21,3,45000.0,0.15,114750.0
6656,1425,108,Hyderabad,2025-06-29,3,15000.0,0.05,42750.0
6657,1710,102,Chennai,2025-12-28,5,70000.0,0.4,210000.0
6658,1684,104,Bangalore,2025-08-30,2,8000.0,0.4,9600.0
6659,1836,109,Chennai,2025-05-18,3,65000.0,0.05,185250.0
6660,1943,103,Delhi,2025-04-23,5,1300.0,0.4,3900.0
6661,1832,103,Hyderabad,2026-03-29,3,1300.0,0.35,2535.0
6662,1711,109,Mumbai,2025-05-09,4,65000.0,0.05,247000.0
6663,1232,105,Delhi,2026-01-10,4,45000.0,0.1,162000.0
6664,1004,106,Mumbai,2025-09-13,5,80000.0,0.05,380000.0
6665,1300,107,Mumbai,2025-08-24,3,50000.0,0.25,112500.0
6667,1803,104,Chennai,2025-12-26,4,8000.0,0.4,19200.0
6668,1133,105,Hyderabad,2025-09-29,5,45000.0,0.15,191250.0
6669,2000,108,Chennai,2025-12-29,2,15000.0,0.3,21000.0
6670,1656,109,Chennai,2025-04-17,5,65000.0,0.4,195000.0
6671,1697,109,Bangalore,2026-04-16,3,65000.0,0.3,136500.0
6672,1450,103,Chennai,2025-05-30,2,1300.0,0.2,2080.0
6673,1822,106,Bangalore,2025-05-18,4,80000.0,0.15,272000.0
6674,1225,102,Bangalore,2025-04-27,4,70000.0,0.05,266000.0
6675,1542,102,Mumbai,2026-02-01,4,70000.0,0.15,238000.0
6676,1565,110,Mumbai,2025-01-05,4,45000.0,0.15,153000.0
6677,1461,108,Delhi,2026-02-14,2,15000.0,0.05,28500.0
6678,1094,103,Delhi,2025-09-28,3,1300.0,0.35,2535.0
6679,1809,105,Delhi,2026-02-09,3,45000.0,0.25,101250.0
6680,1214,108,Delhi,2025-05-10,4,15000.0,0.1,54000.0
6681,1090,103,Chennai,2025-09-11,1,1300.0,0.2,1040.0
6682,1952,102,Chennai,2025-08-31,4,70000.0,0.25,210000.0
6683,1198,108,Delhi,2025-06-24,3,15000.0,0.15,38250.0
6684,1360,101,Delhi,2026-06-02,3,250000.0,0.4,450000.0
6685,1027,108,Mumbai,2026-04-05,1,15000.0,0.25,11250.0
6686,1363,101,Mumbai,2025-10-31,1,250000.0,0.4,150000.0
6687,1327,101,Delhi,2025-06-04,4,250000.0,0.4,600000.0
6688,1572,102,Hyderabad,2025-05-12,5,70000.0,0.35,227500.0
6689,1908,108,Hyderabad,2025-09-30,2,15000.0,0.2,24000.0
6690,1518,108,Hyderabad,2026-03-21,5,15000.0,0.4,45000.0
6691,1759,109,Hyderabad,2025-09-30,5,65000.0,0.35,211250.0
6692,1038,107,Hyderabad,2025-12-30,3,50000.0,0.25,112500.0
6693,1631,104,Delhi,2026-03-01,1,8000.0,0.2,6400.0
6694,1153,102,Mumbai,2025-07-28,1,70000.0,0.2,56000.0
6695,1151,107,Mumbai,2025-09-09,4,50000.0,0.4,120000.0
6696,1564,107,Mumbai,2026-03-31,3,50000.0,0.35,97500.0
6697,1263,105,Chennai,2026-04-07,4,45000.0,0.25,135000.0
6698,1166,103,Chennai,2025-12-13,4,1300.0,0.35,3380.0
6699,1334,108,Delhi,2025-05-27,2,15000.0,0.35,19500.0
6700,1341,101,Mumbai,2025-08-25,4,250000.0,0.15,850000.0
6701,1476,108,Chennai,2025-10-16,5,15000.0,0.2,60000.0
6702,1379,106,Delhi,2025-11-11,1,80000.0,0.05,76000.0
6703,1009,103,Hyderabad,2025-07-27,2,1300.0,0.3,1820.0
6704,1779,105,Bangalore,2025-06-03,2,45000.0,0.2,72000.0
6705,1046,102,Mumbai,2026-01-25,2,70000.0,0.05,133000.0
6706,1363,110,Mumbai,2025-08-12,2,45000.0,0.4,54000.0
6707,1692,104,Delhi,2026-12-02,5,8000.0,0.2,32000.0
6708,1839,104,Hyderabad,2025-07-30,4,8000.0,0.4,19200.0
6709,1840,109,Hyderabad,2026-01-11,1,65000.0,0.05,61750.0
6710,1993,110,Bangalore,2026-03-25,2,45000.0,0.1,81000.0
6711,1434,110,Chennai,2025-05-26,4,45000.0,0.25,135000.0
6712,1834,106,Mumbai,2026-01-01,3,80000.0,0.4,144000.0
6713,1088,108,Bangalore,2025-12-06,3,15000.0,0.2,36000.0
6714,1416,110,Delhi,2026-10-03,1,45000.0,0.1,40500.0
6715,1598,101,Delhi,2025-05-09,3,250000.0,0.05,712500.0
6716,1590,104,Hyderabad,2025-04-28,5,8000.0,0.35,26000.0
6717,1376,101,Delhi,2025-06-05,2,250000.0,0.35,325000.0
6718,1442,106,Bangalore,2025-08-07,5,80000.0,0.35,260000.0
6719,1907,106,Chennai,2025-11-05,2,80000.0,0.15,136000.0
6720,1662,102,Mumbai,2025-12-28,3,70000.0,0.35,136500.0
6721,1163,101,Mumbai,2026-03-20,2,250000.0,0.15,425000.0
6722,1354,109,Bangalore,2026-02-17,2,65000.0,0.3,91000.0
6723,1843,103,Bangalore,2025-06-17,1,1300.0,0.3,910.0
6724,1200,108,Mumbai,2025-09-02,4,15000.0,0.15,51000.0
6725,1587,105,Bangalore,2025-11-27,1,45000.0,0.35,29250.0
6726,1137,103,Bangalore,2025-10-25,2,1300.0,0.2,2080.0
6727,1769,101,Delhi,2025-08-31,5,250000.0,0.15,1062500.0
6728,1710,106,Chennai,2025-09-18,3,80000.0,0.35,156000.0
6729,1128,107,Chennai,2026-02-14,5,50000.0,0.15,212500.0
6730,1870,105,Hyderabad,2025-10-23,3,45000.0,0.15,114750.0
6731,1731,110,Bangalore,2025-08-06,5,45000.0,0.3,157500.0
6732,1838,110,Mumbai,2025-08-22,3,45000.0,0.35,87750.0
6733,1159,101,Chennai,2026-02-28,4,250000.0,0.4,600000.0
6734,1196,106,Bangalore,2026-04-10,4,80000.0,0.25,240000.0
6735,1134,108,Mumbai,2025-08-19,2,15000.0,0.2,24000.0
6736,1710,108,Chennai,2026-01-30,2,15000.0,0.15,25500.0
6737,1328,103,Hyderabad,2025-11-12,3,1300.0,0.15,3315.0
6738,1734,104,Hyderabad,2026-01-23,5,8000.0,0.35,26000.0
6739,1377,103,Delhi,2025-05-06,4,1300.0,0.15,4420.0
6740,1475,107,Delhi,2025-07-24,1,50000.0,0.4,30000.0
6741,1322,109,Bangalore,2025-08-30,5,65000.0,0.1,292500.0
6742,1536,107,Chennai,2025-05-02,2,50000.0,0.1,90000.0
6743,1350,110,Hyderabad,2026-03-25,3,45000.0,0.4,81000.0
6744,1943,101,Delhi,2025-07-04,2,250000.0,0.4,300000.0
6745,1652,108,Mumbai,2026-04-11,2,15000.0,0.35,19500.0
6746,1184,104,Delhi,2025-08-07,5,8000.0,0.05,38000.0
6747,1700,105,Hyderabad,2025-08-13,3,45000.0,0.15,114750.0
6748,1544,103,Bangalore,2026-03-19,3,1300.0,0.4,2340.0
6749,1509,105,Mumbai,2025-08-30,3,45000.0,0.1,121500.0
6750,1500,108,Mumbai,2025-04-11,3,15000.0,0.15,38250.0
6751,1442,105,Bangalore,2025-09-20,4,45000.0,0.4,108000.0
6752,1457,103,Chennai,2025-06-12,4,1300.0,0.15,4420.0
6753,1917,110,Delhi,2025-10-30,1,45000.0,0.3,31500.0
6754,1428,103,Bangalore,2025-12-26,4,1300.0,0.2,4160.0
6755,1678,106,Chennai,2026-04-07,2,80000.0,0.05,152000.0
6756,1586,102,Hyderabad,2025-07-11,3,70000.0,0.4,126000.0
6757,1213,105,Delhi,2025-04-28,2,45000.0,0.2,72000.0
6758,1607,110,Mumbai,2025-10-05,3,45000.0,0.05,128250.0
6759,1204,109,Mumbai,2025-08-24,2,65000.0,0.35,84500.0
6760,1313,101,Delhi,2026-04-11,1,250000.0,0.1,225000.0
6761,1427,103,Hyderabad,2026-03-18,2,1300.0,0.05,2470.0
6762,1405,109,Hyderabad,2026-01-18,2,65000.0,0.3,91000.0
6763,1595,105,Delhi,2025-08-28,3,45000.0,0.25,101250.0
6764,1522,110,Mumbai,2025-11-20,2,45000.0,0.25,67500.0
6765,1251,109,Mumbai,2025-09-20,4,65000.0,0.4,156000.0
6766,1218,103,Hyderabad,2025-06-05,2,1300.0,0.2,2080.0
6767,1139,106,Delhi,2025-11-04,2,80000.0,0.1,144000.0
6768,1805,105,Chennai,2025-09-16,5,45000.0,0.25,168750.0
6769,1832,103,Hyderabad,2025-11-13,2,1300.0,0.1,2340.0
6770,1742,109,Mumbai,2025-12-03,5,65000.0,0.1,292500.0
6772,1054,108,Mumbai,2025-11-01,2,15000.0,0.4,18000.0
6773,1576,110,Bangalore,2025-12-15,4,45000.0,0.3,126000.0
6774,1266,109,Mumbai,2025-10-30,1,65000.0,0.35,42250.0
6775,1561,101,Delhi,2026-02-16,1,250000.0,0.2,200000.0
6776,1431,109,Chennai,2026-03-18,1,65000.0,0.15,55250.0
6777,1472,104,Chennai,2025-06-13,4,8000.0,0.3,22400.0
6778,1434,106,Chennai,2025-11-30,4,80000.0,0.3,224000.0
6779,1196,104,Bangalore,2025-05-18,4,8000.0,0.05,30400.0
6780,1600,101,Chennai,2026-03-20,4,250000.0,0.2,800000.0
6781,1583,110,Chennai,2025-01-10,3,45000.0,0.4,81000.0
6782,1910,106,Hyderabad,2025-06-20,2,80000.0,0.1,144000.0
6783,1093,104,Bangalore,2026-03-28,5,8000.0,0.15,34000.0
6784,1736,105,Mumbai,2026-02-03,4,45000.0,0.3,126000.0
6785,1948,105,Delhi,2026-11-03,2,45000.0,0.2,72000.0
6786,1433,107,Bangalore,2025-05-21,3,50000.0,0.35,97500.0
6787,1647,108,Delhi,2025-04-24,1,15000.0,0.35,9750.0
6788,1959,109,Hyderabad,2025-09-25,1,65000.0,0.1,58500.0
6789,1132,110,Chennai,2026-04-03,2,45000.0,0.1,81000.0
6790,1219,101,Delhi,2025-06-12,2,250000.0,0.35,325000.0
6791,1269,105,Hyderabad,2025-06-24,2,45000.0,0.05,85500.0
6792,1597,106,Hyderabad,2025-08-16,4,80000.0,0.35,208000.0
6793,1124,108,Chennai,2026-03-09,4,15000.0,0.3,42000.0
6794,1548,109,Hyderabad,2025-11-23,1,65000.0,0.35,42250.0
6795,1716,102,Bangalore,2026-03-22,1,70000.0,0.15,59500.0
6796,1241,106,Bangalore,2026-10-01,4,80000.0,0.05,304000.0
6797,1694,108,Mumbai,2025-04-23,4,15000.0,0.05,57000.0
6798,1809,105,Delhi,2026-03-25,3,45000.0,0.25,101250.0
6799,1865,106,Bangalore,2026-02-22,3,80000.0,0.35,156000.0
6800,1636,109,Hyderabad,2025-12-31,3,65000.0,0.15,165750.0
6801,1142,103,Hyderabad,2025-08-10,1,1300.0,0.3,910.0
6802,1916,109,Chennai,2025-12-22,3,65000.0,0.1,175500.0
6803,1872,109,Bangalore,2026-08-04,3,65000.0,0.3,136500.0
6805,1168,105,Mumbai,2026-03-03,5,45000.0,0.35,146250.0
6806,1139,104,Delhi,2025-07-16,4,8000.0,0.2,25600.0
6807,1201,110,Mumbai,2025-05-29,1,45000.0,0.15,38250.0
6808,1996,110,Chennai,2025-07-05,3,45000.0,0.35,87750.0
6809,1419,107,Bangalore,2026-03-28,5,50000.0,0.3,175000.0
6810,1660,106,Delhi,2026-02-15,3,80000.0,0.4,144000.0
6811,1675,106,Bangalore,2025-08-07,1,80000.0,0.1,72000.0
6812,1232,101,Delhi,2025-07-01,4,250000.0,0.3,700000.0
6813,1797,103,Mumbai,2025-11-02,4,1300.0,0.15,4420.0
6814,1957,107,Bangalore,2026-03-23,4,50000.0,0.25,150000.0
6815,1829,101,Hyderabad,2026-11-04,5,250000.0,0.4,750000.0
6816,1889,110,Hyderabad,2025-04-05,3,45000.0,0.3,94500.0
6817,1895,108,Bangalore,2026-05-04,1,15000.0,0.4,9000.0
6818,1232,101,Delhi,2025-06-01,5,250000.0,0.3,875000.0
6819,1162,103,Mumbai,2026-03-16,1,1300.0,0.35,845.0
6820,1661,109,Chennai,2025-11-15,2,65000.0,0.1,117000.0
6821,1844,108,Bangalore,2025-06-26,3,15000.0,0.15,38250.0
6822,1473,108,Delhi,2025-05-31,5,15000.0,0.1,67500.0
6823,1731,106,Bangalore,2025-09-27,4,80000.0,0.05,304000.0
6824,1034,104,Mumbai,2025-10-06,5,8000.0,0.25,30000.0
6825,1700,108,Hyderabad,2025-10-06,2,15000.0,0.1,27000.0
6826,1370,109,Hyderabad,2025-12-31,3,65000.0,0.35,126750.0
6827,1333,109,Delhi,2025-12-23,2,65000.0,0.35,84500.0
6828,1430,105,Delhi,2026-02-27,4,45000.0,0.2,144000.0
6829,1981,109,Chennai,2025-07-04,5,65000.0,0.2,260000.0
6830,1034,109,Mumbai,2026-03-19,4,65000.0,0.15,221000.0
6831,1136,101,Chennai,2025-12-18,5,250000.0,0.3,875000.0
6832,1514,109,Chennai,2025-10-13,2,65000.0,0.4,78000.0
6833,1015,105,Hyderabad,2025-11-11,3,45000.0,0.3,94500.0
6834,1600,108,Chennai,2025-11-09,3,15000.0,0.4,27000.0
6835,1591,108,Hyderabad,2026-01-07,1,15000.0,0.05,14250.0
6836,1448,103,Hyderabad,2025-09-07,3,1300.0,0.15,3315.0
6837,1893,103,Delhi,2025-06-11,1,1300.0,0.35,845.0
6838,1879,109,Hyderabad,2025-12-21,3,65000.0,0.25,146250.0
6839,1014,110,Delhi,2025-08-12,4,45000.0,0.25,135000.0
6840,1023,106,Bangalore,2025-07-31,3,80000.0,0.2,192000.0
6841,1651,110,Hyderabad,2025-12-12,1,45000.0,0.05,42750.0
6842,1415,101,Mumbai,2025-04-26,5,250000.0,0.15,1062500.0
6843,1304,103,Hyderabad,2026-03-23,4,1300.0,0.25,3900.0
6844,1337,101,Chennai,2025-12-25,2,250000.0,0.3,350000.0
6845,1993,103,Bangalore,2026-01-28,5,1300.0,0.2,5200.0
6846,1651,110,Hyderabad,2025-08-22,3,45000.0,0.05,128250.0
6847,1287,101,Mumbai,2026-02-24,1,250000.0,0.2,200000.0
6848,1670,101,Mumbai,2025-11-13,1,250000.0,0.3,175000.0
6849,1464,104,Delhi,2025-07-27,3,8000.0,0.2,19200.0
6850,1782,110,Bangalore,2025-07-11,2,45000.0,0.4,54000.0
6851,1053,106,Chennai,2025-05-19,1,80000.0,0.15,68000.0
6852,1255,109,Mumbai,2025-04-21,3,65000.0,0.1,175500.0
6853,1270,103,Mumbai,2026-01-28,1,1300.0,0.1,1170.0
6854,1530,102,Hyderabad,2025-06-23,3,70000.0,0.3,147000.0
6855,1905,107,Bangalore,2025-08-14,1,50000.0,0.1,45000.0
6856,1503,110,Chennai,2025-07-22,5,45000.0,0.15,191250.0
6857,1516,104,Hyderabad,2025-02-08,4,8000.0,0.3,22400.0
6858,1565,101,Mumbai,2025-11-12,4,250000.0,0.1,900000.0
6859,1082,101,Bangalore,2026-02-14,3,250000.0,0.4,450000.0
6860,1345,106,Mumbai,2025-05-28,3,80000.0,0.3,168000.0
6861,1384,106,Mumbai,2025-10-11,1,80000.0,0.4,48000.0
6862,1739,110,Hyderabad,2025-07-22,2,45000.0,0.3,62999.99999999999
6863,1092,104,Chennai,2026-02-23,3,8000.0,0.2,19200.0
6864,1357,105,Mumbai,2025-04-11,3,45000.0,0.4,81000.0
6865,1803,104,Chennai,2025-11-30,3,8000.0,0.05,22800.0
6866,1012,106,Mumbai,2025-06-01,1,80000.0,0.3,56000.0
6867,1568,102,Mumbai,2026-01-18,4,70000.0,0.1,252000.0
6868,1819,107,Hyderabad,2025-11-03,2,50000.0,0.1,90000.0
6869,1893,107,Delhi,2025-12-19,4,50000.0,0.05,190000.0
6870,1932,109,Hyderabad,2025-05-19,3,65000.0,0.2,156000.0
6871,1010,109,Hyderabad,2025-08-13,4,65000.0,0.1,234000.0
6872,1640,106,Hyderabad,2025-09-06,1,80000.0,0.2,64000.0
6873,1078,102,Delhi,2025-04-17,3,70000.0,0.2,168000.0
6874,1591,105,Hyderabad,2025-11-05,3,45000.0,0.25,101250.0
6875,1502,103,Hyderabad,2025-05-12,2,1300.0,0.05,2470.0
6876,1226,105,Hyderabad,2025-10-07,2,45000.0,0.35,58500.0
6877,1774,109,Delhi,2026-03-14,1,65000.0,0.05,61750.0
6878,1470,109,Chennai,2025-03-07,4,65000.0,0.05,247000.0
6879,1911,103,Delhi,2025-04-26,2,1300.0,0.4,1560.0
6880,1513,106,Hyderabad,2025-09-20,3,80000.0,0.05,228000.0
6881,1714,102,Delhi,2026-01-18,2,70000.0,0.2,112000.0
6882,1292,105,Chennai,2025-12-13,3,45000.0,0.3,94500.0
6883,1141,107,Delhi,2026-03-01,5,50000.0,0.15,212500.0
6884,1198,104,Delhi,2025-05-15,4,8000.0,0.3,22400.0
6885,1282,107,Delhi,2025-11-17,4,50000.0,0.25,150000.0
6886,1268,106,Hyderabad,2025-05-26,2,80000.0,0.3,112000.0
6887,1226,107,Hyderabad,2025-06-25,5,50000.0,0.1,225000.0
6888,1221,107,Hyderabad,2025-11-23,5,50000.0,0.25,187500.0
6890,1419,107,Bangalore,2025-07-26,5,50000.0,0.4,150000.0
6891,1280,102,Chennai,2025-04-27,3,70000.0,0.3,147000.0
6892,1496,107,Bangalore,2025-06-12,2,50000.0,0.2,80000.0
6893,1822,106,Bangalore,2025-12-17,5,80000.0,0.3,280000.0
6894,1981,108,Chennai,2025-08-05,4,15000.0,0.15,51000.0
6895,1763,107,Hyderabad,2026-12-01,4,50000.0,0.35,130000.0
6896,1083,102,Delhi,2026-02-12,1,70000.0,0.1,63000.0
6897,1190,105,Hyderabad,2026-06-01,4,45000.0,0.2,144000.0
6898,1705,109,Chennai,2025-09-29,4,65000.0,0.1,234000.0
6899,1511,103,Hyderabad,2026-01-25,2,1300.0,0.1,2340.0
6900,1914,101,Chennai,2026-04-03,3,250000.0,0.25,562500.0
6901,1218,105,Hyderabad,2026-03-31,2,45000.0,0.35,58500.0
6902,1086,106,Delhi,2025-09-21,5,80000.0,0.4,240000.0
6903,1991,104,Chennai,2026-12-01,2,8000.0,0.4,9600.0
6904,1350,110,Hyderabad,2025-06-09,1,45000.0,0.1,40500.0
6905,1590,109,Hyderabad,2025-02-11,3,65000.0,0.2,156000.0
6906,1724,102,Hyderabad,2025-11-30,4,70000.0,0.25,210000.0
6907,1559,110,Delhi,2026-02-10,5,45000.0,0.4,135000.0
6908,1606,110,Bangalore,2025-12-13,5,45000.0,0.25,168750.0
6909,1475,110,Delhi,2025-08-02,4,45000.0,0.4,108000.0
6910,1980,105,Mumbai,2026-01-19,4,45000.0,0.15,153000.0
6911,1097,106,Delhi,2025-07-28,5,80000.0,0.3,280000.0
6912,1349,108,Delhi,2026-02-09,5,15000.0,0.2,60000.0
6913,1290,102,Bangalore,2025-09-27,3,70000.0,0.35,136500.0
6914,1988,108,Chennai,2025-09-07,1,15000.0,0.15,12750.0
6915,1522,106,Mumbai,2026-03-27,5,80000.0,0.4,240000.0
6916,1969,101,Hyderabad,2025-05-16,3,250000.0,0.3,525000.0
6917,1742,105,Mumbai,2026-09-03,2,45000.0,0.15,76500.0
6918,1563,108,Hyderabad,2025-10-14,5,15000.0,0.35,48750.0
6919,1036,105,Bangalore,2025-07-24,3,45000.0,0.3,94500.0
6920,1127,110,Hyderabad,2026-01-04,5,45000.0,0.15,191250.0
6921,1433,106,Bangalore,2025-11-13,5,80000.0,0.35,260000.0
6922,1343,108,Bangalore,2025-09-05,1,15000.0,0.15,12750.0
6923,1995,107,Hyderabad,2026-01-29,3,50000.0,0.35,97500.0
6924,1563,105,Hyderabad,2026-02-18,3,45000.0,0.3,94500.0
6925,1645,110,Chennai,2025-04-26,4,45000.0,0.2,144000.0
6926,1962,108,Mumbai,2025-10-22,3,15000.0,0.35,29250.0
6927,1747,108,Delhi,2025-09-21,2,15000.0,0.4,18000.0
6928,1067,106,Mumbai,2026-04-06,5,80000.0,0.35,260000.0
6929,1873,106,Delhi,2025-09-11,1,80000.0,0.2,64000.0
6930,1708,104,Chennai,2026-02-28,2,8000.0,0.15,13600.0
6931,1422,105,Bangalore,2025-09-05,2,45000.0,0.25,67500.0
6932,1963,109,Bangalore,2025-09-24,5,65000.0,0.35,211250.0
6933,1209,110,Mumbai,2025-08-16,5,45000.0,0.1,202500.0
6934,1023,101,Bangalore,2025-08-19,3,250000.0,0.15,637500.0
6935,1341,104,Mumbai,2025-09-19,1,8000.0,0.05,7600.0
6936,1635,102,Mumbai,2026-03-26,2,70000.0,0.15,119000.0
6937,1985,110,Bangalore,2025-11-27,3,45000.0,0.3,94500.0
6938,1887,110,Delhi,2026-04-16,2,45000.0,0.1,81000.0
6939,1976,101,Hyderabad,2025-06-08,2,250000.0,0.4,300000.0
6940,1847,109,Chennai,2026-02-04,1,65000.0,0.2,52000.0
6941,1881,101,Mumbai,2025-12-01,3,250000.0,0.35,487500.0
6942,1090,101,Chennai,2025-07-21,4,250000.0,0.1,900000.0
6943,1643,107,Chennai,2025-12-29,3,50000.0,0.4,90000.0
6944,1484,108,Delhi,2026-03-14,1,15000.0,0.2,12000.0
6945,1095,107,Chennai,2025-05-09,5,50000.0,0.05,237500.0
6946,1890,109,Chennai,2025-05-08,3,65000.0,0.4,117000.0
6947,1150,103,Bangalore,2025-09-28,3,1300.0,0.4,2340.0
6948,1486,107,Mumbai,2026-03-16,1,50000.0,0.2,40000.0
6949,1207,108,Hyderabad,2025-10-22,3,15000.0,0.3,31500.0
6950,1046,101,Mumbai,2026-02-09,3,250000.0,0.2,600000.0
6951,1657,110,Bangalore,2026-08-03,3,45000.0,0.3,94500.0
6952,1708,109,Chennai,2025-04-27,1,65000.0,0.35,42250.0
6953,1418,103,Hyderabad,2025-07-31,2,1300.0,0.15,2210.0
6954,1574,110,Bangalore,2025-05-27,1,45000.0,0.3,31500.0
6955,1417,104,Chennai,2026-03-13,4,8000.0,0.05,30400.0
6956,1498,107,Delhi,2025-11-11,5,50000.0,0.4,150000.0
6957,1466,103,Hyderabad,2025-08-19,5,1300.0,0.25,4875.0
6958,1535,109,Mumbai,2025-10-24,3,65000.0,0.4,117000.0
6959,1189,109,Bangalore,2025-05-03,2,65000.0,0.25,97500.0
6960,1249,105,Chennai,2025-08-11,4,45000.0,0.3,126000.0
6961,1056,102,Hyderabad,2026-01-15,5,70000.0,0.4,210000.0
6962,1558,102,Bangalore,2025-09-16,3,70000.0,0.3,147000.0
6963,1811,108,Hyderabad,2025-12-20,1,15000.0,0.3,10500.0
6964,1392,104,Chennai,2025-11-24,2,8000.0,0.35,10400.0
6965,1223,106,Mumbai,2025-06-28,4,80000.0,0.35,208000.0
6966,1881,102,Mumbai,2025-04-28,5,70000.0,0.15,297500.0
6967,1367,107,Mumbai,2026-04-08,1,50000.0,0.1,45000.0
6968,1550,108,Mumbai,2025-11-20,2,15000.0,0.4,18000.0
6969,1467,104,Mumbai,2026-12-03,5,8000.0,0.1,36000.0
6970,1453,101,Mumbai,2025-10-25,1,250000.0,0.3,175000.0
6971,1495,108,Mumbai,2026-01-04,1,15000.0,0.1,13500.0
6972,1901,103,Hyderabad,2025-08-23,2,1300.0,0.25,1950.0
6973,1322,106,Bangalore,2025-05-28,3,80000.0,0.35,156000.0
6974,1340,107,Delhi,2026-02-22,5,50000.0,0.15,212500.0
6975,1199,108,Hyderabad,2025-08-03,4,15000.0,0.05,57000.0
6976,1435,108,Hyderabad,2026-02-22,5,15000.0,0.05,71250.0
6977,1180,105,Mumbai,2025-08-10,5,45000.0,0.1,202500.0
6978,1720,101,Mumbai,2026-02-08,5,250000.0,0.1,1125000.0
6979,1394,101,Delhi,2026-02-26,3,250000.0,0.35,487500.0
6980,1278,101,Chennai,2026-04-03,2,250000.0,0.35,325000.0
6981,1666,104,Hyderabad,2025-08-26,1,8000.0,0.4,4800.0
6982,1247,107,Chennai,2025-11-20,5,50000.0,0.3,175000.0
6983,1084,110,Delhi,2025-05-25,2,45000.0,0.05,85500.0
6984,1517,108,Hyderabad,2025-10-05,4,15000.0,0.35,39000.0
6985,1324,109,Mumbai,2025-10-11,5,65000.0,0.4,195000.0
6986,1760,108,Delhi,2025-12-31,3,15000.0,0.2,36000.0
6987,1082,107,Bangalore,2025-03-08,3,50000.0,0.4,90000.0
6988,1015,104,Hyderabad,2025-05-14,1,8000.0,0.35,5200.0
6989,1868,101,Delhi,2026-04-02,3,250000.0,0.05,712500.0
6990,1974,107,Delhi,2025-08-20,3,50000.0,0.2,120000.0
6991,1428,108,Bangalore,2025-05-21,2,15000.0,0.3,21000.0
6992,1424,101,Hyderabad,2025-10-24,2,250000.0,0.2,400000.0
6993,1213,108,Delhi,2026-03-24,5,15000.0,0.25,56250.0
6994,1198,108,Delhi,2025-07-10,2,15000.0,0.4,18000.0
6995,1540,109,Hyderabad,2025-09-20,4,65000.0,0.1,234000.0
6996,1425,107,Hyderabad,2026-04-15,5,50000.0,0.25,187500.0
6997,1014,105,Delhi,2026-01-15,5,45000.0,0.3,157500.0
6998,1205,110,Bangalore,2025-07-25,3,45000.0,0.35,87750.0
6999,1648,107,Delhi,2025-09-18,5,50000.0,0.25,187500.0
7000,1239,104,Mumbai,2026-12-01,1,8000.0,0.1,7200.0
7001,1454,107,Mumbai,2025-04-22,1,50000.0,0.4,30000.0
7002,1802,107,Mumbai,2025-04-16,2,50000.0,0.15,85000.0
7003,1639,107,Delhi,2025-12-01,4,50000.0,0.3,140000.0
7004,1452,101,Chennai,2025-06-19,5,250000.0,0.35,812500.0
7005,1708,102,Chennai,2025-08-05,4,70000.0,0.35,182000.0
7006,1317,108,Delhi,2025-12-20,2,15000.0,0.4,18000.0
7007,1131,102,Chennai,2025-06-07,4,70000.0,0.2,224000.0
7008,1850,108,Bangalore,2025-10-26,1,15000.0,0.2,12000.0
7009,1534,110,Delhi,2025-09-04,4,45000.0,0.4,108000.0
7010,1881,104,Mumbai,2025-10-02,2,8000.0,0.25,12000.0
7011,1138,110,Hyderabad,2025-09-01,3,45000.0,0.35,87750.0
7012,1428,103,Bangalore,2026-04-04,4,1300.0,0.4,3120.0
7013,1318,103,Delhi,2025-05-24,4,1300.0,0.4,3120.0
7014,1875,101,Chennai,2025-04-26,4,250000.0,0.2,800000.0
7015,1689,101,Mumbai,2025-05-01,2,250000.0,0.25,375000.0
7016,1436,107,Hyderabad,2025-11-19,5,50000.0,0.15,212500.0
7017,1620,104,Bangalore,2025-05-27,4,8000.0,0.05,30400.0
7018,1498,107,Delhi,2025-06-27,4,50000.0,0.3,140000.0
7019,1786,110,Delhi,2025-06-01,1,45000.0,0.3,31500.0
7020,1928,106,Delhi,2025-07-16,5,80000.0,0.1,360000.0
7021,1215,109,Hyderabad,2025-06-20,4,65000.0,0.35,169000.0
7022,1182,103,Delhi,2026-04-03,3,1300.0,0.05,3705.0
7023,1922,102,Bangalore,2025-09-27,4,70000.0,0.25,210000.0
7024,1464,101,Delhi,2025-04-19,5,250000.0,0.3,875000.0
7025,1967,108,Delhi,2025-12-25,1,15000.0,0.25,11250.0
7026,1896,109,Chennai,2025-10-30,2,65000.0,0.05,123500.0
7027,1650,104,Delhi,2025-08-23,1,8000.0,0.05,7600.0
7028,1443,110,Bangalore,2025-06-17,1,45000.0,0.2,36000.0
7029,1752,102,Hyderabad,2025-12-25,2,70000.0,0.1,126000.0
7030,1540,101,Hyderabad,2026-03-29,3,250000.0,0.05,712500.0
7031,1409,104,Bangalore,2026-07-01,4,8000.0,0.25,24000.0
7032,1610,101,Bangalore,2025-12-08,4,250000.0,0.2,800000.0
7033,1044,103,Hyderabad,2025-06-16,4,1300.0,0.15,4420.0
7034,1167,106,Mumbai,2025-09-22,3,80000.0,0.25,180000.0
7035,1630,105,Hyderabad,2025-07-14,5,45000.0,0.15,191250.0
7036,1556,110,Delhi,2025-08-09,5,45000.0,0.05,213750.0
7037,1723,103,Hyderabad,2025-05-16,3,1300.0,0.4,2340.0
7038,1673,107,Bangalore,2025-09-29,2,50000.0,0.35,65000.0
7039,1178,104,Mumbai,2025-11-25,2,8000.0,0.05,15200.0
7040,1852,110,Delhi,2025-10-19,4,45000.0,0.05,171000.0
7041,1624,110,Chennai,2025-10-08,4,45000.0,0.3,126000.0
7042,1637,108,Mumbai,2025-06-17,1,15000.0,0.25,11250.0
7043,1385,110,Hyderabad,2025-07-18,2,45000.0,0.05,85500.0
7044,1564,103,Mumbai,2025-09-22,4,1300.0,0.15,4420.0
7045,1873,101,Delhi,2026-04-13,4,250000.0,0.05,950000.0
7046,1077,110,Mumbai,2025-11-18,1,45000.0,0.2,36000.0
7047,1244,107,Mumbai,2025-09-01,4,50000.0,0.15,170000.0
7048,1108,104,Bangalore,2026-01-21,5,8000.0,0.3,28000.0
7049,1141,110,Delhi,2025-11-10,5,45000.0,0.05,213750.0
7050,1911,108,Delhi,2025-11-01,1,15000.0,0.35,9750.0
7051,1056,107,Hyderabad,2025-06-17,4,50000.0,0.3,140000.0
7052,1616,108,Mumbai,2026-04-06,1,15000.0,0.05,14250.0
7053,1914,101,Chennai,2026-03-11,2,250000.0,0.1,450000.0
7054,1861,107,Bangalore,2025-08-10,5,50000.0,0.4,150000.0
7055,1963,108,Bangalore,2025-09-01,1,15000.0,0.35,9750.0
7056,1485,109,Mumbai,2025-07-21,2,65000.0,0.3,91000.0
7057,1756,103,Chennai,2026-03-01,5,1300.0,0.15,5525.0
7058,1893,110,Delhi,2026-04-10,1,45000.0,0.35,29250.0
7059,1036,103,Bangalore,2025-04-22,3,1300.0,0.35,2535.0
7060,1468,104,Bangalore,2025-09-03,3,8000.0,0.35,15600.0
7061,1945,104,Mumbai,2025-09-04,4,8000.0,0.05,30400.0
7062,1510,104,Bangalore,2026-02-13,4,8000.0,0.35,20800.0
7063,1472,110,Chennai,2025-06-04,3,45000.0,0.2,108000.0
7064,1575,105,Chennai,2025-12-29,4,45000.0,0.25,135000.0
7065,1064,109,Delhi,2025-04-29,4,65000.0,0.35,169000.0
7066,1255,104,Mumbai,2026-06-02,1,8000.0,0.05,7600.0
7067,1050,103,Chennai,2026-01-25,1,1300.0,0.3,910.0
7068,1693,110,Mumbai,2026-03-03,5,45000.0,0.05,213750.0
7069,1989,101,Bangalore,2026-03-27,1,250000.0,0.4,150000.0
7070,1379,105,Delhi,2026-10-02,5,45000.0,0.3,157500.0
7071,1776,106,Chennai,2026-03-03,2,80000.0,0.2,128000.0
7072,1274,109,Mumbai,2026-07-02,4,65000.0,0.35,169000.0
7073,1251,105,Mumbai,2025-11-22,1,45000.0,0.35,29250.0
7074,1176,102,Chennai,2026-01-20,5,70000.0,0.15,297500.0
7075,1043,106,Bangalore,2025-07-11,1,80000.0,0.1,72000.0
7076,1441,104,Hyderabad,2025-08-29,3,8000.0,0.3,16800.0
7077,1173,107,Bangalore,2025-06-12,3,50000.0,0.35,97500.0
7078,1475,101,Delhi,2025-10-30,3,250000.0,0.3,525000.0
7079,1937,103,Hyderabad,2026-01-03,4,1300.0,0.35,3380.0
7080,1794,110,Delhi,2025-12-16,4,45000.0,0.4,108000.0
7081,1538,110,Hyderabad,2025-04-28,4,45000.0,0.25,135000.0
7082,1957,109,Bangalore,2025-07-19,3,65000.0,0.15,165750.0
7083,1594,107,Mumbai,2025-11-20,1,50000.0,0.4,30000.0
7084,1554,109,Mumbai,2025-12-31,1,65000.0,0.15,55250.0
7085,1160,104,Delhi,2025-07-25,1,8000.0,0.4,4800.0
7086,1965,101,Bangalore,2025-05-22,4,250000.0,0.15,850000.0
7087,1614,101,Chennai,2025-09-08,5,250000.0,0.25,937500.0
7088,1531,103,Bangalore,2025-07-18,3,1300.0,0.1,3510.0
7089,1121,106,Bangalore,2026-01-02,1,80000.0,0.2,64000.0
7090,1457,106,Chennai,2025-08-22,3,80000.0,0.05,228000.0
7091,1471,105,Mumbai,2025-05-10,5,45000.0,0.05,213750.0
7092,1257,105,Mumbai,2025-08-03,2,45000.0,0.35,58500.0
7093,1879,106,Hyderabad,2025-07-12,1,80000.0,0.1,72000.0
7094,1251,102,Mumbai,2025-12-22,4,70000.0,0.3,196000.0
7095,1332,106,Bangalore,2025-09-06,2,80000.0,0.4,96000.0
7096,1258,110,Bangalore,2026-02-08,3,45000.0,0.15,114750.0
7097,1006,108,Mumbai,2025-09-28,2,15000.0,0.2,24000.0
7098,1786,104,Delhi,2026-01-29,2,8000.0,0.05,15200.0
7099,1517,103,Hyderabad,2025-12-19,3,1300.0,0.05,3705.0
7100,1306,102,Delhi,2026-01-10,5,70000.0,0.1,315000.0
7101,1056,104,Hyderabad,2025-07-11,2,8000.0,0.2,12800.0
7102,1126,110,Bangalore,2025-10-30,5,45000.0,0.3,157500.0
7103,1575,108,Chennai,2025-04-25,4,15000.0,0.35,39000.0
7104,1168,107,Mumbai,2025-04-22,4,50000.0,0.15,170000.0
7105,1544,102,Bangalore,2025-08-09,4,70000.0,0.4,168000.0
7106,1908,101,Hyderabad,2025-02-05,5,250000.0,0.05,1187500.0
7107,1934,104,Bangalore,2025-10-31,2,8000.0,0.2,12800.0
7108,1964,110,Hyderabad,2026-01-11,5,45000.0,0.4,135000.0
7109,1557,102,Mumbai,2026-03-19,5,70000.0,0.35,227500.0
7110,1220,104,Mumbai,2025-05-25,2,8000.0,0.1,14400.0
7111,1366,103,Bangalore,2025-07-28,2,1300.0,0.35,1690.0
7112,1883,108,Hyderabad,2025-06-01,1,15000.0,0.4,9000.0
7113,1917,107,Delhi,2025-09-25,1,50000.0,0.25,37500.0
7114,1368,106,Delhi,2025-06-30,5,80000.0,0.4,240000.0
7115,1981,104,Chennai,2025-08-15,2,8000.0,0.1,14400.0
7116,1551,110,Bangalore,2025-05-24,5,45000.0,0.4,135000.0
7117,1880,108,Mumbai,2025-07-03,4,15000.0,0.05,57000.0
7118,1585,102,Mumbai,2025-08-07,3,70000.0,0.2,168000.0
7119,1522,109,Mumbai,2025-05-15,3,65000.0,0.3,136500.0
7120,1726,103,Hyderabad,2025-05-03,2,1300.0,0.1,2340.0
7121,1391,104,Hyderabad,2025-05-01,4,8000.0,0.05,30400.0
7122,1497,105,Bangalore,2025-10-27,1,45000.0,0.25,33750.0
7123,1504,109,Delhi,2025-04-18,5,65000.0,0.1,292500.0
7124,1367,105,Mumbai,2025-11-22,2,45000.0,0.15,76500.0
7125,1703,105,Bangalore,2025-11-13,4,45000.0,0.3,126000.0
7126,1388,107,Hyderabad,2026-04-10,2,50000.0,0.05,95000.0
7127,1626,103,Chennai,2025-12-25,2,1300.0,0.1,2340.0
7128,1487,110,Hyderabad,2025-05-14,4,45000.0,0.1,162000.0
7129,1589,103,Mumbai,2026-03-02,4,1300.0,0.25,3900.0
7130,1738,103,Bangalore,2025-05-24,3,1300.0,0.25,2925.0
7131,1765,103,Mumbai,2025-06-07,1,1300.0,0.4,780.0
7132,1785,106,Chennai,2026-01-13,5,80000.0,0.4,240000.0
7133,1292,104,Chennai,2026-04-13,1,8000.0,0.15,6800.0
7134,1237,109,Delhi,2025-07-05,1,65000.0,0.35,42250.0
7135,1139,107,Delhi,2026-03-06,3,50000.0,0.2,120000.0
7136,1913,105,Chennai,2025-11-18,3,45000.0,0.15,114750.0
7137,1113,109,Bangalore,2025-06-17,5,65000.0,0.4,195000.0
7138,1220,102,Mumbai,2025-11-23,3,70000.0,0.25,157500.0
7139,1311,103,Hyderabad,2026-03-31,1,1300.0,0.4,780.0
7140,1860,105,Hyderabad,2025-06-28,5,45000.0,0.2,180000.0
7141,1661,109,Chennai,2025-08-31,3,65000.0,0.35,126750.0
7142,1175,101,Chennai,2025-11-26,1,250000.0,0.2,200000.0
7143,1049,102,Delhi,2026-01-16,4,70000.0,0.05,266000.0
7144,1445,101,Chennai,2025-11-17,1,250000.0,0.15,212500.0
7145,1088,107,Bangalore,2025-08-05,2,50000.0,0.1,90000.0
7146,1204,105,Mumbai,2025-05-22,4,45000.0,0.4,108000.0
7147,1217,109,Chennai,2025-05-01,5,65000.0,0.3,227500.0
7148,1047,109,Delhi,2025-09-26,2,65000.0,0.1,117000.0
7149,1222,101,Delhi,2026-01-31,2,250000.0,0.4,300000.0
7150,1006,107,Mumbai,2025-07-09,4,50000.0,0.4,120000.0
7151,1766,108,Bangalore,2025-05-24,5,15000.0,0.2,60000.0
7152,1650,105,Delhi,2025-11-08,1,45000.0,0.05,42750.0
7153,1091,106,Mumbai,2025-12-15,4,80000.0,0.05,304000.0
7154,1608,103,Delhi,2025-08-12,5,1300.0,0.35,4225.0
7155,1845,105,Bangalore,2025-02-10,2,45000.0,0.25,67500.0
7156,1683,110,Bangalore,2025-04-06,4,45000.0,0.1,162000.0
7157,1303,106,Delhi,2025-06-29,3,80000.0,0.2,192000.0
7158,1197,105,Bangalore,2026-01-11,3,45000.0,0.3,94500.0
7159,1465,102,Delhi,2025-12-19,4,70000.0,0.2,224000.0
7160,1671,107,Bangalore,2026-02-28,1,50000.0,0.2,40000.0
7161,1685,109,Hyderabad,2026-01-31,4,65000.0,0.2,208000.0
7162,1533,108,Mumbai,2025-10-21,5,15000.0,0.35,48750.0
7163,1819,108,Hyderabad,2025-12-01,3,15000.0,0.2,36000.0
7164,1867,106,Chennai,2025-05-29,3,80000.0,0.05,228000.0
7165,1967,108,Delhi,2025-05-06,1,15000.0,0.1,13500.0
7166,1977,103,Hyderabad,2025-12-01,4,1300.0,0.35,3380.0
7167,1491,102,Mumbai,2026-10-04,3,70000.0,0.2,168000.0
7168,1215,102,Hyderabad,2025-08-01,4,70000.0,0.25,210000.0
7169,1703,110,Bangalore,2026-01-28,3,45000.0,0.05,128250.0
7170,1242,106,Mumbai,2025-08-31,1,80000.0,0.05,76000.0
7171,1185,101,Hyderabad,2026-01-04,2,250000.0,0.05,475000.0
7172,1529,110,Delhi,2025-07-11,4,45000.0,0.05,171000.0
7173,1517,102,Hyderabad,2026-01-24,3,70000.0,0.1,189000.0
7174,1339,107,Bangalore,2025-08-19,3,50000.0,0.3,105000.0
7175,1559,105,Delhi,2026-08-01,3,45000.0,0.2,108000.0
7176,1441,106,Hyderabad,2026-02-28,1,80000.0,0.2,64000.0
7177,1381,106,Bangalore,2026-02-26,5,80000.0,0.3,280000.0
7178,1131,109,Chennai,2025-08-18,3,65000.0,0.1,175500.0
7179,1101,105,Delhi,2025-09-10,2,45000.0,0.15,76500.0
7180,1306,110,Delhi,2025-10-22,5,45000.0,0.05,213750.0
7181,1198,103,Delhi,2026-02-21,1,1300.0,0.4,780.0
7182,1848,107,Hyderabad,2025-05-19,1,50000.0,0.05,47500.0
7183,1097,107,Delhi,2025-07-10,2,50000.0,0.3,70000.0
7184,1179,109,Chennai,2026-02-28,4,65000.0,0.35,169000.0
7185,1301,105,Mumbai,2025-03-05,4,45000.0,0.35,117000.0
7186,1661,109,Chennai,2025-09-11,5,65000.0,0.4,195000.0
7187,1901,101,Hyderabad,2026-02-27,2,250000.0,0.3,350000.0
7188,1144,101,Bangalore,2025-12-29,1,250000.0,0.3,175000.0
7189,1831,109,Chennai,2026-02-14,5,65000.0,0.2,260000.0
7190,1322,103,Bangalore,2025-09-29,2,1300.0,0.15,2210.0
7191,1979,104,Mumbai,2025-10-27,4,8000.0,0.1,28800.0
7192,1378,101,Hyderabad,2025-08-09,4,250000.0,0.3,700000.0
7193,1218,105,Hyderabad,2026-04-13,2,45000.0,0.15,76500.0
7194,1907,101,Chennai,2026-02-25,5,250000.0,0.4,750000.0
7195,1607,103,Mumbai,2025-12-15,5,1300.0,0.05,6175.0
7196,1620,101,Bangalore,2025-05-18,2,250000.0,0.35,325000.0
7197,1509,101,Mumbai,2025-05-24,2,250000.0,0.2,400000.0
7198,1879,107,Hyderabad,2025-07-11,4,50000.0,0.25,150000.0
7199,1512,106,Delhi,2025-12-26,5,80000.0,0.05,380000.0
7200,1569,108,Mumbai,2025-04-27,2,15000.0,0.35,19500.0
7201,1470,110,Chennai,2025-09-19,5,45000.0,0.3,157500.0
7202,1130,101,Delhi,2026-01-30,2,250000.0,0.1,450000.0
7203,1343,106,Bangalore,2025-08-14,4,80000.0,0.4,192000.0
7204,1164,107,Bangalore,2025-07-07,1,50000.0,0.35,32500.0
7205,1159,109,Chennai,2025-11-16,4,65000.0,0.4,156000.0
7206,1292,108,Chennai,2025-10-22,2,15000.0,0.15,25500.0
7207,1147,104,Delhi,2025-11-04,2,8000.0,0.3,11200.0
7208,1149,103,Hyderabad,2025-08-26,4,1300.0,0.35,3380.0
7209,1664,107,Bangalore,2025-10-20,4,50000.0,0.25,150000.0
7210,1392,108,Chennai,2025-04-24,5,15000.0,0.1,67500.0
7211,1045,107,Chennai,2025-05-12,1,50000.0,0.25,37500.0
7212,1504,109,Delhi,2025-08-17,1,65000.0,0.4,39000.0
7213,1230,110,Chennai,2025-09-19,4,45000.0,0.4,108000.0
7214,1063,106,Delhi,2025-05-13,2,80000.0,0.15,136000.0
7215,1253,106,Mumbai,2025-05-13,1,80000.0,0.3,56000.0
7216,1353,101,Delhi,2025-07-23,3,250000.0,0.25,562500.0
7217,1159,102,Chennai,2025-10-14,4,70000.0,0.3,196000.0
7218,1820,103,Chennai,2026-01-26,3,1300.0,0.35,2535.0
7219,1539,108,Mumbai,2026-04-14,1,15000.0,0.2,12000.0
7220,1396,104,Hyderabad,2025-10-29,1,8000.0,0.35,5200.0
7221,1379,106,Delhi,2025-09-21,1,80000.0,0.15,68000.0
7222,1516,105,Hyderabad,2025-11-20,1,45000.0,0.25,33750.0
7223,1864,107,Hyderabad,2025-07-12,3,50000.0,0.1,135000.0
7224,1591,101,Hyderabad,2026-02-27,5,250000.0,0.2,1000000.0
7225,1475,110,Delhi,2026-03-12,4,45000.0,0.35,117000.0
7226,1893,101,Delhi,2026-03-20,5,250000.0,0.1,1125000.0
7227,1297,105,Chennai,2026-08-01,5,45000.0,0.35,146250.0
7228,1922,106,Bangalore,2025-08-28,5,80000.0,0.3,280000.0
7229,1710,105,Chennai,2025-04-27,4,45000.0,0.3,126000.0
7230,1348,107,Delhi,2026-01-21,1,50000.0,0.35,32500.0
7231,1668,110,Bangalore,2026-04-03,5,45000.0,0.3,157500.0
7232,1630,110,Hyderabad,2025-11-26,1,45000.0,0.1,40500.0
7233,1506,104,Mumbai,2025-08-29,3,8000.0,0.1,21600.0
7234,1302,103,Chennai,2025-11-17,1,1300.0,0.35,845.0
7235,1951,106,Bangalore,2025-05-31,3,80000.0,0.3,168000.0
7236,1114,108,Chennai,2025-05-05,3,15000.0,0.4,27000.0
7237,1065,102,Chennai,2025-10-09,5,70000.0,0.15,297500.0
7238,1146,102,Mumbai,2025-12-01,4,70000.0,0.4,168000.0
7239,1406,108,Delhi,2025-06-20,5,15000.0,0.3,52500.0
7240,1885,105,Bangalore,2026-08-04,3,45000.0,0.05,128250.0
7241,1460,105,Chennai,2025-12-22,3,45000.0,0.05,128250.0
7242,1216,107,Mumbai,2026-03-25,5,50000.0,0.05,237500.0
7243,1616,102,Mumbai,2025-06-18,3,70000.0,0.05,199500.0
7244,1713,101,Mumbai,2025-06-09,4,250000.0,0.05,950000.0
7245,1373,105,Delhi,2026-02-27,5,45000.0,0.25,168750.0
7246,1801,104,Chennai,2026-03-30,5,8000.0,0.35,26000.0
7247,1883,101,Hyderabad,2026-01-09,2,250000.0,0.1,450000.0
7248,1954,105,Chennai,2025-06-12,4,45000.0,0.3,126000.0
7249,1856,102,Delhi,2026-02-14,4,70000.0,0.1,252000.0
7250,1580,107,Hyderabad,2026-04-14,5,50000.0,0.3,175000.0
7251,1130,110,Delhi,2025-06-06,3,45000.0,0.3,94500.0
7252,1343,101,Bangalore,2025-12-24,1,250000.0,0.15,212500.0
7253,1537,106,Delhi,2025-01-09,2,80000.0,0.25,120000.0
7254,1457,104,Chennai,2025-06-12,3,8000.0,0.3,16800.0
7255,1336,106,Hyderabad,2025-07-03,4,80000.0,0.3,224000.0
7256,1697,105,Bangalore,2025-12-07,5,45000.0,0.2,180000.0
7257,1198,107,Delhi,2026-02-04,4,50000.0,0.35,130000.0
7258,1434,106,Chennai,2025-11-14,1,80000.0,0.25,60000.0
7259,1265,104,Chennai,2025-05-14,3,8000.0,0.4,14400.0
7260,1806,110,Bangalore,2025-12-23,2,45000.0,0.1,81000.0
7261,1281,101,Bangalore,2025-05-11,1,250000.0,0.05,237500.0
7262,1800,108,Hyderabad,2025-06-02,4,15000.0,0.15,51000.0
7263,1728,103,Chennai,2025-03-11,3,1300.0,0.05,3705.0
7264,1632,104,Hyderabad,2026-01-21,4,8000.0,0.35,20800.0
7265,1459,103,Delhi,2026-01-27,2,1300.0,0.4,1560.0
7266,1781,105,Bangalore,2026-02-08,2,45000.0,0.25,67500.0
7267,1033,105,Mumbai,2025-09-08,1,45000.0,0.4,27000.0
7268,1617,106,Delhi,2025-10-22,4,80000.0,0.1,288000.0
7269,1340,107,Delhi,2025-06-04,5,50000.0,0.4,150000.0
7270,1488,106,Bangalore,2025-10-28,2,80000.0,0.4,96000.0
7271,1111,110,Delhi,2025-04-21,4,45000.0,0.2,144000.0
7272,1649,106,Delhi,2025-07-03,2,80000.0,0.3,112000.0
7273,1361,107,Bangalore,2025-04-30,2,50000.0,0.3,70000.0
7275,1048,105,Delhi,2025-12-12,4,45000.0,0.4,108000.0
7276,1569,102,Mumbai,2025-09-01,3,70000.0,0.15,178500.0
7277,1271,101,Mumbai,2025-12-30,2,250000.0,0.3,350000.0
7278,1653,109,Mumbai,2025-06-09,2,65000.0,0.35,84500.0
7279,1229,103,Bangalore,2026-03-23,2,1300.0,0.25,1950.0
7280,1276,102,Mumbai,2026-03-28,4,70000.0,0.4,168000.0
7281,1795,104,Chennai,2026-04-01,5,8000.0,0.3,28000.0
7282,1727,103,Mumbai,2026-01-05,2,1300.0,0.4,1560.0
7283,1674,110,Delhi,2025-06-07,4,45000.0,0.2,144000.0
7284,1877,103,Mumbai,2026-10-03,1,1300.0,0.1,1170.0
7285,1311,110,Hyderabad,2026-03-09,2,45000.0,0.2,72000.0
7286,1943,102,Delhi,2025-10-09,5,70000.0,0.35,227500.0
7287,1091,110,Mumbai,2025-07-15,4,45000.0,0.15,153000.0
7288,1825,102,Delhi,2025-04-19,1,70000.0,0.1,63000.0
7289,1771,107,Chennai,2025-06-19,3,50000.0,0.35,97500.0
7290,1359,109,Chennai,2025-07-05,5,65000.0,0.05,308750.0
7291,1720,101,Mumbai,2025-06-07,5,250000.0,0.3,875000.0
7292,1702,103,Hyderabad,2025-07-14,4,1300.0,0.3,3640.0
7293,1403,103,Mumbai,2025-12-02,5,1300.0,0.1,5850.0
7294,1974,110,Delhi,2025-12-20,1,45000.0,0.15,38250.0
7295,1140,103,Chennai,2025-08-16,1,1300.0,0.3,910.0
7296,1514,101,Chennai,2025-04-19,3,250000.0,0.2,600000.0
7297,1443,108,Bangalore,2025-09-06,1,15000.0,0.15,12750.0
7298,1940,110,Mumbai,2025-12-28,2,45000.0,0.2,72000.0
7299,1219,106,Delhi,2025-09-06,3,80000.0,0.2,192000.0
7300,1611,103,Delhi,2025-04-20,3,1300.0,0.35,2535.0
7301,1344,104,Mumbai,2026-01-16,2,8000.0,0.35,10400.0
7302,1727,108,Mumbai,2025-12-19,3,15000.0,0.15,38250.0
7303,1106,102,Hyderabad,2025-09-26,5,70000.0,0.05,332500.0
7304,1039,104,Mumbai,2025-11-17,2,8000.0,0.35,10400.0
7305,1198,106,Delhi,2025-12-08,5,80000.0,0.15,340000.0
7306,1387,110,Bangalore,2025-09-20,3,45000.0,0.15,114750.0
7307,1756,108,Chennai,2026-02-11,2,15000.0,0.2,24000.0
7308,1954,104,Chennai,2026-01-03,1,8000.0,0.05,7600.0
7309,1737,101,Mumbai,2025-10-23,4,250000.0,0.25,750000.0
7310,1311,110,Hyderabad,2025-10-09,2,45000.0,0.1,81000.0
7311,1111,106,Delhi,2026-03-26,1,80000.0,0.4,48000.0
7312,1483,105,Delhi,2025-07-18,4,45000.0,0.35,117000.0
7313,1891,104,Chennai,2025-07-10,2,8000.0,0.25,12000.0
7314,1576,104,Bangalore,2026-03-03,2,8000.0,0.05,15200.0
7315,1281,106,Bangalore,2025-10-08,5,80000.0,0.4,240000.0
7316,1087,104,Mumbai,2025-08-28,3,8000.0,0.05,22800.0
7317,1711,104,Mumbai,2026-12-03,5,8000.0,0.1,36000.0
7318,1561,102,Delhi,2026-12-02,4,70000.0,0.4,168000.0
7319,1645,106,Chennai,2025-12-15,3,80000.0,0.15,204000.0
7320,1170,105,Bangalore,2025-06-23,4,45000.0,0.15,153000.0
7321,1302,103,Chennai,2025-11-30,3,1300.0,0.3,2730.0
7322,1749,103,Delhi,2025-07-06,4,1300.0,0.15,4420.0
7323,1546,101,Hyderabad,2026-07-02,3,250000.0,0.1,675000.0
7324,1579,104,Hyderabad,2025-06-25,3,8000.0,0.35,15600.0
7325,1195,110,Bangalore,2026-01-29,3,45000.0,0.1,121500.0
7326,1277,104,Mumbai,2025-09-19,3,8000.0,0.35,15600.0
7327,1883,101,Hyderabad,2026-02-03,4,250000.0,0.15,850000.0
7328,1658,104,Delhi,2026-04-03,1,8000.0,0.3,5600.0
7329,1224,103,Chennai,2025-04-21,1,1300.0,0.25,975.0
7330,1601,105,Delhi,2025-04-28,4,45000.0,0.2,144000.0
7331,1913,102,Chennai,2025-06-16,3,70000.0,0.2,168000.0
7332,1012,102,Mumbai,2025-05-22,2,70000.0,0.3,98000.0
7333,1143,109,Mumbai,2025-08-15,4,65000.0,0.15,221000.0
7334,1161,102,Delhi,2025-05-23,5,70000.0,0.2,280000.0
7335,1139,106,Delhi,2026-01-25,2,80000.0,0.2,128000.0
7336,1025,101,Mumbai,2026-01-15,1,250000.0,0.15,212500.0
7337,1639,106,Delhi,2026-01-24,3,80000.0,0.05,228000.0
7338,1823,104,Bangalore,2025-10-20,4,8000.0,0.3,22400.0
7339,1424,106,Hyderabad,2026-03-13,2,80000.0,0.25,120000.0
7340,1999,108,Bangalore,2025-09-18,4,15000.0,0.25,45000.0
7341,1309,108,Hyderabad,2025-09-09,5,15000.0,0.25,56250.0
7342,1776,109,Chennai,2026-03-15,3,65000.0,0.15,165750.0
7343,1444,109,Hyderabad,2026-01-09,4,65000.0,0.25,195000.0
7344,1296,107,Mumbai,2025-04-18,4,50000.0,0.1,180000.0
7345,1902,102,Chennai,2026-04-15,4,70000.0,0.2,224000.0
7346,1837,101,Delhi,2025-05-23,3,250000.0,0.4,450000.0
7347,1276,101,Mumbai,2025-10-01,5,250000.0,0.15,1062500.0
7348,1611,107,Delhi,2025-10-23,5,50000.0,0.3,175000.0
7349,1725,106,Hyderabad,2025-06-12,1,80000.0,0.1,72000.0
7350,1442,104,Bangalore,2026-02-14,2,8000.0,0.1,14400.0
7351,1592,104,Chennai,2026-04-14,4,8000.0,0.05,30400.0
7352,1008,101,Mumbai,2025-06-25,2,250000.0,0.35,325000.0
7353,1795,106,Chennai,2025-07-14,1,80000.0,0.05,76000.0
7354,1149,104,Hyderabad,2025-07-20,3,8000.0,0.25,18000.0
7355,1574,108,Bangalore,2025-08-29,5,15000.0,0.05,71250.0
7356,1920,105,Chennai,2026-01-23,1,45000.0,0.3,31500.0
7357,1870,110,Hyderabad,2025-04-26,3,45000.0,0.35,87750.0
7358,1663,108,Chennai,2025-12-23,4,15000.0,0.3,42000.0
7359,1629,103,Hyderabad,2025-09-18,4,1300.0,0.35,3380.0
7360,1242,103,Mumbai,2025-07-23,1,1300.0,0.15,1105.0
7361,1336,101,Hyderabad,2025-12-23,1,250000.0,0.25,187500.0
7362,1160,106,Delhi,2025-11-29,4,80000.0,0.4,192000.0
7363,1241,103,Bangalore,2025-06-25,2,1300.0,0.15,2210.0
7364,1380,109,Mumbai,2025-09-21,3,65000.0,0.25,146250.0
7365,1436,109,Hyderabad,2026-04-10,1,65000.0,0.35,42250.0
7366,1658,105,Delhi,2025-09-06,3,45000.0,0.35,87750.0
7367,1188,102,Hyderabad,2025-10-21,1,70000.0,0.05,66500.0
7368,1102,109,Hyderabad,2025-09-17,4,65000.0,0.25,195000.0
7369,1308,103,Hyderabad,2026-02-02,1,1300.0,0.4,780.0
7370,1324,106,Mumbai,2025-06-18,3,80000.0,0.1,216000.0
7371,1017,104,Mumbai,2025-11-30,4,8000.0,0.1,28800.0
7372,1085,109,Delhi,2025-04-23,4,65000.0,0.25,195000.0
7373,1248,105,Mumbai,2025-06-25,1,45000.0,0.2,36000.0
7374,1033,105,Mumbai,2026-01-05,3,45000.0,0.3,94500.0
7375,1803,103,Chennai,2026-01-20,1,1300.0,0.25,975.0
7376,1533,103,Mumbai,2025-11-30,5,1300.0,0.35,4225.0
7377,1431,104,Chennai,2025-08-02,4,8000.0,0.1,28800.0
7378,1624,107,Chennai,2025-10-19,3,50000.0,0.05,142500.0
7379,1352,106,Chennai,2025-07-02,1,80000.0,0.35,52000.0
7380,1201,102,Mumbai,2025-07-02,1,70000.0,0.05,66500.0
7381,1744,104,Hyderabad,2025-07-17,5,8000.0,0.4,24000.0
7382,1738,104,Bangalore,2025-10-14,5,8000.0,0.15,34000.0
7383,1717,102,Hyderabad,2025-12-14,1,70000.0,0.2,56000.0
7384,1285,102,Mumbai,2025-07-04,1,70000.0,0.35,45500.0
7385,1758,109,Chennai,2025-05-18,5,65000.0,0.3,227500.0
7386,1632,103,Hyderabad,2025-08-30,2,1300.0,0.2,2080.0
7387,1994,106,Hyderabad,2025-04-24,5,80000.0,0.1,360000.0
7388,1767,108,Bangalore,2025-02-12,4,15000.0,0.4,36000.0
7389,1379,105,Delhi,2026-02-04,4,45000.0,0.25,135000.0
7390,1020,104,Bangalore,2026-02-13,1,8000.0,0.35,5200.0
7391,1812,106,Delhi,2025-09-18,3,80000.0,0.3,168000.0
7392,1270,108,Mumbai,2025-11-24,1,15000.0,0.1,13500.0
7393,1075,102,Chennai,2025-04-28,1,70000.0,0.25,52500.0
7394,1449,102,Delhi,2026-02-13,3,70000.0,0.1,189000.0
7395,1616,108,Mumbai,2025-09-06,1,15000.0,0.4,9000.0
7396,1229,103,Bangalore,2025-07-25,5,1300.0,0.05,6175.0
7397,1885,102,Bangalore,2025-04-27,2,70000.0,0.35,91000.0
7398,1591,108,Hyderabad,2026-02-14,4,15000.0,0.35,39000.0
7399,1519,103,Bangalore,2026-02-05,1,1300.0,0.3,910.0
7400,1828,105,Bangalore,2026-01-10,3,45000.0,0.05,128250.0
7401,1956,108,Hyderabad,2025-11-28,5,15000.0,0.25,56250.0
7402,1966,109,Chennai,2025-07-13,4,65000.0,0.15,221000.0
7403,1777,108,Delhi,2025-05-20,4,15000.0,0.1,54000.0
7404,1975,108,Bangalore,2026-03-14,2,15000.0,0.1,27000.0
7405,1532,105,Delhi,2025-06-22,4,45000.0,0.35,117000.0
7406,1828,101,Bangalore,2025-11-12,4,250000.0,0.35,650000.0
7407,1658,108,Delhi,2025-07-16,3,15000.0,0.15,38250.0
7408,1006,108,Mumbai,2025-04-28,2,15000.0,0.4,18000.0
7409,1458,104,Hyderabad,2025-09-10,3,8000.0,0.25,18000.0
7410,1896,107,Chennai,2025-10-06,3,50000.0,0.35,97500.0
7411,1392,105,Chennai,2026-03-13,5,45000.0,0.05,213750.0
7412,1537,103,Delhi,2026-01-03,2,1300.0,0.35,1690.0
7413,1350,106,Hyderabad,2025-08-20,1,80000.0,0.35,52000.0
7414,1233,110,Bangalore,2025-10-22,5,45000.0,0.3,157500.0
7415,1607,109,Mumbai,2025-04-19,1,65000.0,0.05,61750.0
7416,1516,104,Hyderabad,2025-10-23,2,8000.0,0.1,14400.0
7417,1215,102,Hyderabad,2025-08-24,3,70000.0,0.25,157500.0
7418,1445,104,Chennai,2025-08-18,2,8000.0,0.15,13600.0
7419,1706,101,Delhi,2026-02-13,2,250000.0,0.25,375000.0
7420,1550,101,Mumbai,2025-10-31,1,250000.0,0.4,150000.0
7421,1250,104,Delhi,2025-11-26,5,8000.0,0.35,26000.0
7422,1794,108,Delhi,2026-01-26,2,15000.0,0.05,28500.0
7423,1296,104,Mumbai,2025-09-05,4,8000.0,0.4,19200.0
7424,1763,107,Hyderabad,2025-10-22,3,50000.0,0.3,105000.0
7425,1872,110,Bangalore,2025-08-27,5,45000.0,0.35,146250.0
7426,1263,108,Chennai,2026-06-01,5,15000.0,0.25,56250.0
7427,1528,103,Hyderabad,2025-07-19,5,1300.0,0.25,4875.0
7428,1898,107,Chennai,2026-02-07,4,50000.0,0.2,160000.0
7429,1705,107,Chennai,2025-07-18,4,50000.0,0.35,130000.0
7430,1155,106,Mumbai,2025-12-16,5,80000.0,0.05,380000.0
7431,1842,109,Mumbai,2025-04-28,5,65000.0,0.35,211250.0
7432,1489,103,Hyderabad,2025-06-20,5,1300.0,0.4,3900.0
7433,1283,103,Hyderabad,2025-11-30,4,1300.0,0.15,4420.0
7434,1731,104,Bangalore,2025-06-13,4,8000.0,0.1,28800.0
7435,1965,102,Bangalore,2025-11-26,2,70000.0,0.35,91000.0
7436,1598,110,Delhi,2025-05-05,3,45000.0,0.05,128250.0
7437,1613,101,Mumbai,2025-05-19,1,250000.0,0.3,175000.0
7438,1732,105,Mumbai,2025-11-30,2,45000.0,0.4,54000.0
7439,1960,108,Bangalore,2025-04-08,3,15000.0,0.25,33750.0
7440,1035,109,Hyderabad,2025-10-25,3,65000.0,0.35,126750.0
7441,1589,105,Mumbai,2026-09-04,5,45000.0,0.4,135000.0
7442,1641,109,Delhi,2025-09-24,4,65000.0,0.05,247000.0
7443,1801,101,Chennai,2025-04-29,3,250000.0,0.05,712500.0
7444,1732,110,Mumbai,2025-10-20,4,45000.0,0.35,117000.0
7445,1280,107,Chennai,2025-09-27,4,50000.0,0.35,130000.0
7446,1195,101,Bangalore,2025-10-06,4,250000.0,0.2,800000.0
7447,1827,109,Delhi,2025-08-03,4,65000.0,0.4,156000.0
7448,1192,102,Delhi,2025-08-14,4,70000.0,0.4,168000.0
7449,1715,106,Hyderabad,2025-12-28,3,80000.0,0.35,156000.0
7450,1117,104,Bangalore,2025-09-23,2,8000.0,0.05,15200.0
7451,1099,109,Mumbai,2025-12-11,4,65000.0,0.05,247000.0
7452,1149,109,Hyderabad,2025-05-27,2,65000.0,0.15,110500.0
7453,1627,107,Delhi,2025-02-10,3,50000.0,0.15,127500.0
7454,1456,106,Delhi,2025-08-26,2,80000.0,0.05,152000.0
7455,1649,106,Delhi,2025-07-08,1,80000.0,0.2,64000.0
7456,1351,106,Hyderabad,2025-09-26,3,80000.0,0.4,144000.0
7457,1609,103,Chennai,2025-07-02,2,1300.0,0.3,1820.0
7458,1630,105,Hyderabad,2025-05-09,5,45000.0,0.35,146250.0
7459,1060,108,Mumbai,2025-08-24,4,15000.0,0.05,57000.0
7460,1561,101,Delhi,2025-05-07,2,250000.0,0.2,400000.0
7461,1182,108,Delhi,2026-01-02,4,15000.0,0.1,54000.0
7462,1487,108,Hyderabad,2025-06-05,4,15000.0,0.3,42000.0
7463,1381,109,Bangalore,2025-10-04,1,65000.0,0.05,61750.0
7464,1374,109,Hyderabad,2025-06-27,1,65000.0,0.05,61750.0
7465,1537,101,Delhi,2025-08-13,2,250000.0,0.15,425000.0
7466,1910,110,Hyderabad,2025-09-30,1,45000.0,0.1,40500.0
7467,1656,110,Chennai,2025-12-14,1,45000.0,0.05,42750.0
7468,1831,107,Chennai,2025-04-24,1,50000.0,0.15,42500.0
7469,1088,101,Bangalore,2026-01-28,4,250000.0,0.25,750000.0
7470,1392,105,Chennai,2026-04-12,4,45000.0,0.25,135000.0
7471,1064,103,Delhi,2026-03-22,3,1300.0,0.1,3510.0
7472,1943,104,Delhi,2025-11-21,3,8000.0,0.1,21600.0
7473,1184,102,Delhi,2025-05-20,4,70000.0,0.25,210000.0
7474,1492,103,Chennai,2025-05-07,1,1300.0,0.4,780.0
7475,1236,104,Mumbai,2025-10-20,3,8000.0,0.3,16800.0
7476,1522,107,Mumbai,2026-03-14,5,50000.0,0.05,237500.0
7477,1324,105,Mumbai,2026-09-01,5,45000.0,0.35,146250.0
7478,1354,106,Bangalore,2025-08-28,1,80000.0,0.15,68000.0
7479,1965,105,Bangalore,2025-09-05,5,45000.0,0.4,135000.0
7480,1347,107,Chennai,2026-04-12,1,50000.0,0.1,45000.0
7481,1737,105,Mumbai,2025-05-14,1,45000.0,0.4,27000.0
7482,1836,103,Chennai,2025-06-04,2,1300.0,0.1,2340.0
7483,1277,110,Mumbai,2026-04-12,2,45000.0,0.05,85500.0
7484,1495,105,Mumbai,2025-12-29,5,45000.0,0.3,157500.0
7485,1663,104,Chennai,2026-03-14,3,8000.0,0.25,18000.0
7486,1634,106,Mumbai,2025-10-08,4,80000.0,0.35,208000.0
7487,1460,103,Chennai,2025-07-27,3,1300.0,0.1,3510.0
7488,1081,104,Hyderabad,2026-03-01,1,8000.0,0.05,7600.0
7489,1662,102,Mumbai,2025-12-02,1,70000.0,0.3,49000.0
7490,1099,109,Mumbai,2025-07-08,4,65000.0,0.3,182000.0
7491,1417,101,Chennai,2025-04-07,4,250000.0,0.35,650000.0
7492,1388,101,Hyderabad,2025-07-11,3,250000.0,0.05,712500.0
7493,1303,103,Delhi,2026-01-04,4,1300.0,0.15,4420.0
7494,1804,104,Bangalore,2025-05-18,1,8000.0,0.35,5200.0
7495,1256,105,Bangalore,2026-03-08,1,45000.0,0.2,36000.0
7496,1983,101,Mumbai,2025-05-31,3,250000.0,0.1,675000.0
7497,1279,104,Chennai,2025-09-17,5,8000.0,0.1,36000.0
7498,1617,101,Delhi,2025-09-07,2,250000.0,0.15,425000.0
7499,1460,106,Chennai,2026-02-02,5,80000.0,0.4,240000.0
7500,1016,108,Delhi,2026-02-19,1,15000.0,0.35,9750.0
7501,1283,108,Hyderabad,2025-06-04,1,15000.0,0.05,14250.0
7502,1998,110,Delhi,2025-12-23,2,45000.0,0.3,62999.99999999999
7503,1397,101,Bangalore,2025-05-02,5,250000.0,0.25,937500.0
7504,1505,110,Mumbai,2025-09-20,5,45000.0,0.2,180000.0
7505,1470,105,Chennai,2025-08-10,1,45000.0,0.2,36000.0
7506,1367,102,Mumbai,2025-11-21,1,70000.0,0.1,63000.0
7507,1879,110,Hyderabad,2025-11-04,2,45000.0,0.05,85500.0
7508,1577,101,Bangalore,2025-10-06,1,250000.0,0.05,237500.0
7509,1125,107,Mumbai,2025-08-26,1,50000.0,0.3,35000.0
7510,1826,107,Chennai,2026-01-23,3,50000.0,0.1,135000.0
7511,1823,106,Bangalore,2026-03-20,4,80000.0,0.3,224000.0
7512,1275,108,Delhi,2025-10-26,5,15000.0,0.05,71250.0
7513,1277,102,Mumbai,2025-11-12,3,70000.0,0.35,136500.0
7514,1008,107,Mumbai,2026-02-08,2,50000.0,0.15,85000.0
7515,1615,104,Bangalore,2025-11-30,4,8000.0,0.2,25600.0
7516,1303,101,Delhi,2025-12-19,3,250000.0,0.1,675000.0
7517,1162,102,Mumbai,2025-10-19,3,70000.0,0.25,157500.0
7518,1248,110,Mumbai,2026-03-15,3,45000.0,0.25,101250.0
7519,1335,102,Delhi,2025-08-30,5,70000.0,0.15,297500.0
7520,1931,109,Bangalore,2025-06-15,1,65000.0,0.3,45500.0
7521,1077,102,Mumbai,2026-03-20,4,70000.0,0.1,252000.0
7522,1763,104,Hyderabad,2025-05-17,1,8000.0,0.3,5600.0
7523,1066,103,Hyderabad,2026-03-26,5,1300.0,0.3,4550.0
7524,1342,101,Hyderabad,2025-07-10,2,250000.0,0.25,375000.0
7525,1121,107,Bangalore,2025-12-22,3,50000.0,0.25,112500.0
7526,1848,105,Hyderabad,2025-05-11,3,45000.0,0.2,108000.0
7527,1025,104,Mumbai,2025-08-13,2,8000.0,0.3,11200.0
7528,1280,106,Chennai,2025-09-21,1,80000.0,0.05,76000.0
7529,1856,107,Delhi,2025-08-07,5,50000.0,0.35,162500.0
7530,1781,107,Bangalore,2025-10-20,1,50000.0,0.15,42500.0
7532,1548,107,Hyderabad,2025-11-29,1,50000.0,0.15,42500.0
7533,1948,104,Delhi,2026-02-15,2,8000.0,0.4,9600.0
7534,1250,101,Delhi,2026-03-29,2,250000.0,0.1,450000.0
7535,1615,106,Bangalore,2025-06-23,3,80000.0,0.05,228000.0
7537,1042,103,Delhi,2026-02-12,2,1300.0,0.4,1560.0
7538,1262,110,Delhi,2025-11-02,3,45000.0,0.1,121500.0
7540,1657,107,Bangalore,2025-07-20,4,50000.0,0.1,180000.0
7541,1135,107,Hyderabad,2026-03-27,3,50000.0,0.2,120000.0
7542,1219,103,Delhi,2026-03-28,3,1300.0,0.25,2925.0
7543,1623,110,Mumbai,2026-11-03,5,45000.0,0.4,135000.0
7544,1174,106,Hyderabad,2025-04-07,2,80000.0,0.1,144000.0
7545,1594,109,Mumbai,2025-12-15,5,65000.0,0.2,260000.0
7546,1029,110,Chennai,2025-07-11,1,45000.0,0.4,27000.0
7547,1124,108,Chennai,2025-12-31,3,15000.0,0.4,27000.0
7548,1442,106,Bangalore,2026-04-04,5,80000.0,0.2,320000.0
7549,1578,106,Chennai,2025-11-07,4,80000.0,0.3,224000.0
7550,1758,106,Chennai,2026-01-31,1,80000.0,0.35,52000.0
7551,1548,105,Hyderabad,2025-11-12,2,45000.0,0.4,54000.0
7552,1770,107,Chennai,2025-12-30,3,50000.0,0.35,97500.0
7553,1426,109,Bangalore,2025-02-12,2,65000.0,0.15,110500.0
7554,1113,103,Bangalore,2025-09-21,1,1300.0,0.35,845.0
7555,1173,110,Bangalore,2026-03-03,3,45000.0,0.2,108000.0
7556,1108,106,Bangalore,2025-09-10,1,80000.0,0.05,76000.0
7557,1673,108,Bangalore,2025-04-30,2,15000.0,0.2,24000.0
7558,1191,102,Bangalore,2026-01-03,5,70000.0,0.1,315000.0
7559,1981,110,Chennai,2025-05-23,3,45000.0,0.35,87750.0
7560,1099,109,Mumbai,2025-07-30,3,65000.0,0.35,126750.0
7561,1420,105,Chennai,2025-11-24,4,45000.0,0.25,135000.0
7562,1044,101,Hyderabad,2026-01-25,5,250000.0,0.4,750000.0
7563,1630,108,Hyderabad,2025-07-27,3,15000.0,0.4,27000.0
7564,1440,107,Delhi,2026-02-17,1,50000.0,0.25,37500.0
7565,1914,108,Chennai,2025-08-23,5,15000.0,0.35,48750.0
7566,1103,102,Mumbai,2025-08-20,2,70000.0,0.3,98000.0
7567,1606,107,Bangalore,2025-08-27,4,50000.0,0.05,190000.0
7568,1931,105,Bangalore,2025-11-26,2,45000.0,0.35,58500.0
7569,1291,106,Chennai,2025-02-06,1,80000.0,0.35,52000.0
7570,1910,101,Hyderabad,2025-04-22,2,250000.0,0.4,300000.0
7571,1667,101,Delhi,2025-07-26,3,250000.0,0.05,712500.0
7572,1224,101,Chennai,2025-07-14,3,250000.0,0.4,450000.0
7573,1344,103,Mumbai,2025-06-15,2,1300.0,0.25,1950.0
7574,1895,109,Bangalore,2025-06-29,1,65000.0,0.2,52000.0
7575,1815,109,Mumbai,2025-05-19,4,65000.0,0.15,221000.0
7576,1310,106,Hyderabad,2025-06-22,1,80000.0,0.3,56000.0
7577,1844,109,Bangalore,2026-03-12,2,65000.0,0.4,78000.0
7578,1535,102,Mumbai,2025-12-13,5,70000.0,0.05,332500.0
7579,1109,109,Delhi,2026-07-03,4,65000.0,0.1,234000.0
7580,1221,109,Hyderabad,2025-06-04,5,65000.0,0.15,276250.0
7581,1324,106,Mumbai,2025-11-26,5,80000.0,0.15,340000.0
7582,1515,108,Bangalore,2025-04-16,3,15000.0,0.05,42750.0
7583,1419,101,Bangalore,2025-10-31,4,250000.0,0.2,800000.0
7584,1184,110,Delhi,2026-01-09,1,45000.0,0.1,40500.0
7585,1341,101,Mumbai,2025-11-26,3,250000.0,0.15,637500.0
7586,1928,107,Delhi,2025-10-26,2,50000.0,0.1,90000.0
7587,1421,110,Chennai,2025-10-11,2,45000.0,0.05,85500.0
7588,1812,101,Delhi,2025-04-30,3,250000.0,0.2,600000.0
7589,1223,107,Mumbai,2025-11-17,2,50000.0,0.2,80000.0
7590,1559,109,Delhi,2026-04-06,4,65000.0,0.25,195000.0
7591,1986,102,Hyderabad,2025-06-11,3,70000.0,0.4,126000.0
7592,1964,108,Hyderabad,2026-03-08,1,15000.0,0.3,10500.0
7593,1105,109,Hyderabad,2025-07-31,1,65000.0,0.4,39000.0
7594,1740,103,Hyderabad,2025-06-13,4,1300.0,0.15,4420.0
7595,1443,108,Bangalore,2025-08-18,2,15000.0,0.4,18000.0
7596,1973,109,Bangalore,2025-05-05,4,65000.0,0.4,156000.0
7597,1780,109,Bangalore,2025-05-03,3,65000.0,0.15,165750.0
7598,1557,106,Mumbai,2025-09-22,5,80000.0,0.05,380000.0
7599,1091,106,Mumbai,2025-05-16,4,80000.0,0.1,288000.0
7600,1010,107,Hyderabad,2026-01-06,1,50000.0,0.15,42500.0
7601,1893,103,Delhi,2025-11-16,4,1300.0,0.2,4160.0
7602,1475,102,Delhi,2026-11-04,3,70000.0,0.35,136500.0
7603,1651,101,Hyderabad,2025-11-24,1,250000.0,0.05,237500.0
7604,1972,106,Delhi,2025-06-11,2,80000.0,0.15,136000.0
7605,1292,109,Chennai,2025-10-05,4,65000.0,0.35,169000.0
7606,1498,103,Delhi,2025-05-29,5,1300.0,0.25,4875.0
7607,1897,110,Delhi,2025-08-09,1,45000.0,0.15,38250.0
7608,1427,107,Hyderabad,2025-09-04,1,50000.0,0.15,42500.0
7609,1751,108,Hyderabad,2025-06-29,2,15000.0,0.35,19500.0
7610,1325,105,Delhi,2025-08-30,2,45000.0,0.2,72000.0
7611,1638,110,Delhi,2026-02-09,4,45000.0,0.1,162000.0
7612,1422,109,Bangalore,2025-07-05,1,65000.0,0.1,58500.0
7613,1424,102,Hyderabad,2025-07-15,2,70000.0,0.1,126000.0
7614,1716,108,Bangalore,2025-07-19,4,15000.0,0.15,51000.0
7615,1955,104,Hyderabad,2025-07-15,4,8000.0,0.05,30400.0
7616,1604,108,Delhi,2025-07-09,3,15000.0,0.15,38250.0
7617,1898,102,Chennai,2026-02-27,3,70000.0,0.15,178500.0
7618,1971,110,Chennai,2025-02-12,4,45000.0,0.05,171000.0
7619,1417,107,Chennai,2026-03-10,4,50000.0,0.35,130000.0
7620,1212,109,Chennai,2025-12-16,5,65000.0,0.3,227500.0
7621,1135,110,Hyderabad,2025-07-17,1,45000.0,0.05,42750.0
7622,1406,109,Delhi,2026-03-07,5,65000.0,0.4,195000.0
7623,1074,104,Chennai,2026-10-01,4,8000.0,0.25,24000.0
7624,1604,101,Delhi,2025-09-17,5,250000.0,0.15,1062500.0
7625,1773,105,Chennai,2025-07-02,5,45000.0,0.2,180000.0
7626,1983,105,Mumbai,2025-10-12,4,45000.0,0.3,126000.0
7627,1094,105,Delhi,2025-12-29,4,45000.0,0.15,153000.0
7628,1963,109,Bangalore,2025-05-14,5,65000.0,0.2,260000.0
7629,1568,109,Mumbai,2025-10-01,4,65000.0,0.05,247000.0
7630,1223,110,Mumbai,2025-09-20,5,45000.0,0.2,180000.0
7631,1379,105,Delhi,2025-08-02,2,45000.0,0.1,81000.0
7632,1837,102,Delhi,2025-08-24,3,70000.0,0.1,189000.0
7633,1578,107,Chennai,2025-11-14,3,50000.0,0.3,105000.0
7634,1869,106,Chennai,2026-02-07,2,80000.0,0.15,136000.0
7635,1689,103,Mumbai,2025-04-26,3,1300.0,0.1,3510.0
7636,1255,103,Mumbai,2025-09-11,4,1300.0,0.3,3640.0
7637,1359,103,Chennai,2025-10-27,4,1300.0,0.2,4160.0
7638,1016,102,Delhi,2025-07-21,4,70000.0,0.2,224000.0
7639,1413,101,Delhi,2025-10-26,1,250000.0,0.05,237500.0
7641,1581,101,Delhi,2026-02-18,1,250000.0,0.15,212500.0
7642,1453,109,Mumbai,2025-09-20,5,65000.0,0.1,292500.0
7643,1079,106,Mumbai,2025-12-22,2,80000.0,0.2,128000.0
7644,1046,108,Mumbai,2026-03-05,4,15000.0,0.3,42000.0
7645,1209,103,Mumbai,2025-12-30,3,1300.0,0.3,2730.0
7646,1901,107,Hyderabad,2025-04-27,2,50000.0,0.3,70000.0
7647,1944,107,Chennai,2026-04-06,3,50000.0,0.35,97500.0
7648,1357,102,Mumbai,2026-02-03,3,70000.0,0.1,189000.0
7649,1175,106,Chennai,2025-08-29,3,80000.0,0.4,144000.0
7650,1926,106,Bangalore,2026-01-12,1,80000.0,0.4,48000.0
7651,1222,107,Delhi,2025-10-27,2,50000.0,0.4,60000.0
7652,1263,106,Chennai,2026-04-02,3,80000.0,0.35,156000.0
7653,1553,110,Bangalore,2025-10-18,3,45000.0,0.1,121500.0
7654,1545,109,Bangalore,2025-10-26,5,65000.0,0.4,195000.0
7655,1065,104,Chennai,2025-07-08,1,8000.0,0.05,7600.0
7656,1930,110,Mumbai,2025-08-08,4,45000.0,0.35,117000.0
7657,1881,101,Mumbai,2026-01-30,2,250000.0,0.25,375000.0
7658,1406,106,Delhi,2025-07-01,4,80000.0,0.25,240000.0
7659,1219,108,Delhi,2026-02-23,3,15000.0,0.4,27000.0
7660,1648,104,Delhi,2025-11-18,4,8000.0,0.2,25600.0
7661,1948,107,Delhi,2025-10-02,3,50000.0,0.05,142500.0
7662,1279,105,Chennai,2025-05-11,4,45000.0,0.4,108000.0
7663,1632,104,Hyderabad,2025-06-22,1,8000.0,0.4,4800.0
7664,1669,106,Delhi,2025-07-19,5,80000.0,0.35,260000.0
7665,1060,103,Mumbai,2025-02-11,2,1300.0,0.35,1690.0
7666,1901,106,Hyderabad,2025-08-31,3,80000.0,0.25,180000.0
7667,1240,103,Bangalore,2025-10-30,1,1300.0,0.2,1040.0
7668,1855,101,Chennai,2025-11-12,4,250000.0,0.35,650000.0
7669,1876,103,Bangalore,2025-06-22,1,1300.0,0.1,1170.0
7670,1812,109,Delhi,2026-01-07,1,65000.0,0.25,48750.0
7671,1487,109,Hyderabad,2025-09-27,3,65000.0,0.1,175500.0
7672,1274,105,Mumbai,2025-06-08,3,45000.0,0.4,81000.0
7673,1086,102,Delhi,2025-11-22,5,70000.0,0.05,332500.0
7674,1919,106,Delhi,2025-11-08,4,80000.0,0.1,288000.0
7675,1396,101,Hyderabad,2026-01-22,3,250000.0,0.3,525000.0
7676,1739,107,Hyderabad,2025-12-19,3,50000.0,0.15,127500.0
7677,1063,105,Delhi,2025-10-13,4,45000.0,0.35,117000.0
7678,1375,107,Bangalore,2025-07-06,1,50000.0,0.15,42500.0
7679,1416,105,Delhi,2025-09-22,2,45000.0,0.1,81000.0
7680,1991,106,Chennai,2025-11-09,3,80000.0,0.35,156000.0
7681,1222,107,Delhi,2026-01-04,3,50000.0,0.35,97500.0
7682,1302,105,Chennai,2025-12-01,2,45000.0,0.05,85500.0
7683,1750,106,Chennai,2026-10-03,3,80000.0,0.3,168000.0
7684,1740,108,Hyderabad,2025-10-16,2,15000.0,0.15,25500.0
7685,1801,107,Chennai,2025-09-12,3,50000.0,0.25,112500.0
7686,1865,110,Bangalore,2026-03-24,4,45000.0,0.15,153000.0
7687,1713,103,Mumbai,2025-08-30,2,1300.0,0.35,1690.0
7688,1927,102,Hyderabad,2025-05-26,4,70000.0,0.4,168000.0
7689,1931,107,Bangalore,2025-04-23,2,50000.0,0.35,65000.0
7690,1619,101,Chennai,2025-05-23,1,250000.0,0.35,162500.0
7691,1079,108,Mumbai,2025-12-07,4,15000.0,0.3,42000.0
7692,1248,104,Mumbai,2025-10-30,4,8000.0,0.35,20800.0
7693,1626,108,Chennai,2026-03-22,2,15000.0,0.1,27000.0
7694,1326,109,Chennai,2026-03-15,4,65000.0,0.25,195000.0
7695,1518,107,Hyderabad,2025-05-23,2,50000.0,0.25,75000.0
7696,1560,102,Mumbai,2025-01-05,3,70000.0,0.4,126000.0
7697,1493,102,Mumbai,2025-06-28,1,70000.0,0.1,63000.0
7698,1221,104,Hyderabad,2025-12-20,5,8000.0,0.4,24000.0
7699,1994,104,Hyderabad,2026-02-26,5,8000.0,0.2,32000.0
7700,1736,103,Mumbai,2026-04-16,2,1300.0,0.25,1950.0
7701,1492,107,Chennai,2025-12-31,3,50000.0,0.4,90000.0
7702,1199,104,Hyderabad,2025-04-28,2,8000.0,0.1,14400.0
7703,1965,105,Bangalore,2025-12-19,4,45000.0,0.4,108000.0
7704,1114,110,Chennai,2025-09-22,5,45000.0,0.15,191250.0
7705,1615,102,Bangalore,2025-04-23,2,70000.0,0.2,112000.0
7706,1921,110,Delhi,2025-05-22,5,45000.0,0.25,168750.0
7707,1728,104,Chennai,2025-10-20,2,8000.0,0.3,11200.0
7708,1737,104,Mumbai,2026-04-10,2,8000.0,0.4,9600.0
7709,1096,102,Mumbai,2025-12-11,3,70000.0,0.35,136500.0
7710,1784,106,Mumbai,2025-07-06,4,80000.0,0.15,272000.0
7711,1105,108,Hyderabad,2025-05-24,5,15000.0,0.15,63750.0
7712,1363,107,Mumbai,2026-04-15,3,50000.0,0.4,90000.0
7713,1116,105,Delhi,2026-04-12,2,45000.0,0.15,76500.0
7714,1354,108,Bangalore,2025-06-09,5,15000.0,0.4,45000.0
7715,1170,104,Bangalore,2025-09-30,2,8000.0,0.35,10400.0
7716,1653,107,Mumbai,2026-02-26,5,50000.0,0.4,150000.0
7717,1982,109,Chennai,2025-10-23,1,65000.0,0.1,58500.0
7718,1705,110,Chennai,2026-03-12,5,45000.0,0.4,135000.0
7719,1284,109,Delhi,2025-12-25,2,65000.0,0.4,78000.0
7720,1217,101,Chennai,2025-10-13,5,250000.0,0.3,875000.0
7721,1044,108,Hyderabad,2026-03-04,4,15000.0,0.1,54000.0
7722,1589,104,Mumbai,2025-06-22,5,8000.0,0.3,28000.0
7723,1303,108,Delhi,2025-09-27,1,15000.0,0.15,12750.0
7724,1105,102,Hyderabad,2025-11-10,3,70000.0,0.1,189000.0
7725,1315,107,Hyderabad,2025-08-10,3,50000.0,0.15,127500.0
7726,1914,106,Chennai,2026-03-23,5,80000.0,0.4,240000.0
7727,1005,105,Delhi,2026-02-09,3,45000.0,0.25,101250.0
7728,1595,105,Delhi,2025-11-26,4,45000.0,0.4,108000.0
7729,1256,103,Bangalore,2025-06-06,1,1300.0,0.15,1105.0
7730,1101,103,Delhi,2025-07-29,3,1300.0,0.2,3120.0
7731,1574,108,Bangalore,2025-09-16,1,15000.0,0.3,10500.0
7732,1154,105,Chennai,2025-05-09,1,45000.0,0.15,38250.0
7733,1942,104,Chennai,2025-09-10,5,8000.0,0.3,28000.0
7734,1298,107,Chennai,2026-01-22,2,50000.0,0.3,70000.0
7735,1241,107,Bangalore,2025-12-21,4,50000.0,0.2,160000.0
7736,1951,106,Bangalore,2025-11-13,3,80000.0,0.2,192000.0
7737,1707,107,Bangalore,2025-07-08,3,50000.0,0.2,120000.0
7738,1426,110,Bangalore,2026-01-03,2,45000.0,0.3,62999.99999999999
7739,1924,110,Delhi,2025-10-16,4,45000.0,0.1,162000.0
7740,1812,101,Delhi,2026-01-25,3,250000.0,0.25,562500.0
7741,1052,103,Bangalore,2025-04-16,1,1300.0,0.3,910.0
7742,1299,102,Chennai,2025-05-30,4,70000.0,0.05,266000.0
7743,1529,104,Delhi,2025-10-22,1,8000.0,0.15,6800.0
7744,1952,107,Chennai,2025-05-09,3,50000.0,0.1,135000.0
7745,1872,102,Bangalore,2025-08-25,3,70000.0,0.4,126000.0
7746,1626,105,Chennai,2025-07-02,4,45000.0,0.1,162000.0
7747,1184,105,Delhi,2025-07-05,3,45000.0,0.05,128250.0
7748,1252,106,Bangalore,2026-01-26,2,80000.0,0.1,144000.0
7749,1863,110,Bangalore,2026-03-24,1,45000.0,0.25,33750.0
7750,1416,101,Delhi,2025-12-27,4,250000.0,0.2,800000.0
7751,1544,102,Bangalore,2025-07-07,5,70000.0,0.15,297500.0
7752,1813,106,Chennai,2025-11-18,3,80000.0,0.35,156000.0
7753,1028,106,Hyderabad,2025-09-16,2,80000.0,0.2,128000.0
7754,1209,109,Mumbai,2026-03-01,4,65000.0,0.2,208000.0
7755,1498,107,Delhi,2025-02-07,1,50000.0,0.35,32500.0
7756,1885,101,Bangalore,2025-11-15,4,250000.0,0.35,650000.0
7757,1831,102,Chennai,2025-09-25,1,70000.0,0.1,63000.0
7758,1820,106,Chennai,2025-12-08,4,80000.0,0.35,208000.0
7759,1316,103,Bangalore,2025-08-21,2,1300.0,0.3,1820.0
7760,1617,108,Delhi,2026-04-12,1,15000.0,0.1,13500.0
7761,1142,104,Hyderabad,2025-12-19,3,8000.0,0.35,15600.0
7762,1657,104,Bangalore,2026-01-02,2,8000.0,0.05,15200.0
7763,1838,104,Mumbai,2025-08-15,2,8000.0,0.35,10400.0
7764,1434,107,Chennai,2025-05-21,5,50000.0,0.25,187500.0
7765,1295,102,Mumbai,2026-12-03,3,70000.0,0.25,157500.0
7766,1168,109,Mumbai,2025-11-21,4,65000.0,0.4,156000.0
7767,1766,110,Bangalore,2025-01-10,4,45000.0,0.1,162000.0
7768,1059,103,Hyderabad,2026-02-21,5,1300.0,0.35,4225.0
7769,1814,106,Bangalore,2025-04-22,1,80000.0,0.25,60000.0
7770,1650,110,Delhi,2025-08-06,5,45000.0,0.15,191250.0
7771,1468,109,Bangalore,2025-07-02,2,65000.0,0.35,84500.0
7772,1077,108,Mumbai,2026-12-02,4,15000.0,0.35,39000.0
7773,1918,106,Delhi,2025-04-28,2,80000.0,0.35,104000.0
7774,1699,108,Hyderabad,2025-10-28,5,15000.0,0.2,60000.0
7775,1837,110,Delhi,2025-08-27,4,45000.0,0.15,153000.0
7776,1811,103,Hyderabad,2025-06-17,1,1300.0,0.05,1235.0
7777,1658,108,Delhi,2025-05-11,1,15000.0,0.3,10500.0
7778,1604,102,Delhi,2026-01-31,1,70000.0,0.3,49000.0
7779,1455,105,Mumbai,2026-01-21,1,45000.0,0.05,42750.0
7780,1369,110,Chennai,2025-07-16,1,45000.0,0.25,33750.0
7781,1649,109,Delhi,2026-03-04,2,65000.0,0.4,78000.0
7782,1087,103,Mumbai,2025-04-16,2,1300.0,0.05,2470.0
7783,1618,107,Chennai,2025-12-05,2,50000.0,0.25,75000.0
7784,1740,102,Hyderabad,2025-10-07,3,70000.0,0.1,189000.0
7785,1453,107,Mumbai,2025-09-28,2,50000.0,0.35,65000.0
7786,1451,110,Bangalore,2025-08-16,3,45000.0,0.35,87750.0
7787,1452,105,Chennai,2026-03-01,1,45000.0,0.35,29250.0
7788,1846,105,Delhi,2025-04-29,5,45000.0,0.15,191250.0
7789,1083,107,Delhi,2025-09-19,3,50000.0,0.15,127500.0
7790,1551,101,Bangalore,2025-10-18,1,250000.0,0.05,237500.0
7791,1718,101,Delhi,2025-04-23,2,250000.0,0.3,350000.0
7792,1107,101,Bangalore,2025-10-18,5,250000.0,0.15,1062500.0
7793,1675,101,Bangalore,2026-10-02,2,250000.0,0.1,450000.0
7794,1303,101,Delhi,2025-04-18,5,250000.0,0.15,1062500.0
7795,1346,104,Hyderabad,2025-08-16,1,8000.0,0.15,6800.0
7796,1266,101,Mumbai,2025-05-08,4,250000.0,0.3,700000.0
7797,1945,102,Mumbai,2025-05-04,2,70000.0,0.3,98000.0
7798,1203,106,Mumbai,2026-06-01,5,80000.0,0.2,320000.0
7799,1994,106,Hyderabad,2025-09-21,2,80000.0,0.15,136000.0
7800,1915,107,Delhi,2025-04-29,5,50000.0,0.2,200000.0
7801,1189,106,Bangalore,2025-09-11,1,80000.0,0.4,48000.0
7802,1894,110,Delhi,2026-04-11,3,45000.0,0.2,108000.0
7803,1285,108,Mumbai,2025-11-13,1,15000.0,0.25,11250.0
7804,1150,109,Bangalore,2026-03-25,5,65000.0,0.05,308750.0
7805,1787,110,Bangalore,2025-05-24,1,45000.0,0.2,36000.0
7806,1352,107,Chennai,2025-07-12,4,50000.0,0.25,150000.0
7807,1598,110,Delhi,2025-06-29,4,45000.0,0.35,117000.0
7808,1085,108,Delhi,2026-01-21,2,15000.0,0.2,24000.0
7809,1865,105,Bangalore,2025-06-17,2,45000.0,0.4,54000.0
7810,1122,107,Delhi,2025-10-19,5,50000.0,0.4,150000.0
7811,1007,104,Hyderabad,2025-06-05,5,8000.0,0.1,36000.0
7812,1470,106,Chennai,2026-04-15,4,80000.0,0.3,224000.0
7813,1790,108,Mumbai,2025-11-21,1,15000.0,0.05,14250.0
7814,1535,102,Mumbai,2026-03-27,4,70000.0,0.1,252000.0
7815,1851,101,Bangalore,2025-11-28,2,250000.0,0.15,425000.0
7816,1956,107,Hyderabad,2025-06-17,4,50000.0,0.2,160000.0
7817,1951,108,Bangalore,2025-06-15,2,15000.0,0.15,25500.0
7818,1710,101,Chennai,2025-07-03,1,250000.0,0.35,162500.0
7819,1273,104,Hyderabad,2025-12-08,4,8000.0,0.4,19200.0
7820,1356,107,Chennai,2026-01-17,1,50000.0,0.4,30000.0
7821,1548,105,Hyderabad,2025-08-14,4,45000.0,0.05,171000.0
7822,1121,106,Bangalore,2025-07-10,3,80000.0,0.2,192000.0
7823,1495,101,Mumbai,2026-03-17,5,250000.0,0.05,1187500.0
7824,1963,103,Bangalore,2025-10-23,5,1300.0,0.15,5525.0
7825,1352,109,Chennai,2025-05-03,1,65000.0,0.05,61750.0
7826,1827,109,Delhi,2025-04-27,5,65000.0,0.1,292500.0
7827,1182,109,Delhi,2025-07-18,5,65000.0,0.15,276250.0
7828,1865,104,Bangalore,2025-06-15,5,8000.0,0.2,32000.0
7829,1467,104,Mumbai,2025-06-09,1,8000.0,0.4,4800.0
7830,1300,109,Mumbai,2025-12-07,1,65000.0,0.05,61750.0
7831,1462,109,Delhi,2025-12-17,2,65000.0,0.3,91000.0
7832,1429,110,Hyderabad,2026-03-27,2,45000.0,0.1,81000.0
7833,1319,108,Chennai,2025-04-21,1,15000.0,0.3,10500.0
7834,1454,104,Mumbai,2026-05-02,3,8000.0,0.2,19200.0
7835,1930,110,Mumbai,2026-04-05,4,45000.0,0.2,144000.0
7836,1783,103,Delhi,2026-01-21,5,1300.0,0.25,4875.0
7837,1633,101,Bangalore,2025-05-15,4,250000.0,0.2,800000.0
7838,1119,104,Hyderabad,2026-03-15,3,8000.0,0.4,14400.0
7839,1523,108,Hyderabad,2025-12-22,3,15000.0,0.05,42750.0
7840,1462,108,Delhi,2026-03-27,5,15000.0,0.05,71250.0
7841,1764,103,Mumbai,2026-08-01,2,1300.0,0.1,2340.0
7842,1827,105,Delhi,2025-06-19,3,45000.0,0.25,101250.0
7843,1449,108,Delhi,2026-04-03,3,15000.0,0.2,36000.0
7844,1220,104,Mumbai,2026-01-04,3,8000.0,0.35,15600.0
7845,1289,103,Bangalore,2026-03-23,1,1300.0,0.35,845.0
7846,1654,107,Bangalore,2026-01-22,2,50000.0,0.25,75000.0
7847,1413,106,Delhi,2026-03-25,5,80000.0,0.15,340000.0
7848,1739,106,Hyderabad,2025-10-02,3,80000.0,0.2,192000.0
7849,1209,106,Mumbai,2025-11-05,2,80000.0,0.25,120000.0
7850,1342,109,Hyderabad,2025-08-22,1,65000.0,0.05,61750.0
7851,1893,102,Delhi,2025-10-03,5,70000.0,0.15,297500.0
7852,1493,102,Mumbai,2025-05-10,5,70000.0,0.25,262500.0
7853,1806,103,Bangalore,2025-07-13,1,1300.0,0.3,910.0
7854,1967,104,Delhi,2025-10-22,2,8000.0,0.3,11200.0
7855,1822,103,Bangalore,2025-09-07,5,1300.0,0.3,4550.0
7856,1806,109,Bangalore,2025-09-24,5,65000.0,0.25,243750.0
7857,1331,105,Bangalore,2026-03-12,4,45000.0,0.3,126000.0
7858,1294,110,Hyderabad,2026-01-02,2,45000.0,0.15,76500.0
7859,1840,106,Hyderabad,2025-12-07,2,80000.0,0.15,136000.0
7860,1910,103,Hyderabad,2026-03-06,1,1300.0,0.05,1235.0
7861,1350,108,Hyderabad,2025-11-03,1,15000.0,0.15,12750.0
7862,1635,107,Mumbai,2025-09-27,4,50000.0,0.3,140000.0
7863,1598,103,Delhi,2025-10-19,4,1300.0,0.2,4160.0
7864,1508,101,Delhi,2025-12-17,2,250000.0,0.35,325000.0
7865,1396,110,Hyderabad,2026-01-10,1,45000.0,0.3,31500.0
7866,1221,102,Hyderabad,2025-10-31,4,70000.0,0.2,224000.0
7867,1153,104,Mumbai,2025-09-13,3,8000.0,0.1,21600.0
7868,1245,102,Mumbai,2026-02-14,3,70000.0,0.05,199500.0
7869,1549,107,Hyderabad,2025-12-13,1,50000.0,0.4,30000.0
7870,1843,109,Bangalore,2026-11-04,5,65000.0,0.1,292500.0
7871,1398,103,Bangalore,2025-06-25,5,1300.0,0.25,4875.0
7872,1561,110,Delhi,2025-04-27,3,45000.0,0.35,87750.0
7873,1751,101,Hyderabad,2025-08-26,5,250000.0,0.1,1125000.0
7874,1499,107,Hyderabad,2025-06-11,2,50000.0,0.35,65000.0
7875,1414,106,Hyderabad,2025-10-02,5,80000.0,0.05,380000.0
7876,1210,101,Bangalore,2025-10-08,3,250000.0,0.4,450000.0
7877,1610,105,Bangalore,2025-08-27,4,45000.0,0.3,126000.0
7878,1803,107,Chennai,2025-11-19,2,50000.0,0.4,60000.0
7879,1181,106,Mumbai,2025-09-10,3,80000.0,0.4,144000.0
7880,1203,107,Mumbai,2025-08-07,1,50000.0,0.4,30000.0
7881,1092,110,Chennai,2025-04-19,3,45000.0,0.05,128250.0
7882,1699,105,Hyderabad,2025-06-28,4,45000.0,0.2,144000.0
7883,1681,110,Chennai,2025-06-23,5,45000.0,0.25,168750.0
7884,1951,101,Bangalore,2025-10-13,5,250000.0,0.15,1062500.0
7885,1303,102,Delhi,2026-03-11,3,70000.0,0.1,189000.0
7886,1733,107,Mumbai,2025-10-10,3,50000.0,0.35,97500.0
7887,1701,106,Mumbai,2026-01-24,4,80000.0,0.2,256000.0
7888,1970,104,Delhi,2025-06-07,5,8000.0,0.1,36000.0
7889,1917,109,Delhi,2025-12-13,1,65000.0,0.25,48750.0
7890,1586,108,Hyderabad,2025-08-12,2,15000.0,0.35,19500.0
7891,1228,108,Hyderabad,2026-03-06,3,15000.0,0.35,29250.0
7892,1303,106,Delhi,2025-04-17,3,80000.0,0.35,156000.0
7893,1094,106,Delhi,2025-06-26,4,80000.0,0.35,208000.0
7894,1929,103,Chennai,2025-04-18,3,1300.0,0.05,3705.0
7895,1093,102,Bangalore,2025-10-12,5,70000.0,0.25,262500.0
7896,1727,106,Mumbai,2026-01-01,5,80000.0,0.35,260000.0
7897,1791,101,Bangalore,2025-06-04,4,250000.0,0.05,950000.0
7898,1735,106,Bangalore,2025-11-08,4,80000.0,0.1,288000.0
7899,1979,102,Mumbai,2025-09-03,2,70000.0,0.15,119000.0
7900,1523,102,Hyderabad,2026-03-18,4,70000.0,0.4,168000.0
7901,1257,106,Mumbai,2026-04-09,4,80000.0,0.15,272000.0
7902,1419,105,Bangalore,2025-09-25,2,45000.0,0.35,58500.0
7903,1508,109,Delhi,2025-11-25,1,65000.0,0.2,52000.0
7904,1382,105,Chennai,2025-08-02,2,45000.0,0.15,76500.0
7905,1190,108,Hyderabad,2025-04-21,3,15000.0,0.35,29250.0
7906,1589,103,Mumbai,2026-01-05,4,1300.0,0.4,3120.0
7907,1337,110,Chennai,2026-01-15,4,45000.0,0.05,171000.0
7909,1594,104,Mumbai,2026-02-07,3,8000.0,0.15,20400.0
7910,1440,104,Delhi,2026-03-25,2,8000.0,0.2,12800.0
7911,1011,105,Mumbai,2025-09-25,4,45000.0,0.2,144000.0
7912,1190,104,Hyderabad,2025-08-29,3,8000.0,0.3,16800.0
7913,1189,104,Bangalore,2025-12-05,1,8000.0,0.4,4800.0
7914,1489,104,Hyderabad,2025-04-26,2,8000.0,0.3,11200.0
7915,1781,107,Bangalore,2025-09-07,3,50000.0,0.35,97500.0
7916,1361,107,Bangalore,2025-11-05,4,50000.0,0.15,170000.0
7917,1295,110,Mumbai,2026-04-11,2,45000.0,0.1,81000.0
7918,1033,108,Mumbai,2025-06-13,3,15000.0,0.25,33750.0
7919,1165,102,Delhi,2025-10-07,4,70000.0,0.05,266000.0
7920,1251,102,Mumbai,2025-09-19,4,70000.0,0.1,252000.0
7921,1896,110,Chennai,2025-05-09,1,45000.0,0.25,33750.0
7922,1976,101,Hyderabad,2026-03-21,4,250000.0,0.05,950000.0
7923,1563,102,Hyderabad,2025-12-16,3,70000.0,0.3,147000.0
7924,1173,110,Bangalore,2025-08-27,1,45000.0,0.4,27000.0
7925,1503,105,Chennai,2025-03-12,1,45000.0,0.05,42750.0
7926,1802,107,Mumbai,2025-12-06,3,50000.0,0.4,90000.0
7927,1657,108,Bangalore,2026-01-30,1,15000.0,0.05,14250.0
7928,1634,104,Mumbai,2025-12-30,1,8000.0,0.25,6000.0
7929,1360,110,Delhi,2026-02-26,1,45000.0,0.4,27000.0
7930,1299,101,Chennai,2025-08-12,1,250000.0,0.05,237500.0
7931,1394,107,Delhi,2026-01-15,5,50000.0,0.25,187500.0
7932,1946,105,Chennai,2026-02-17,3,45000.0,0.25,101250.0
7933,1131,101,Chennai,2026-02-11,3,250000.0,0.35,487500.0
7934,1947,102,Chennai,2025-05-01,2,70000.0,0.05,133000.0
7935,1469,106,Mumbai,2026-09-02,2,80000.0,0.2,128000.0
7936,1087,103,Mumbai,2025-11-17,4,1300.0,0.4,3120.0
7937,1617,106,Delhi,2025-11-15,4,80000.0,0.15,272000.0
7938,1170,107,Bangalore,2026-12-03,4,50000.0,0.3,140000.0
7939,1341,103,Mumbai,2026-03-17,2,1300.0,0.35,1690.0
7940,1992,105,Bangalore,2025-08-29,2,45000.0,0.15,76500.0
7941,1825,102,Delhi,2025-05-14,5,70000.0,0.35,227500.0
7942,1886,102,Bangalore,2025-11-20,2,70000.0,0.25,105000.0
7943,1168,106,Mumbai,2026-04-10,5,80000.0,0.1,360000.0
7945,1197,110,Bangalore,2025-07-21,2,45000.0,0.4,54000.0
7946,1452,110,Chennai,2025-08-02,4,45000.0,0.05,171000.0
7947,1811,106,Hyderabad,2025-04-25,4,80000.0,0.1,288000.0
7948,1119,104,Hyderabad,2025-09-10,4,8000.0,0.2,25600.0
7949,1365,109,Delhi,2025-09-22,5,65000.0,0.3,227500.0
7950,1320,102,Chennai,2025-07-26,4,70000.0,0.35,182000.0
7952,1775,104,Mumbai,2025-09-14,3,8000.0,0.3,16800.0
7953,1407,110,Bangalore,2025-12-26,3,45000.0,0.4,81000.0
7954,1334,107,Delhi,2025-10-14,2,50000.0,0.4,60000.0
7955,1415,109,Mumbai,2025-06-16,1,65000.0,0.35,42250.0
7956,1978,106,Mumbai,2025-07-26,4,80000.0,0.1,288000.0
7957,1865,107,Bangalore,2026-03-05,1,50000.0,0.25,37500.0
7958,1695,110,Hyderabad,2025-08-10,3,45000.0,0.2,108000.0
7959,1677,107,Delhi,2026-01-27,4,50000.0,0.15,170000.0
7960,1309,106,Hyderabad,2026-02-04,3,80000.0,0.1,216000.0
7961,1773,110,Chennai,2025-09-05,2,45000.0,0.35,58500.0
7962,1087,106,Mumbai,2025-09-24,2,80000.0,0.4,96000.0
7963,1965,101,Bangalore,2026-02-12,5,250000.0,0.05,1187500.0
7964,1672,104,Delhi,2025-07-14,2,8000.0,0.2,12800.0
7965,1478,107,Bangalore,2025-06-11,3,50000.0,0.1,135000.0
7966,1442,101,Bangalore,2026-04-16,5,250000.0,0.25,937500.0
7967,1241,109,Bangalore,2025-06-28,5,65000.0,0.05,308750.0
7968,1846,110,Delhi,2025-07-29,1,45000.0,0.35,29250.0
7969,1179,110,Chennai,2026-03-24,2,45000.0,0.25,67500.0
7970,1879,110,Hyderabad,2025-10-23,1,45000.0,0.35,29250.0
7971,1523,110,Hyderabad,2025-09-07,3,45000.0,0.1,121500.0
7972,1103,105,Mumbai,2026-03-13,4,45000.0,0.4,108000.0
7973,1764,102,Mumbai,2026-04-04,3,70000.0,0.25,157500.0
7974,1746,104,Chennai,2025-06-21,3,8000.0,0.25,18000.0
7975,1743,105,Hyderabad,2025-11-19,3,45000.0,0.15,114750.0
7976,1525,110,Bangalore,2025-07-30,4,45000.0,0.25,135000.0
7977,1234,110,Mumbai,2025-12-15,5,45000.0,0.2,180000.0
7978,1529,106,Delhi,2025-07-22,5,80000.0,0.3,280000.0
7979,1513,103,Hyderabad,2026-02-20,2,1300.0,0.35,1690.0
7980,1055,110,Delhi,2026-04-14,5,45000.0,0.3,157500.0
7981,1706,110,Delhi,2025-05-08,2,45000.0,0.25,67500.0
7982,1530,109,Hyderabad,2026-03-03,5,65000.0,0.15,276250.0
7983,1207,103,Hyderabad,2025-08-16,4,1300.0,0.05,4940.0
7984,1335,108,Delhi,2025-11-28,5,15000.0,0.35,48750.0
7985,1925,105,Mumbai,2025-08-07,2,45000.0,0.4,54000.0
7986,1712,105,Chennai,2025-09-25,2,45000.0,0.05,85500.0
7987,1531,101,Bangalore,2026-06-03,4,250000.0,0.3,700000.0
7988,1393,107,Mumbai,2026-03-20,1,50000.0,0.3,35000.0
7989,1838,106,Mumbai,2026-01-20,4,80000.0,0.35,208000.0
7990,1400,106,Hyderabad,2025-04-16,4,80000.0,0.15,272000.0
7991,1059,107,Hyderabad,2026-01-15,5,50000.0,0.05,237500.0
7992,1634,109,Mumbai,2025-03-09,3,65000.0,0.05,185250.0
7993,1461,108,Delhi,2025-05-12,4,15000.0,0.2,48000.0
7994,1816,106,Mumbai,2025-12-18,4,80000.0,0.35,208000.0
7995,1318,101,Delhi,2025-06-16,3,250000.0,0.1,675000.0
7996,1377,104,Delhi,2025-05-22,1,8000.0,0.3,5600.0
7997,1338,107,Chennai,2025-07-07,4,50000.0,0.05,190000.0
7998,1495,107,Mumbai,2026-12-03,3,50000.0,0.15,127500.0
7999,1363,102,Mumbai,2025-07-21,3,70000.0,0.3,147000.0
8000,1650,110,Delhi,2025-02-06,4,45000.0,0.2,144000.0
